StudentID,Arkonian Warfare Tactics,ExoGenetics Evolution,Transdimensional Navigation,Warp Field Theory,Dark Matter Biophysics,Zarnithian Philosophy,Drakthon Linguistics,Xynthium Material Sciences,Hyperspace Topology,Helio-Bio Interface,Luminarian Art Theory,Stellar Cartography,Chrono-Kinetics,Technotronic Linguistic Fusion,Cybernetic Ethics,Nebulon Astrophysics,Quasar Dynamics,Glacial Holo-Architecture,Aether Resonance,Gravix Planetary Studies,Vortex Quantum Mechanics,Holo-Temporal Engineering,Psi-Energy Manipulation,Plasmawave Analysis,Neutronia Metallurgy,Syntho-Chemical Engineering,Sublight Propulsion Systems,Krythos Biomechanics,Flux Capacitor Management,Xyloprax Computation,Yridium Power Systems,Quantum Neuro-Hacking,Zyglon Neurology
210333,8,8,9,8,9,8.0,7.0,9,9,9,7,9,8,9,8,8.0,8.0,8,8,9,8.0,8.0,9,10,9,8,9,8.0,9,8.0,8,8,9
210124,6,6,7,6,7,7.0,6.0,7,6,7,5,7,6,4,6,5.0,6.0,6,6,7,7.0,7.0,7,8,7,6,7,8.0,7,6.0,6,6,7
211219,8,8,9,8,9,8.0,7.0,9,11,9,7,9,8,10,8,9.0,6.0,8,8,9,10.0,10.0,9,10,9,8,9,9.0,9,10.0,8,8,9
211210,8,8,9,8,9,9.0,8.0,9,10,9,7,9,8,9,8,8.0,8.0,8,8,9,8.0,9.0,9,10,9,8,9,8.0,9,8.0,8,8,9
210129,7,7,8,7,8,7.0,8.0,8,7,8,6,8,7,7,7,7.0,8.0,7,7,8,7.0,7.0,8,9,8,7,8,6.0,8,7.0,7,7,8
211803,4.0,6.0,7,6.0,7,6.0,6.0,7,5,6.0,4.0,7,5.0,5,6,6.0,6.0,6,6,6.0,6.0,6.0,7,7.0,7,6.0,7,6.0,8.0,7.0,6.0,5,7
212055,6.0,8.0,7,6.0,7,7.0,6.0,7,6,7.0,5.0,7,5.0,6,6,7.0,7.0,6,6,6.0,6.0,7.0,7,8.0,7,6.0,7,6.0,7.0,6.0,5.0,4,7
211974,7.0,7.0,8,7.0,8,8.0,8.0,8,7,8.0,5.0,8,5.0,7,7,7.0,7.0,7,7,8.0,7.0,7.0,8,10.0,8,6.0,8,7.0,7.0,7.0,6.0,6,8
211831,6.0,6.0,8,8.0,8,7.0,8.0,8,8,7.0,7.0,8,6.0,7,7,7.0,8.0,7,7,7.0,8.0,8.0,8,8.0,8,7.0,8,6.0,9.0,9.0,7.0,7,8
211603,6.0,6.0,7,6.0,7,6.0,6.0,7,7,8.0,6.0,7,7.0,5,6,6.0,4.0,6,6,8.0,9.0,8.0,7,7.0,7,8.0,7,7.0,7.0,8.0,6.0,5,7
212488,8.0,9.0,9,8.0,9,9.0,7.0,9,11,10.0,8.0,9,8.0,8,8,7.0,7.0,8,8,9.0,9.0,10.0,9,8.0,9,10.0,9,9.0,9.0,8.0,9.0,10,9
211229,8,8,9,8,9,8.0,8.0,9,10,9,7,9,8,9,8,8.0,8.0,8,8,9,8.0,9.0,9,10,9,8,9,8.0,9,8.0,8,8,9
211060,6,6,7,6,7,7.0,7.0,7,5,7,5,7,6,6,6,7.0,7.0,6,6,7,7.0,6.0,7,8,7,6,7,6.0,7,6.0,6,6,7
211830,7.0,7.0,7,8.0,7,7.0,8.0,7,5,7.0,4.0,7,5.0,5,6,6.0,8.0,6,6,7.0,6.0,6.0,7,8.0,7,5.0,7,6.0,8.0,6.0,5.0,4,7
211826,8.0,8.0,9,8.0,9,9.0,8.0,9,9,7.0,6.0,9,7.0,10,8,9.0,8.0,8,8,8.0,10.0,8.0,9,10.0,9,6.0,9,8.0,9.0,8.0,7.0,8,9
211820,5.0,7.0,7,7.0,7,7.0,6.0,7,6,8.0,5.0,7,6.0,6,6,7.0,6.0,6,6,7.0,6.0,7.0,7,7.0,7,6.0,7,6.0,7.0,6.0,6.0,5,7
211133,8,8,9,8,9,9.0,8.0,9,10,9,7,9,8,10,8,9.0,9.0,8,8,9,8.0,9.0,9,10,9,8,9,7.0,9,10.0,8,8,9
210465,8,8,9,8,9,7.0,10.0,9,9,9,7,9,8,11,8,10.0,9.0,8,8,9,8.0,8.0,9,10,9,8,9,8.0,9,9.0,8,8,9
210962,8,8,9,8,9,8.0,6.0,9,11,9,7,9,8,9,8,8.0,7.0,8,8,9,10.0,10.0,9,10,9,8,9,8.0,9,9.0,8,8,9
212506,6.0,7.0,8,7.0,8,8.0,7.0,8,8,7.0,6.0,8,6.0,7,7,7.0,7.0,7,7,7.0,8.0,8.0,8,10.0,8,9.0,8,7.0,9.0,8.0,6.0,6,8
212038,6.0,7.0,7,5.0,7,7.0,6.0,7,6,7.0,5.0,7,5.0,3,6,4.0,5.0,6,6,7.0,6.0,7.0,7,7.0,7,7.0,7,7.0,7.0,5.0,6.0,5,7
212868,5.0,7.0,8,7.0,8,9.0,7.0,8,7,7.0,6.0,8,6.0,7,7,7.0,8.0,7,7.0,7.0,7.0,7.0,7.0,8.0,8,7.0,8,6.0,9.0,7.0,8.0,8,7.0
210831,7,7,8,7,8,7.0,7.0,8,9,8,6,8,7,8,7,8.0,5.0,7,7,8,8.0,9.0,8,9,8,7,8,8.0,8,9.0,7,7,8
211230,6,6,7,6,7,7.0,6.0,7,7,7,5,7,6,5,6,6.0,5.0,6,6,7,8.0,8.0,7,8,7,6,7,6.0,7,7.0,6,6,7
212093,6.0,6.0,7,6.0,7,6.0,7.0,7,5,6.0,6.0,7,4.0,7,6,8.0,7.0,6,6,6.0,6.0,6.0,7,8.0,7,6.0,7,6.0,7.0,8.0,6.0,5,7
212640,7.0,7.0,9.0,9.0,10.0,9.0,8.0,10.0,10,7.0,7.0,9.0,8.0,9,9.0,8.0,8.0,8.0,9.0,8.0,9.0,9.0,8.0,9.0,8.0,9.0,8.0,8.0,9.0,10.0,8.0,9,10.0
210311,7,7,8,7,8,8.0,6.0,8,7,8,6,8,7,7,7,7.0,6.0,7,7,8,7.0,7.0,8,9,8,7,8,7.0,8,7.0,7,7,8
211262,7,7,8,7,8,7.0,8.0,8,7,8,6,8,7,7,7,7.0,8.0,7,7,8,6.0,7.0,8,9,8,7,8,8.0,8,6.0,7,7,8
212156,8.0,7.0,8,8.0,8,9.0,7.0,8,9,8.0,7.0,8,7.0,8,7,8.0,8.0,7,7,7.0,8.0,9.0,8,10.0,8,7.0,8,7.0,9.0,7.0,8.0,8,8
210547,8,8,9,8,9,9.0,7.0,9,11,9,7,9,8,9,8,8.0,8.0,8,8,9,9.0,10.0,9,10,9,8,9,9.0,9,9.0,8,8,9
210748,8,8,9,8,9,9.0,9.0,9,9,9,7,9,8,9,8,8.0,9.0,8,8,9,8.0,8.0,9,10,9,8,9,8.0,9,8.0,8,8,9
210693,6,6,7,6,7,6.0,6.0,7,6,7,5,7,6,6,6,7.0,5.0,6,6,7,6.0,7.0,7,8,7,6,7,6.0,7,5.0,6,6,7
210714,6,6,7,6,7,6.0,6.0,7,6,7,5,7,6,6,6,7.0,6.0,6,6,7,8.0,7.0,7,8,7,6,7,6.0,7,8.0,6,6,7
210774,6,6,7,6,7,6.0,6.0,7,6,7,5,7,6,4,6,5.0,6.0,6,6,7,7.0,7.0,7,8,7,6,7,6.0,7,7.0,6,6,7
211708,6.0,6.0,7,6.0,7,6.0,6.0,7,6,6.0,6.0,7,6.0,4,6,5.0,6.0,6,6,7.0,8.0,7.0,7,8.0,7,6.0,7,7.0,6.0,7.0,6.0,5,7
210646,6,6,7,6,7,6.0,6.0,7,7,7,5,7,6,5,6,6.0,6.0,6,6,7,7.0,8.0,7,8,7,6,7,7.0,7,7.0,6,6,7
212998,7.0,6.0,10.0,8.0,9,8.0,7.0,10.0,10,8.0,7.0,8.0,7.0,9,8.0,8.0,7.0,8.0,8.0,9.0,8.0,9.0,7.0,10.0,7.0,8.0,8.0,8.0,8.0,8.0,8.0,9,7.0
212170,8.0,8.0,8,7.0,8,7.0,7.0,8,8,7.0,7.0,8,6.0,8,7,8.0,7.0,7,7,8.0,8.0,8.0,8,9.0,8,6.0,8,8.0,7.0,7.0,6.0,6,8
212556,8.0,8.0,9.0,8.0,9.0,9.0,7.0,9,11,7.0,7.0,9.0,6.0,9,7.0,8.0,7.0,8.0,8.0,7.0,10.0,10.0,8.0,10.0,8.0,6.0,9.0,8.0,8.0,7.0,7.0,8,8.0
210187,6,6,7,6,7,7.0,8.0,7,5,7,5,7,6,5,6,6.0,6.0,6,6,7,6.0,6.0,7,8,7,6,7,6.0,7,6.0,6,6,7
211452,6,6,7,6,7,6.0,5.0,7,6,7,5,7,6,5,6,6.0,6.0,6,6,7,7.0,7.0,7,8,7,6,7,5.0,7,8.0,6,6,7
212470,6.0,6.0,8,7.0,8,7.0,8.0,8,8,7.0,7.0,8,7.0,8,7,8.0,8.0,7,7,8.0,8.0,8.0,8,9.0,8,7.0,8,7.0,9.0,9.0,6.0,6,8
212903,8.0,8.0,8.0,8.0,7.0,9.0,7.0,9.0,9,9.0,7.0,9.0,7.0,7,6.0,7.0,7.0,7.0,7.0,7.0,9.0,9.0,8.0,10.0,8.0,8.0,7.0,8.0,8.0,7.0,7.0,7,6.0
212947,6.0,4.0,7,6.0,7,6.0,6.0,7,7,7.0,6.0,7,6.0,5,6,6.0,4.0,6,7.0,7.0,9.0,8.0,7,8.0,7,7.0,7,7.0,7.0,7.0,7.0,6,6.0
213339,7.0,7.0,7.0,8.0,7.0,7.0,7.0,7.0,8,8.0,7.0,9.0,9.0,7,7.0,7.0,8.0,7.0,8.0,9.0,7.0,8.0,8.0,9.0,8.0,9.0,7.0,7.0,10.0,8.0,7.0,7,8.0
212307,7.0,8.0,7,7.0,7,7.0,7.0,7,7,8.0,5.0,7,5.0,5,6,6.0,7.0,6,6,8.0,7.0,8.0,7,8.0,7,7.0,7,7.0,7.0,6.0,5.0,4,7
210308,7,7,8,7,8,7.0,7.0,8,6,8,6,8,7,8,7,8.0,7.0,7,7,8,7.0,6.0,8,9,8,7,8,6.0,8,8.0,7,7,8
210258,8,8,9,8,9,9.0,7.0,9,10,9,7,9,8,8,8,7.0,8.0,8,8,9,9,9.0,9,10,9,8,9,9.0,9,7.0,8,8,9
210582,6,6,7,6,7,6.0,6.0,7,7,7,5,7,6,6,6,7.0,6.0,6,6,7,7.0,8.0,7,8,7,6,7,5.0,7,7.0,6,6,7
212780,7.0,7.0,8.0,7.0,10.0,9.0,7.0,9,11,9.0,8.0,9.0,9.0,9,7.0,8.0,7.0,7.0,8.0,9.0,10.0,10.0,8.0,10.0,7.0,9.0,8.0,8.0,8.0,8.0,8.0,9,8.0
211734,8.0,7.0,7,7.0,7,7.0,7.0,7,6,6.0,6.0,7,4.0,5,6,6.0,8.0,6,6,6.0,7.0,7.0,7,8.0,7,5.0,7,6.0,8.0,7.0,6.0,5,7
211291,7,7,8,7,8,7.0,8.0,8,8,8,6,8,7,8,7,8.0,8.0,7,7,8,8.0,8.0,8,9,8,7,8,6.0,8,9.0,7,7,8
212518,8.0,9.0,8.0,9.0,8.0,9.0,7.0,8.0,9,9.0,7.0,8.0,7.0,7,6.0,6.0,8.0,8.0,7.0,8.0,9.0,8.0,8.0,10.0,8.0,8.0,7.0,8.0,9.0,8.0,7.0,8,9.0
210135,8,8,9,8,9,9.0,8.0,9,9,9,7,9,8,8,8,7.0,8.0,8,8,9,9.0,8.0,9,10,9,8,9,7.0,9,8.0,8,8,9
210824,8,8,9,8,9,8.0,8.0,9,10,9,7,9,8,10,8,9.0,8.0,8,8,9,9.0,9.0,9,10,9,8,9,7.0,9,9.0,8,8,9
210328,6,6,7,6,7,6.0,6.0,7,6,7,5,7,6,5,6,6.0,6.0,6,6,7,7.0,7.0,7,8,7,6,7,6.0,7,6.0,6,6,7
210318,8,8,9,8,9,8.0,8.0,9,10,9,7,9,8,8,8,7.0,8.0,8,8,9,10.0,9.0,9,10,9,8,9,7.0,9,9.0,8,8,9
210763,7,7,8,7,8,8.0,6.0,8,9,8,6,8,7,6,7,6.0,6.0,7,7,8,9.0,9.0,8,9,8,7,8,7.0,8,8.0,7,7,8
211909,7.0,8.0,8,8.0,8,7.0,8.0,8,7,9.0,6.0,8,6.0,9,7,9.0,8.0,7,7,8.0,7.0,7.0,8,9.0,8,7.0,8,7.0,9.0,8.0,6.0,6,8
211593,7.0,8.0,9,9.0,9,10.0,9.0,9,9,9.0,6.0,9,7.0,10,8,9.0,9.0,8,8,9.0,9.0,8.0,9,10.0,9,8.0,9,7.0,10.0,8.0,8.0,9,9
210170,7,7,8,7,8,7.0,7.0,8,8,8,6,8,7,7,7,7.0,6.0,7,7,8,8.0,8.0,8,9,8,7,8,7.0,8,7.0,7,7,8
212155,6.0,6.0,7,5.0,7,6.0,6.0,7,7,7.0,6.0,7,7.0,6,6,7.0,6.0,6,6,7.0,8.0,8.0,7,8.0,7,7.0,7,7.0,7.0,7.0,6.0,5,7
212257,6.0,6.0,7,6.0,7,7.0,7.0,7,5,6.0,4.0,7,5.0,6,6,7.0,7.0,6,6,6.0,6.0,6.0,7,8.0,7,6.0,7,6.0,8.0,7.0,5.0,4,7
212634,6.0,7.0,6.0,6.0,8.0,6.0,6.0,6.0,6,8.0,6.0,7.0,6.0,6,6.0,7.0,7.0,6.0,7.0,7.0,6.0,7.0,8.0,7.0,7.0,7.0,6.0,6.0,8.0,7.0,7.0,6,7.0
212805,6.0,6.0,8,7.0,8.0,7.0,7.0,7.0,7,5.0,6.0,5.0,6.0,8,8.0,8.0,7.0,7.0,7.0,6.0,9.0,7.0,6.0,8.0,6.0,6.0,7.0,7.0,8.0,9.0,7.0,7,8.0
210586,8,8,9,8,9,8.0,7.0,9,10,9,7,9,8,10,8,9.0,7.0,8,8,9,9.0,9.0,9,10,9,8,9,8.0,9,9.0,8,8,9
211920,7.0,9.0,9,8.0,9,8.0,9.0,9,9,8.0,6.0,9,7.0,11,8,10.0,9.0,8,8,9.0,9.0,8.0,9,10.0,9,8.0,9,7.0,10.0,8.0,6.0,7,9
210946,7,7,8,7,8,8.0,8.0,8,8,8,6,8,7,7,7,7.0,7.0,7,7,8,8.0,8.0,8,9,8,7,8,8.0,8,8.0,7,7,8
210361,6,6,7,6,7,6.0,6.0,7,5,7,5,7,6,5,6,6.0,6.0,6,6,7,7.0,6.0,7,8,7,6,7,5.0,7,7.0,6,6,7
210244,6,6,7,6,7,6.0,6.0,7,7,7,5,7,6,6,6,7.0,7.0,6,6,7,7.0,8.0,7,8,7,6,7,7.0,7,6.0,6,6,7
212787,6.0,6.0,7.0,6.0,7.0,6.0,6.0,8.0,6,6.0,6.0,6.0,7.0,5,6.0,6.0,6.0,6.0,6.0,7.0,7.0,7.0,6.0,7.0,6.0,7.0,5.0,6.0,7.0,7.0,6.0,5,7.0
210951,6,6,7,6,7,6.0,6.0,7,8,7,5,7,6,4,6,5.0,4.0,6,6,7,8.0,9.0,7,8,7,6,7,7.0,7,8.0,6,6,7
213061,6.0,7.0,5.0,7.0,6.0,7.0,6.0,6.0,6,6.0,5.0,6.0,6.0,6,4.0,7.0,6.0,5.0,6.0,6.0,7.0,7.0,7.0,8.0,6.0,6.0,5.0,6.0,7.0,6.0,6.0,5,7
212146,7.0,7.0,8,6.0,8,7.0,6.0,8,9,7.0,5.0,8,6.0,8,7,8.0,7.0,7,7,7.0,8.0,9.0,8,8.0,8,7.0,8,7.0,7.0,9.0,8.0,8,8
212431,7.0,8.0,8,8.0,8,7.0,7.0,8,9,8.0,5.0,8,7.0,7,7,7.0,7.0,7,7,9.0,8.0,9.0,8,9.0,8,7.0,8,8.0,8.0,8.0,7.0,7,8
211908,7.0,7.0,8,7.0,8,7.0,7.0,8,9,8.0,7.0,8,8.0,8,7,8.0,6.0,7,7,9.0,8.0,9.0,8,8.0,8,8.0,8,7.0,7.0,8.0,7.0,7,8
212374,6.0,7.0,7,7.0,7,6.0,6.0,7,7,7.0,5.0,7,5.0,6,6,7.0,6.0,6,6,6.0,6.0,8.0,7,8.0,7,7.0,7,6.0,6.0,6.0,5.0,4,7
211046,8,8,9,8,9,10.0,9.0,9,10,9,7,9,8,8,8,7.0,8.0,8,8,9,8.0,9.0,9,10,9,8,9,7.0,9,7.0,8,8,9
211903,5.0,7.0,7,7.0,7,6.0,7.0,7,5,6.0,4.0,7,4.0,5,6,6.0,7.0,6,6,6.0,6.0,6.0,7,8.0,7,5.0,7,6.0,7.0,6.0,5.0,4,7
213317,9.0,9.0,9.0,7.0,9.0,9.0,8.0,10.0,9,9.0,7.0,8.0,6.0,10,8.0,9.0,9.0,8.0,7.0,7.0,8.0,8.0,7.0,10.0,8.0,6.0,9.0,8.0,9.0,8.0,7.0,8,9.0
210797,7,7,8,7,8,8.0,6.0,8,8,8,6,8,7,7,7,7.0,5.0,7,7,8,9.0,8.0,8,9,8,7,8,7.0,8,8.0,7,7,8
211119,8,8,9,8,9,9.0,8.0,9,10,9,7,9,8,9,8,8.0,8.0,8,8,9,10.0,9.0,9,10,9,8,9,9.0,9,8.0,8,8,9
210448,7,7,8,7,8,8.0,8.0,8,8,8,6,8,7,8,7,8.0,9.0,7,7,8,6.0,8.0,8,9,8,7,8,6.0,8,7.0,7,7,8
211677,7.0,6.0,8,7.0,8,8.0,6.0,8,8,6.0,6.0,8,6.0,8,7,8.0,8.0,7,7,6.0,8.0,8.0,8,9.0,8,6.0,8,6.0,8.0,7.0,6.0,6,8
210496,7,7,8,7,8,8.0,7.0,8,8,8,6,8,7,7,7,7.0,7.0,7,7,8,8.0,8.0,8,9,8,7,8,6.0,8,7.0,7,7,8
211514,7,7,8,7,8,8.0,7.0,8,7,8,6,8,7,7,7,7.0,8.0,7,7,8,6.0,7.0,8,9,8,7,8,6.0,8,6.0,7,7,8
211687,7.0,8.0,9,8,9,8.0,8.0,9,9,7.0,7.0,9,9.0,8,8,7.0,8.0,8,8,10.0,9.0,8.0,9,9.0,9,10.0,9,8.0,10.0,9.0,8.0,9,9
212169,7.0,8.0,9,7.0,9,8.0,8.0,9,9,7.0,7.0,9,7.0,10,8,9.0,8.0,8,8,8.0,9.0,8.0,9,9.0,9,7.0,9,7.0,9.0,9.0,8.0,9,9
210410,6,6,7,6,7,6.0,6.0,7,6,7,5,7,6,5,6,6.0,4.0,6,6,7,7.0,7.0,7,8,7,6,7,6.0,7,8.0,6,6,7
212302,6.0,6.0,7,8.0,7,7.0,6.0,7,6,6.0,7.0,7,6.0,6,6,7.0,8.0,6,6,6.0,7.0,7.0,7,7.0,7,5.0,7,6.0,9.0,8.0,8.0,7,7
213068,7.0,8.0,7.0,8.0,7.0,8.0,7.0,6.0,7,7.0,8.0,6.0,7.0,8,8.0,8.0,10.0,7.0,8.0,8.0,8.0,7.0,8.0,8.0,6.0,8.0,6.0,7.0,9.0,9.0,8.0,8,9.0
211386,6,6,7,6,7,6.0,6.0,7,5,7,5,7,6,6,6,7.0,6.0,6,6,7,6.0,6.0,7,8,7,6,7,5.0,7,7.0,6,6,7
213058,6.0,7.0,6.0,8.0,8.0,7.0,7.0,8.0,7,7.0,6.0,7.0,6.0,8,8.0,8.0,8.0,8.0,8.0,7.0,8.0,7.0,7.0,8.0,7.0,7.0,7.0,7.0,8.0,7.0,6.0,6,9.0
211509,6,6,7,6,7,7.0,5.0,7,6,7,5,7,6,4,6,5.0,5.0,6,6,7,6.0,7.0,7,8,7,6,7,6.0,7,7.0,6,6,7
212625,8.0,8.0,8.0,8.0,9.0,9.0,7.0,9.0,11,8.0,7.0,9.0,8.0,8,7.0,7.0,7.0,7.0,8.0,8.0,9.0,10.0,9.0,10.0,7.0,8.0,9.0,8.0,8.0,8.0,9.0,10,8.0
210715,7,7,8,7,8,7.0,7.0,8,8,8,6,8,7,6,7,6.0,6.0,7,7,8,9.0,8.0,8,9,8,7,8,8.0,8,7.0,7,7,8
211308,9,9,10,9,10,8.0,9.0,10,11,10,8,10,9,11,9,9.0,9.0,9,9,10,10.0,9.0,10,11,10,9,10,9.0,10,9.0,9,9,10
211266,9,9,10,9,10,9.0,9.0,10,11,10,8,10,9,12,9,10.0,9.0,9,9,10,8.0,9.0,10,11,10,9,10,8.0,10,9.0,9,9,10
213323,6.0,6.0,7.0,6.0,7.0,6.0,6.0,8.0,7,6.0,6.0,7.0,6.0,6,6.0,7.0,6.0,6.0,6.0,6.0,8.0,8.0,6.0,7.0,5.0,6.0,6.0,7.0,6.0,7.0,7.0,6,7.0
212994,7.0,8.0,7.0,7.0,6.0,8.0,8.0,7.0,7,8.0,6.0,8.0,6.0,6,4.0,6.0,8.0,7.0,8.0,7.0,7.0,7.0,8.0,9.0,7.0,7.0,7.0,7.0,8.0,6.0,7.0,7,7.0
212711,4.0,7.0,7,6.0,7,7.0,6.0,7,7,8.0,6.0,7,7.0,3,6,4.0,5.0,6,7.0,8.0,8.0,8.0,9.0,6.0,7,8.0,7,6.0,8.0,7.0,7.0,6,6.0
211253,6,6,7,6,7,7.0,5.0,7,5,7,5,7,6,5,6,6.0,6.0,6,6,7,6.0,6.0,7,8,7,6,7,6.0,7,7.0,6,6,7
211292,8,8,9,8,9,8.0,8.0,9,10,9,7,9,8,11,8,10.0,8.0,8,8,9,9.0,9.0,9,10,9,8,9,9.0,9,9.0,8,8,9
210474,8,8,9,8,9,9.0,8.0,9,11,9,7,9,8,8,8,7.0,6.0,8,8,9,9.0,10.0,9,10,9,8,9,8.0,9,8.0,8,8,9
212652,6.0,7.0,8.0,7.0,8.0,8.0,7.0,7.0,7,7.0,6.0,6.0,6.0,7,7.0,7.0,9.0,8.0,6.0,7.0,7.0,7.0,6.0,9.0,7.0,6.0,7.0,6.0,8.0,7.0,7.0,7,8.0
212587,9.0,8.0,10.0,9.0,9.0,9.0,9.0,10.0,10,10.0,7.0,9.0,8.0,10,8.0,9.0,9.0,9.0,8.0,9.0,9.0,9.0,8.0,10.0,9.0,9.0,9.0,7.0,9.0,9.0,8.0,9,10.0
213217,5.0,6.0,7,7.0,7,7.0,6.0,7,6,7.0,6.0,7,7.0,5,6,6.0,6.0,6,7.0,7.0,6.0,7.0,8.0,8.0,7,7.0,7,7.0,8.0,6.0,6.0,5,6.0
212176,8.0,8.0,8,8.0,8,7.0,7.0,8,8,9.0,6.0,8,7.0,7,7,7.0,7.0,7,7,9.0,8.0,8.0,8,10.0,8,8.0,8,7.0,7.0,7.0,7.0,7,8
212066,7.0,6.0,7,6.0,7,6.0,7.0,7,5,6.0,4.0,7,3.0,7,6,8.0,7.0,6,6,7,8.0,6.0,7,8.0,7,3.0,7,5.0,7.0,6.0,6,6,7
211020,7,7,8,7,8,6.0,5.0,8,8,8,6,8,7,7,7,7.0,6.0,7,7,8,9.0,8.0,8,9,8,7,8,6.0,8,8.0,7,7,8
210384,8,8,9,8,9,9.0,9.0,9,9,9,7,9,8,9,8,8.0,7.0,8,8,9,7.0,8.0,9,10,9,8,9,8.0,9,7.0,8,8,9
210745,8,8,9,8,9,10.0,9.0,9,8,9,7,9,8,11,8,10.0,9.0,8,8,9,8.0,7.0,9,10,9,8,9,8.0,9,9.0,8,8,9
211899,8.0,9.0,9,8.0,9,8.0,8.0,9,10,9.0,7.0,9,9.0,9,8,8.0,7.0,8,8,9.0,10.0,9.0,9,10.0,9,9.0,9,9.0,9.0,9.0,8.0,9,9
213111,7.0,9.0,9.0,7.0,10.0,8.0,7.0,10.0,11,8.0,7.0,8.0,8.0,9,8.0,8.0,7.0,7.0,7.0,9.0,10.0,10.0,9.0,10.0,7.0,9.0,9.0,9.0,8.0,9.0,8.0,9,8.0
212852,8.0,8.0,8.0,8.0,9.0,9.0,9.0,9.0,9,8.0,7.0,7.0,4.0,8,8.0,8.0,8.0,8.0,7.0,7.0,8.0,9.0,7.0,10.0,8.0,6.0,8.0,7.0,8.0,8.0,7.0,7,8.0
212020,4.0,5.0,7,6.0,7,7.0,6.0,7,5,5.0,5.0,7,5.0,5,6,6.0,6.0,6,6,7,8.0,6.0,7,6.0,7,6.0,7,5.0,8.0,7.0,6,6,7
212602,7.0,7.0,7.0,6.0,7.0,6.0,8.0,10.0,5,8.0,5.0,6.0,7.0,7,5.0,8.0,8.0,8.0,6.0,7.0,7.0,6.0,7.0,8.0,7.0,6.0,6.0,6.0,6.0,6.0,6.0,5,7
210865,7,7,8,7,8,8.0,7.0,8,7,8,6,8,7,7,7,7.0,7.0,7,7,8,9.0,7.0,8,9,8,7,8,7.0,8,9.0,7,7,8
210201,7,7,8,7,8,7.0,7.0,8,8,8,6,8,7,7,7,7.0,7.0,7,7,8,8.0,8.0,8,9,8,7,8,7.0,8,6.0,7,7,8
212481,6.0,6.0,7,6.0,7,6.0,6.0,7,6,7.0,5.0,7,4.0,5,6,6.0,6.0,6,6,5.0,7.0,7.0,7,8.0,7,5.0,7,6.0,7.0,7.0,5.0,4,7
213102,7.0,6.0,8.0,8.0,9.0,7.0,7.0,9.0,7,6.0,6.0,7.0,6.0,8,8.0,8.0,7.0,8.0,7.0,7.0,7.0,7.0,6.0,9.0,7.0,6.0,8.0,6.0,8.0,9.0,6.0,6,9.0
210630,6,6,7,6,7,6.0,6.0,7,5,7,5,7,6,5,6,6.0,6.0,6,6,7,7.0,6.0,7,8,7,6,7,6.0,7,6.0,6,6,7
211502,7,7,8,7,8,7.0,6.0,8,10,8,6,8,7,7,7,7.0,6.0,7,7,8,8.0,10.0,8,9,8,7,8,9.0,8,8.0,7,7,8
212424,5.0,7.0,8,7.0,8,8.0,7.0,8,8,6.0,6.0,8,6.0,7,7,7.0,7.0,7,7,7.0,7.0,8.0,8,8.0,8,8.0,8,6.0,9.0,7.0,7.0,7,8
212618,6.0,6.0,7.0,6.0,7.0,7.0,6.0,7.0,6,6.0,6.0,7.0,7.0,5,4.0,6.0,6.0,6.0,6.0,8.0,7.0,7.0,8.0,7.0,7.0,8.0,6.0,6.0,7.0,6.0,6.0,5,7.0
211802,5.0,6.0,7,7.0,7,6.0,6.0,7,5,6.0,5.0,7,4.0,5,6,6.0,7.0,6,6,7,6.0,6.0,7,8.0,7,5.0,7,5.0,7.0,6.0,6,6,7
211770,6.0,7.0,8,7.0,8,7.0,6.0,8,9,8.0,6.0,8,8.0,6,7,6.0,6.0,7,7,10.0,8.0,9.0,8,9.0,8,10.0,8,8.0,7.0,7.0,8.0,8,8
213197,6.0,6.0,6.0,6.0,7.0,6.0,6.0,8.0,6,8.0,6.0,7.0,6.0,5,5.0,6.0,6.0,5.0,7.0,7.0,7.0,7.0,7.0,8.0,6.0,7.0,7.0,6.0,6.0,7.0,6.0,5,6.0
213075,6.0,8.0,8.0,8.0,7.0,8.0,8.0,9.0,11,9.0,8.0,8.0,8.0,8,7.0,7.0,8.0,7.0,9.0,9.0,9.0,10.0,9.0,9.0,8.0,9.0,7.0,7.0,10.0,8.0,8.0,9,9.0
211879,8.0,9.0,8,8.0,8,9.0,9.0,8,8,9.0,7.0,8,5.0,7,7,7.0,9.0,7,7,6.0,8.0,8.0,8,10.0,8,7.0,8,7.0,8.0,8.0,7.0,7,8
210860,7,7,8,7,8,7.0,6.0,8,8,8,6,8,7,7,7,7.0,6.0,7,7,8,9.0,8.0,8,9,8,7,8,6.0,8,9.0,7,7,8
211897,6.0,8.0,9,8.0,9,8.0,7.0,9,11,8.0,8.0,9,8.0,10,8,9.0,7.0,8,8,9.0,9.0,10.0,9,9.0,9,9.0,9,8.0,10.0,10.0,8.0,9,9
210117,6,6,7,6,7,7.0,8.0,7,5,7,5,7,6,6,6,7.0,7.0,6,6,7,5.0,6.0,7,8,7,6,7,7.0,7,6.0,6,6,7
213253,7.0,7.0,10.0,8.0,9.0,8.0,8.0,10.0,11,9.0,8.0,10.0,9.0,8,8.0,7.0,7.0,9.0,9.0,10.0,9.0,10.0,10.0,10.0,10.0,10.0,9.0,8.0,9.0,9.0,8.0,9,7.0
210757,6,6,7,6,7,7.0,5.0,7,7,7,5,7,6,5,6,6.0,6.0,6,6,7,7.0,8.0,7,8,7,6,7,7.0,7,7.0,6,6,7
211322,6,6,7,6,7,7.0,7.0,7,4,7,5,7,6,5,6,6.0,8.0,6,6,7,5.0,5.0,7,8,7,6,7,5.0,7,6.0,6,6,7
212857,7.0,8.0,8.0,8.0,9.0,9.0,9.0,9.0,9,7.0,7.0,7.0,7.0,10,9.0,9.0,9.0,9.0,8.0,9.0,9.0,8.0,8.0,10.0,8.0,9.0,9.0,8.0,10.0,8.0,7.0,8,10.0
210662,7,7,8,7,8,9.0,7.0,8,9,8,6,8,7,6,7,6.0,6.0,7,7,8,7.0,9.0,8,9,8,7,8,8.0,8,7.0,7,7,8
210043,8,8,9,8,9,8.0,8.0,9,11,9,7,9,8,9,8,8.0,8.0,8,8,9,9.0,10.0,9,10,9,8,9,10.0,9,9.0,8,8,9
210400,7,7,8,7,8,6.0,6.0,8,8,8,6,8,7,8,7,8.0,7.0,7,7,8,8.0,8.0,8,9,8,7,8,5.0,8,8.0,7,7,8
212311,6.0,7.0,8,7.0,8,8.0,6.0,8,7,7.0,7.0,8,6.0,7,7,7.0,7.0,7,7,6.0,8.0,7.0,8,8.0,8,6.0,8,7.0,8.0,7.0,7.0,7,8
210437,6,6,7,6,7,7.0,4.0,7,6,7,5,7,6,5,6,6.0,5.0,6,6,7,8.0,7.0,7,8,7,6,7,6.0,7,7.0,6,6,7
212102,5.0,8.0,7,6.0,7,7.0,6.0,7,5,8.0,5.0,7,5.0,6,6,7.0,6.0,6,6,6.0,7.0,6.0,7,8.0,7,7.0,7,7.0,7.0,7.0,6.0,5,7
210166,7,7,8,7,8,7.0,8.0,8,6,8,6,8,7,8,7,8.0,9.0,7,7,8,7.0,6.0,8,9,8,7,8,7.0,8,7.0,7,7,8
212010,7.0,7.0,8,7.0,8,8.0,7.0,8,9,8.0,6.0,8,7.0,8,7,8.0,6.0,7,7,8.0,8.0,9.0,8,9.0,8,8.0,8,7.0,8.0,8.0,8.0,8,8
210462,7,7,8,7,8,8.0,8.0,8,7,8,6,8,7,8,7,8.0,8.0,7,7,8,7.0,7.0,8,9,8,7,8,8.0,8,7.0,7,7,8
212696,7.0,8.0,6.0,7.0,8.0,8.0,9.0,9.0,7,9.0,6.0,8.0,7.0,8,6.0,8.0,8.0,7.0,7.0,9.0,7.0,7.0,9.0,9.0,8.0,9.0,8.0,7.0,9.0,7.0,6.0,6,8.0
213254,7.0,9.0,9.0,7.0,6.0,8.0,7.0,10.0,8,8.0,6.0,7.0,6.0,7,6.0,7.0,8.0,7.0,7.0,9.0,8.0,8.0,7.0,10.0,8.0,7.0,8.0,7.0,7.0,6.0,7.0,7,7.0
213107,9.0,9.0,9.0,9.0,10.0,9.0,10.0,10.0,10,10.0,8.0,9.0,8.0,12,8.0,10.0,8.0,10.0,7.0,9.0,10.0,8.0,9.0,10.0,10.0,8.0,8.0,9.0,9.0,9.0,7.0,9,10.0
211256,6,6,7,6,7,7.0,6.0,7,5,7,5,7,6,5,6,6.0,8.0,6,6,7,6.0,6.0,7,8,7,6,7,6.0,7,6.0,6,6,7
210325,8,8,9,8,9,8.0,8.0,9,10,9,7,9,8,9,8,8.0,8.0,8,8,9,9.0,9.0,9,10,9,8,9,8.0,9,9.0,8,8,9
210982,7,7,8,7,8,8.0,6.0,8,9,8,6,8,7,7,7,7.0,5.0,7,7,8,9.0,9.0,8,9,8,7,8,7.0,8,7.0,7,7,8
211165,7,7,8,7,8,7.0,7.0,8,7,8,6,8,7,7,7,7.0,7.0,7,7,8,7.0,7.0,8,9,8,7,8,7.0,8,7.0,7,7,8
211195,7,7,8,7,8,8.0,7.0,8,7,8,6,8,7,7,7,7.0,7.0,7,7,8,7.0,7.0,8,9,8,7,8,5.0,8,8.0,7,7,8
211275,7,7,8,7,8,7.0,8.0,8,6,8,6,8,7,8,7,8.0,8.0,7,7,8,7.0,6.0,8,9,8,7,8,6.0,8,7.0,7,7,8
210430,8,8,9,8,9,10.0,9.0,9,9,9,7,9,8,11,8,10.0,9.0,8,8,9,8.0,8.0,9,10,9,8,9,8.0,9,7.0,8,8,9
213030,7.0,9.0,8.0,7.0,8.0,9.0,8.0,9.0,11,8.0,6.0,8.0,8.0,8,7.0,7.0,7.0,7.0,8.0,9.0,10.0,10.0,10.0,9.0,8.0,9.0,8.0,8.0,10.0,8.0,8.0,9,8.0
211085,8,8,9,8,9,9.0,9.0,9,9,9,7,9,8,9,8,8.0,9.0,8,8,9,8.0,8.0,9,10,9,8,9,8.0,9,9.0,8,8,9
210670,8,8,9,8,9,8.0,8.0,9,11,9,7,9,8,9,8,8.0,7.0,8,8,9,10.0,10.0,9,10,9,8,9,8.0,9,10.0,8,8,9
212108,4.0,6.0,7,5.0,7,6.0,6.0,7,6,5.0,6.0,7,5.0,5,6,6.0,6.0,6,6,6.0,6.0,7.0,7,7.0,7,6.0,7,6.0,8.0,7.0,7.0,6,7
211310,6,6,7,6,7,6.0,6.0,7,7,7,5,7,6,6,6,7.0,5.0,6,6,7,8.0,8.0,7,8,7,6,7,7.0,7,7.0,6,6,7
211224,8,8,9,8,9,10.0,8.0,9,10,9,7,9,8,10,8,9.0,8.0,8,8,9,10.0,9.0,9,10,9,8,9,8.0,9,8.0,8,8,9
210038,8,8,9,8,9,8.0,9.0,9,10,9,7,9,8,10,8,9.0,8.0,8,8,9,10.0,9.0,9,10,9,8,9,8.0,9,9.0,8,8,9
212963,7.0,8.0,9.0,9.0,9.0,8.0,10.0,10.0,11,9.0,7.0,9.0,8.0,12,8.0,10.0,9.0,10.0,8.0,9.0,8.0,9.0,9.0,10.0,10.0,8.0,10.0,9.0,10.0,9.0,7.0,9,10.0
212615,5.0,7.0,7,6.0,7,7.0,6.0,7,6,7.0,6.0,7,5.0,5,6,6.0,6.0,6,6.0,7.0,6.0,7.0,7.0,6.0,7,6.0,7,6.0,7.0,6.0,6.0,5,6.0
211634,6.0,7.0,8,6.0,8,7.0,6.0,8,9,8.0,6.0,8,6.0,6,7,6.0,6.0,7,7,8.0,7.0,9.0,8,8.0,8,8.0,8,8.0,7.0,6.0,6.0,6,8
210976,8,8,9,8,9,9.0,9.0,9,8,9,7,9,8,10,8,9.0,10.0,8,8,9,8.0,7.0,9,10,9,8,9,8.0,9,8.0,8,8,9
210510,8,8,9,8,9,8.0,8.0,9,10,9,7,9,8,9,8,8.0,8.0,8,8,9,9.0,9.0,9,10,9,8,9,7.0,9,9.0,8,8,9
213275,7.0,8.0,9.0,8.0,9.0,9.0,8.0,10.0,10,9.0,6.0,8.0,7.0,10,8.0,9.0,8.0,10.0,7.0,9.0,9.0,9.0,8.0,10.0,8.0,7.0,9.0,8.0,7.0,9.0,8.0,9,9.0
212509,6.0,8.0,8,8.0,8,8.0,8.0,8,8,8.0,6.0,8,8.0,8,7,8.0,7.0,7,7,9.0,8.0,8.0,8,8.0,8,8.0,8,8.0,9.0,9.0,7.0,7,8
211427,7,7,8,7,8,7.0,7.0,8,7,8,6,8,7,8,7,8.0,7.0,7,7,8,8.0,7.0,8,9,8,7,8,8.0,8,6.0,7,7,8
211623,9.0,9.0,9,8.0,9,9.0,9.0,9,9,10.0,7.0,9,8.0,8,8,7.0,8.0,8,8,10.0,8.0,8.0,9,10.0,9,9.0,9,8.0,9.0,7.0,8.0,9,9
212217,7.0,8.0,8,7.0,8,8.0,8.0,8,7,8.0,6.0,8,7.0,8,7,8.0,7.0,7,7,9.0,8.0,7.0,8,10.0,8,8.0,8,8.0,8.0,7.0,7.0,7,8
212403,6.0,7.0,7,7.0,7,8.0,6.0,7,6,6.0,5.0,7,5.0,7,6,8.0,7.0,6,6,8.0,6.0,7.0,7,7.0,7,7.0,7,7.0,7.0,6.0,5.0,4,7
212659,6.0,7.0,7.0,8.0,7.0,7.0,6.0,7.0,7,7.0,7.0,7.0,7.0,7,7.0,7.0,7.0,6.0,7.0,7.0,7.0,7.0,7.0,8.0,6.0,8.0,6.0,7.0,8.0,8.0,7.0,7,8.0
212249,6.0,6.0,8,7.0,8,8.0,6.0,8,8,6.0,6.0,8,7.0,7,7,7.0,6.0,7,7,8.0,8.0,8.0,8,8.0,8,7.0,8,6.0,9.0,8.0,7.0,7,8
211542,8.0,9.0,9,8.0,9,10.0,8.0,9,11,10.0,8.0,9,9.0,8,8,7.0,8.0,8,8,10.0,9.0,10.0,9,9.0,9,10.0,9,8.0,9.0,9.0,8.0,9,9
211471,7,7,8,7,8,7.0,8.0,8,9,8,6,8,7,7,7,7.0,7.0,7,7,8,9.0,9.0,8,9,8,7,8,7.0,8,6.0,7,7,8
211184,8,8,9,8,9,9.0,8.0,9,10,9,7,9,8,9,8,8.0,7.0,8,8,9,9.0,9.0,9,10,9,8,9,8.0,9,7.0,8,8,9
211957,7.0,6.0,7,5.0,7,7.0,6.0,7,5,7.0,4.0,7,5.0,5,6,6.0,6.0,6,6,6.0,7.0,6.0,7,8.0,7,6.0,7,7.0,7.0,6.0,5.0,4,7
213118,7.0,8.0,7.0,8.0,9.0,9.0,9.0,7.0,9,8.0,7.0,8.0,8.0,10,9.0,9.0,8.0,8.0,8.0,8.0,8.0,8.0,8.0,10.0,9.0,10.0,8.0,7.0,9.0,10.0,8.0,9,10.0
213176,6.0,6.0,7,6.0,7,7.0,5.0,7,6,6.0,6.0,7,6.0,4,6,5.0,6.0,6,6.0,7.0,8.0,7.0,7.0,7.0,7,7.0,7,7.0,7.0,7.0,7.0,6,6.0
212737,6.0,6.0,7,6.0,7,7.0,7.0,7,5,6.0,4.0,7,3.0,5,6,6.0,8.0,6,6.0,7,6.0,6.0,7,7.0,7,5.0,7,5.0,7.0,6.0,6,6,7
211306,8,8,9,8,9,8.0,7.0,9,10,9,7,9,8,9,8,8.0,7.0,8,8,9,8.0,9.0,9,10,9,8,9,8.0,9,8.0,8,8,9
210961,7,7,8,7,8,8.0,8.0,8,6,8,6,8,7,7,7,7.0,9.0,7,7,8,7.0,6.0,8,9,8,7,8,6.0,8,5.0,7,7,8
211296,7,7,8,7,8,8.0,8.0,8,9,8,6,8,7,8,7,8.0,8.0,7,7,8,7.0,9.0,8,9,8,7,8,8.0,8,6.0,7,7,8
210858,8,8,9,8,9,8.0,9.0,9,8,9,7,9,8,9,8,8.0,9.0,8,8,9,8.0,7.0,9,10,9,8,9,7.0,9,8.0,8,8,9
212631,8.0,8.0,7.0,9.0,8.0,9.0,8.0,9.0,7,6.0,6.0,7.0,5.0,8,7.0,8.0,10.0,8.0,8.0,6.0,8.0,7.0,7.0,10.0,8.0,7.0,7.0,7.0,9.0,7.0,6.0,6,10.0
212116,6.0,7.0,8,7.0,8,7.0,7.0,8,7,7.0,7.0,8,7.0,7,7,7.0,7.0,7,7,7.0,8.0,7.0,8,9.0,8,8.0,8,7.0,7.0,7.0,7.0,7,8
212300,8.0,8.0,10,9.0,10,9.0,8.0,10,12,9.0,7.0,10,10.0,10,9,8.0,6.0,9,9,10.0,10.0,10.0,10,10.0,10,10.0,10,9.0,9.0,10.0,9.0,11,10
213265,8.0,8.0,7.0,6.0,7.0,8.0,8.0,9.0,8,9.0,7.0,7.0,7.0,6,5.0,6.0,8.0,7.0,7.0,9.0,8.0,8.0,7.0,10.0,8.0,8.0,7.0,8.0,7.0,8.0,7.0,7,7.0
210983,8,8,9,8,9,9.0,8.0,9,10,9,7,9,8,9,8,8.0,7.0,8,8,9,10.0,9.0,9,10,9,8,9,8.0,9,9.0,8,8,9
211705,6.0,6.0,7,7.0,7,6.0,8.0,7,5,7.0,5.0,7,5.0,7,6,8.0,6.0,6,6,7.0,6.0,6.0,7,9.0,7,7.0,7,6.0,7.0,6.0,4.0,3,7
210174,6,6,7,6,7,7.0,5.0,7,7,7,5,7,6,5,6,6.0,4.0,6,6,7,8.0,8.0,7,8,7,6,7,6.0,7,6.0,6,6,7
211947,7.0,9.0,8,7.0,8,8.0,8.0,8,6,9.0,6.0,8,6.0,8,7,8.0,9.0,7,7,8.0,7.0,6.0,8,9.0,8,7.0,8,7.0,9.0,7.0,5.0,5,8
210483,7,7,8,7,8,7.0,9.0,8,8,8,6,8,7,8,7,8.0,7.0,7,7,8,8.0,8.0,8,9,8,7,8,6.0,8,8.0,7,7,8
211236,6,6,7,6,7,7.0,6.0,7,7,7,5,7,6,4,6,5.0,5.0,6,6,7,8.0,8.0,7,8,7,6,7,6.0,7,5.0,6,6,7
210950,7,7,8,7,8,7.0,7.0,8,8,8,6,8,7,7,7,7.0,7,7,7,8,9.0,8.0,8,9,8,7,8,7.0,8,9.0,7,7,8
210500,8,8,9,8,9,8.0,8.0,9,10,9,7,9,8,10,8,9.0,7.0,8,8,9,7.0,9.0,9,10,9,8,9,7.0,9,8.0,8,8,9
210542,6,6,7,6,7,7.0,5.0,7,6,7,5,7,6,4,6,5.0,6.0,6,6,7,6.0,7.0,7,8,7,6,7,6.0,7,6.0,6,6,7
210250,7,7,8,7,8,7.0,7.0,8,8,8,6,8,7,6,7,6.0,6.0,7,7,8,8.0,8.0,8,9,8,7,8,7.0,8,8.0,7,7,8
212086,7.0,7.0,8,9.0,8,8.0,8.0,8,8,8.0,6.0,8,6.0,7,7,7.0,9.0,7,7,7.0,9.0,8.0,8,9.0,8,8.0,8,8.0,9.0,8.0,7.0,7,8
212814,6.0,7.0,5.0,6.0,5.0,6.0,7.0,7.0,6,8.0,4.0,7.0,6.0,5,4.0,6.0,7.0,6.0,7.0,7.0,6.0,7.0,8.0,9.0,7.0,6.0,6.0,6.0,7.0,6.0,6.0,5,7
212104,6.0,6.0,8,7.0,8,7.0,6.0,8,8,7.0,6.0,8,7.0,6,7,6.0,7.0,7,7,8.0,7.0,8.0,8,9.0,8,7.0,8,8.0,8.0,6.0,7.0,7,8
213246,6.0,7.0,7.0,9.0,9.0,7.0,8.0,7.0,8,7.0,6.0,7.0,7.0,8,8.0,8.0,7.0,8.0,8.0,8.0,7.0,8.0,8.0,9.0,7.0,8.0,7.0,7.0,9.0,8.0,7.0,7,9.0
212021,8.0,10.0,9,9.0,9,9.0,9.0,9,10,9.0,7.0,9,8.0,10,8,9.0,9.0,8,8,10.0,9.0,9.0,9,10.0,9,8.0,9,8.0,9.0,8.0,7.0,8,9
212689,9.0,9.0,8.0,7.0,9.0,9.0,7.0,10.0,11,9.0,8.0,10.0,8.0,9,7.0,8.0,7.0,9.0,8.0,8.0,9.0,10.0,9.0,10.0,8.0,8.0,10.0,9.0,9.0,8.0,8.0,9,8.0
212254,7.0,7.0,7,7.0,7,6.0,6.0,7,6,7.0,6.0,7,6.0,6,6,7.0,6.0,6,6,7.0,7.0,7.0,7,8.0,7,7.0,7,7.0,7.0,7.0,7.0,6,7
211382,6,6,7,6,7,7.0,6.0,7,5,7,5,7,6,5,6,6.0,6.0,6,6,7,6.0,6.0,7,8,7,6,7,5.0,7,5.0,6,6,7
211780,6.0,8.0,7,6.0,7,7.0,7.0,7,5,6.0,5.0,7,4.0,5,6,6.0,6.0,6,6,5.0,6.0,6.0,7,8.0,7,5.0,7,6.0,6.0,6.0,5.0,4,7
213213,9.0,8.0,10.0,8.0,10.0,8.0,8.0,10.0,10,9.0,8.0,9.0,7.0,10,8.0,9.0,9.0,9.0,7.0,8.0,9.0,9.0,8.0,10.0,10.0,8.0,10.0,9.0,8.0,9.0,7.0,8,10.0
213040,6.0,7.0,7.0,7.0,6.0,8.0,6.0,6.0,6,7.0,7.0,7.0,8.0,5,4.0,6.0,6.0,5.0,8.0,7.0,8.0,7.0,8.0,8.0,6.0,9.0,5.0,7.0,8.0,7.0,8.0,7,6.0
212724,8.0,8.0,8.0,8.0,9.0,9.0,8.0,10.0,11,10.0,9.0,9.0,10.0,8,7.0,7.0,6.0,8.0,9.0,10.0,9.0,10.0,10.0,10.0,9.0,10.0,9.0,9.0,9.0,9.0,8.0,9,8.0
213183,7.0,6.0,8.0,8.0,8.0,8.0,7.0,8.0,7,6.0,6.0,7.0,6.0,8,7.0,8.0,8.0,7.0,7.0,6.0,7.0,7.0,6.0,8.0,8.0,5.0,7.0,7.0,8.0,8.0,7.0,7,8.0
210372,7,7,8,7,8,7.0,7.0,8,7,8,6,8,7,9,7,9.0,8.0,7,7,8,7.0,7.0,8,9,8,7,8,7.0,8,8.0,7,7,8
210914,7,7,8,7,8,8.0,7.0,8,9,8,6,8,7,5,7,5.0,5.0,7,7,8,8.0,9.0,8,9,8,7,8,8.0,8,7.0,7,7,8
210040,7,7,8,7,8,7.0,7.0,8,9,8,6,8,7,7,7,7.0,7.0,7,7,8,8.0,9.0,8,9,8,7,8,9.0,8,8.0,7,7,8
210801,6,6,7,6,7,7.0,5.0,7,6,7,5,7,6,6,6,7.0,5.0,6,6,7,7.0,7.0,7,8,7,6,7,6.0,7,7.0,6,6,7
210179,7,7,8,7,8,8.0,7.0,8,9,8,6,8,7,7,7,7.0,6.0,7,7,8,9.0,9.0,8,9,8,7,8,8.0,8,8.0,7,7,8
211445,8,8,9,8,9,8.0,8.0,9,11,9,7,9,8,10,8,9.0,7.0,8,8,9,10.0,10.0,9,10,9,8,9,9.0,9,9.0,8,8,9
212918,8.0,8.0,8.0,8.0,9.0,10.0,9.0,9.0,9,9.0,7.0,8.0,7.0,10,8.0,9.0,9.0,9.0,8.0,8.0,8.0,8.0,8.0,9.0,9.0,8.0,9.0,8.0,9.0,8.0,7.0,8,9.0
212866,7.0,7.0,8.0,8.0,6.0,8.0,8.0,7.0,7,7.0,6.0,6.0,6.0,7,5.0,7.0,8.0,7.0,7.0,7.0,7.0,7.0,7.0,8.0,7.0,6.0,7.0,7.0,8.0,7.0,6.0,6,7.0
212931,6.0,6.0,8.0,7.0,8.0,6.0,7.0,8.0,5,7.0,6.0,7.0,6.0,7,6,8.0,6.0,7.0,6.0,7.0,7.0,6.0,6.0,8.0,7.0,6.0,7.0,7.0,7.0,8.0,6.0,5,7.0
211349,7,7,8,7,8,7.0,5.0,8,9,8,6,8,7,6,7,6.0,6.0,7,7,8,8.0,9.0,8,9,8,7,8,8.0,8,7.0,7,7,8
212504,7.0,6.0,8,7.0,8,7.0,8.0,8,9,7.0,7.0,8,7.0,7,7,7.0,6.0,7,7,8.0,9.0,9.0,8,8.0,8,7.0,8,7.0,7.0,8.0,8.0,8,8
210878,6,6,7,6,7,7.0,6.0,7,6,7,5,7,6,4,6,5.0,6.0,6,6,7,7.0,7.0,7,8,7,6,7,6.0,7,6.0,6,6,7
212862,7.0,8.0,8.0,9.0,7.0,8.0,7.0,8.0,9,8.0,6.0,7.0,7.0,9,7.0,8.0,9.0,8.0,9.0,8.0,8.0,8.0,8.0,9.0,9.0,7.0,7.0,8.0,10.0,8.0,8.0,9,9.0
212398,6.0,6.0,7,7.0,7,7.0,6.0,7,7,8.0,5.0,7,7.0,5,6,6.0,6.0,6,6,8.0,7.0,8.0,7,8.0,7,8.0,7,6.0,7.0,7.0,6.0,5,7
212905,7.0,6.0,9.0,7.0,9.0,7.0,6.0,9.0,9,7.0,6.0,8.0,8.0,6,6.0,6.0,6.0,7.0,7.0,8.0,10.0,9.0,8.0,8.0,6.0,8.0,8.0,8.0,8.0,8.0,7.0,7,7.0
211151,7,7,8,7,8,8.0,7.0,8,7,8,6,8,7,6,7,6.0,8.0,7,7,8,7.0,7.0,8,9,8,7,8,7.0,8,6.0,7,7,8
211691,8.0,9.0,9,8.0,9,9.0,9.0,9,9,8.0,6.0,9,5.0,10,8,9.0,10.0,8,8,8.0,8.0,8.0,9,10.0,9,7.0,9,8.0,9.0,9.0,7.0,8,9
211444,7,7,8,7,8,8.0,7.0,8,7,8,6,8,7,8,7,8.0,8.0,7,7,8,8.0,7.0,8,9,8,7,8,6.0,8,8.0,7,7,8
211813,7.0,8.0,8,7.0,8,7.0,8.0,8,8,9.0,6.0,8,8.0,6,7,6.0,8.0,7,7,9.0,8.0,8.0,8,9.0,8,9.0,8,8.0,8.0,7.0,8.0,8,8
212088,6.0,6.0,7,6.0,7,6.0,7.0,7,5,6.0,5.0,7,6.0,6,6,7.0,6.0,6,6,6.0,7.0,6.0,7,8.0,7,7.0,7,7.0,7.0,7.0,7.0,6,7
211588,7.0,8.0,7,7.0,7,7.0,6.0,7,7,8.0,5.0,7,6.0,5,6,6.0,6.0,6,6,8.0,7.0,8.0,7,9.0,7,8.0,7,6.0,6.0,6.0,6.0,5,7
212153,7.0,7.0,9,7.0,9,8.0,8.0,9,10,8.0,7.0,9,7.0,10,8,9.0,8.0,8,8,9.0,10.0,9.0,9,10.0,9,9.0,9,8.0,9.0,10.0,9.0,10,9
211768,7.0,9.0,8,6.0,8,7.0,7.0,8,7,9.0,5.0,8,6.0,6,7,6.0,7.0,7,7,8.0,6.0,7.0,8,10.0,8,8.0,8,7.0,7.0,6.0,5.0,5,8
210554,6,6,7,6,7,6.0,6.0,7,7,7,5,7,6,4,6,5.0,5.0,6,6,7,7.0,8.0,7,8,7,6,7,6.0,7,7.0,6,6,7
212484,6.0,7.0,7,6.0,7,7.0,6.0,7,5,8.0,5.0,7,6.0,6,6,7.0,6.0,6,6,8.0,6.0,6.0,7,8.0,7,7.0,7,7.0,7.0,6.0,6.0,5,7
211400,7,7,8,7,8,8.0,7.0,8,8,8,6,8,7,5,7,5.0,7.0,7,7,8,7.0,8.0,8,9,8,7,8,8.0,8,7.0,7,7,8
211857,8.0,10.0,9,8.0,9,8.0,8.0,9,10,10.0,7.0,9,9.0,9,8,8.0,8.0,8,8,10.0,9.0,9.0,9,10.0,9,9.0,9,9.0,9.0,8.0,8.0,9,9
213031,6.0,8.0,8.0,7.0,6.0,8.0,7.0,9.0,8,8.0,6.0,7.0,6.0,7,6.0,7.0,7.0,8.0,7.0,7.0,7.0,8.0,8.0,10.0,8.0,6.0,7.0,7.0,8.0,7.0,6.0,6,7.0
210229,7,7,8,7,8,8.0,8.0,8,7,8,6,8,7,8,7,8.0,8.0,7,7,8,8.0,7.0,8,9,8,7,8,8.0,8,7.0,7,7,8
211205,8,8,9,8,9,7.0,7.0,9,10,9,7,9,8,9,8,8.0,6.0,8,8,9,10.0,9.0,9,10,9,8,9,8.0,9,8.0,8,8,9
211558,7.0,9.0,9,9.0,9,9.0,9.0,9,10,9.0,6.0,9,8.0,10,8,9.0,8.0,8,8,9.0,8.0,9.0,9,9.0,9,9.0,9,7.0,10.0,8.0,7.0,8,9
210707,8,8,9,8,9,8.0,7.0,9,10,9,7,9,8,8,8,7.0,8.0,8,8,9,9.0,9.0,9,10,9,8,9,8.0,9,8.0,8,8,9
210167,7,7,8,7,8,7.0,8.0,8,6,8,6,8,7,7,7,7.0,8.0,7,7,8,7.0,6.0,8,9,8,7,8,6.0,8,7.0,7,7,8
211354,7,7,8,7,8,8.0,7.0,8,7,8,6,8,7,7,7,7.0,8.0,7,7,8,7.0,7.0,8,9,8,7,8,7.0,8,7.0,7,7,8
213167,8.0,10.0,8.0,8.0,8.0,9.0,9.0,10.0,10,10.0,7.0,9.0,7.0,10,6.0,9.0,9.0,9.0,8.0,9.0,7.0,9.0,10.0,10.0,10.0,9.0,8.0,8.0,9.0,8.0,7.0,8,8.0
210760,7,7,8,7,8,8.0,7.0,8,7,8,6,8,7,6,7,6.0,7.0,7,7,8,7.0,7.0,8,9,8,7,8,7.0,8,7.0,7,7,8
210577,6,6,7,6,7,6.0,6.0,7,6,7,5,7,6,7,6,8.0,7.0,6,6,7,7.0,7.0,7,8,7,6,7,5.0,7,7.0,6,6,7
211405,7,7,8,7,8,8.0,7.0,8,9,8,6,8,7,8,7,8.0,8.0,7,7,8,8.0,9.0,8,9,8,7,8,6.0,8,7.0,7,7,8
211912,9.0,10.0,9,8.0,9,9.0,8.0,9,10,9.0,6.0,9,8.0,9,8,8.0,8.0,8,8,8.0,9.0,9.0,9,10.0,9,8.0,9,9.0,8.0,9.0,7.0,8,9
210160,6,6,7,6,7,7.0,5.0,7,9,7,5,7,6,4,6,5.0,5.0,6,6,7,8.0,10.0,7,8,7,6,7,7.0,7,7.0,6,6,7
212988,8.0,8.0,9.0,8.0,8.0,8.0,8.0,9.0,9,8.0,7.0,8.0,7.0,10,8.0,9.0,8.0,9.0,8.0,8.0,8.0,8.0,7.0,10.0,10.0,7.0,8.0,8.0,10.0,8.0,7.0,8,9.0
210380,6,6,7,6,7,6.0,6.0,7,6,7,5,7,6,6,6,7.0,5.0,6,6,7,8.0,7.0,7,8,7,6,7,7.0,7,8.0,6,6,7
211878,8.0,8.0,9,7.0,9,10.0,8.0,9,10,9.0,6.0,9,8.0,8,8,7.0,10.0,8,8,10.0,8.0,9.0,9,10.0,9,9.0,9,8.0,8.0,7.0,7.0,8,9
212700,7.0,6.0,7,6.0,7,7.0,6.0,7,7,7.0,6.0,7,6.0,5,6,6.0,5.0,6,6.0,8.0,8.0,8.0,7.0,8.0,7,7.0,7,7.0,6.0,6.0,6.0,5,6.0
212402,8.0,9.0,9,8.0,9,9.0,9.0,9,11,10.0,7.0,9,9.0,8,8,7.0,7.0,8,8,10.0,10.0,10.0,9,10.0,9,10.0,9,9.0,9.0,8.0,8.0,9,9
213233,5.0,6.0,7,6.0,7,7.0,7.0,7,5,7.0,5.0,7,5.0,6,6,7.0,9.0,6,6.0,7,6.0,6.0,7,8.0,7,6.0,7,5.0,7.0,7.0,6,6,7
212610,8.0,9.0,8.0,8.0,7.0,10.0,8.0,9.0,10,10.0,7.0,9.0,7.0,9,5.0,8.0,8.0,8.0,8.0,9.0,9.0,9.0,10.0,10.0,10.0,8.0,7.0,8.0,9.0,7.0,6.0,7,7.0
210039,6,6,7,6,7,6.0,7.0,7,6,7,5,7,6,4,6,5.0,5.0,6,6,7,6.0,7.0,7,8,7,6,7,7.0,7,6,6,6,7
212351,7.0,6.0,8,7.0,8,7.0,6.0,8,8,6.0,7.0,8,7.0,7,7,7.0,6.0,7,7,9.0,9.0,8.0,8,8.0,8,8.0,8,8.0,7.0,9.0,8.0,8,8
213305,8.0,7.0,9.0,8.0,9.0,8.0,8.0,10.0,10,8.0,6.0,8.0,7.0,10,8.0,9.0,8.0,9.0,8.0,8.0,9.0,9.0,7.0,10.0,8.0,7.0,8.0,8.0,9.0,10.0,7.0,8,9.0
211008,6,6,7,6,7,7.0,6.0,7,5,7,5,7,6,5,6,6.0,6.0,6,6,7,6.0,6.0,7,8,7,6,7,5.0,7,6.0,6,6,7
212229,8.0,9.0,9,9.0,9,9.0,9.0,9,9,9.0,7.0,9,8.0,10,8,9.0,9.0,8,8,9.0,9.0,8.0,9,10.0,9,8.0,9,9.0,9.0,8.0,7.0,8,9
211158,8,8,9,8,9,9.0,10.0,9,9,9,7,9,8,10,8,9.0,10.0,8,8,9,7.0,8.0,9,10,9,8,9,8.0,9,9.0,8,8,9
213051,7.0,7.0,7,6.0,7,6.0,6.0,7,7,7.0,6.0,7,6.0,5,6,6.0,5.0,6,6.0,7.0,8.0,8.0,7.0,7.0,7,6.0,7,7.0,7.0,6.0,6.0,5,4.0
211724,6.0,8.0,8,8.0,8,8.0,7.0,8,7,8.0,7.0,8,6.0,8,7,8.0,8.0,7,7,8.0,7.0,7.0,8,9.0,8,7.0,8,8.0,9.0,7.0,5.0,5,8
212149,6.0,7.0,7,6.0,7,7.0,6.0,7,7,6.0,5.0,7,5.0,5,6,6.0,6.0,6,6,6.0,9.0,8.0,7,8.0,7,6.0,7,6.0,7.0,7.0,7.0,6,7
212768,6.0,6.0,7.0,6.0,8.0,6.0,7.0,8.0,7,6.0,6.0,7.0,6.0,5,7.0,6.0,6.0,7.0,6.0,7.0,8.0,8.0,7.0,8.0,8.0,6.0,7.0,6.0,7.0,7.0,6.0,5,7.0
212864,8.0,9.0,9.0,8.0,8.0,8.0,8.0,9.0,10,9.0,7.0,9.0,7.0,8,6.0,7.0,7.0,9.0,8.0,9.0,9.0,9.0,9.0,10.0,9.0,8.0,9.0,9.0,8.0,7.0,8.0,9,8.0
212141,8.0,7.0,8,8.0,8,8.0,7.0,8,9,7.0,8.0,8,7.0,9,7,9.0,8.0,7,7,7.0,9.0,9.0,8,8.0,8,7.0,8,7.0,9.0,8.0,8.0,8,8
210173,8,8,9,8,9,8.0,9.0,9,9,9,7,9,8,9,8,8.0,9.0,8,8,9,8.0,8.0,9,10,9,8,9,9.0,9,9.0,8,8,9
211764,6.0,7.0,8,8.0,8,8.0,8.0,8,8,6.0,5.0,8,6.0,9,7,9.0,8.0,7,7,7.0,8.0,8.0,8,9.0,8,6.0,8,6.0,9.0,8.0,6.0,6,8
212970,5.0,6.0,7,7.0,7,6.0,6.0,7,7,7.0,6.0,7,6.0,5,6,6.0,7.0,6,7.0,7.0,8.0,8.0,7.0,7.0,7,7.0,7,6.0,8.0,7.0,7.0,6,6.0
213037,6.0,7.0,7.0,7.0,8.0,8.0,8.0,7.0,8,7.0,7.0,8.0,6.0,7,6.0,7.0,6.0,7.0,7.0,7.0,7.0,8.0,8.0,9.0,7.0,8.0,6.0,7.0,8.0,8.0,7.0,7,7.0
212380,8.0,8.0,9,9.0,9,9.0,9.0,9,11,9.0,8.0,9,8.0,9,8,8.0,8.0,8,8,10.0,10.0,10.0,9,9.0,9,10.0,9,9.0,8.0,9.0,8.0,9,9
213247,6.0,7.0,8.0,7.0,9.0,7.0,6.0,9.0,10,8.0,7.0,9.0,8.0,7,7.0,7.0,6.0,5.0,8.0,9.0,9.0,10.0,9.0,8.0,7.0,10.0,8.0,7.0,7.0,8.0,8.0,8,8.0
210789,6,6,7,6,7,7.0,6.0,7,6,7,5,7,6,5,6,6.0,5.0,6,6,7,7.0,7.0,7,8,7,6,7,7.0,7,6.0,6,6,7
210356,6,6,7,6,7,7.0,7.0,7,6,7,5,7,6,7,6,8.0,6.0,6,6,7,6.0,7.0,7,8,7,6,7,6.0,7,6.0,6,6,7
213206,6.0,5.0,7,6.0,7,6.0,6.0,7,6,5.0,5.0,7,5.0,6,6,7.0,6.0,6,7.0,7,7.0,7.0,7,6.0,7,4.0,7,5.0,7.0,7.0,6,6,7
211610,7.0,7.0,8,7.0,8,9.0,7.0,8,9,9.0,6.0,8,8.0,6,7,6.0,6.0,7,7,8.0,7.0,9.0,8,9.0,8,9.0,8,8.0,8.0,7.0,7.0,7,8
213012,6.0,6.0,7,5.0,7,6.0,6.0,7,8,7.0,6.0,7,7.0,5,6,6.0,4.0,6,7.0,7.0,8.0,9.0,7.0,7.0,7,7.0,7,6.0,6.0,8.0,7.0,6,7.0
210599,7,7,8,7,8,8.0,6.0,8,9,8,6,8,7,8,7,8.0,7.0,7,7,8,8.0,9.0,8,9,8,7,8,6.0,8,8.0,7,7,8
210392,7,7,8,7,8,6.0,5.0,8,9,8,6,8,7,6,7,6.0,5.0,7,7,8,9.0,9.0,8,9,8,7,8,8.0,8,7.0,7,7,8
212761,6.0,6.0,5.0,6.0,6.0,7.0,7.0,7.0,5,6.0,6.0,6.0,4.0,5,6.0,6.0,7.0,5.0,6.0,6.0,6.0,6.0,6.0,8.0,5.0,6.0,5.0,6.0,7.0,7.0,6.0,5,6.0
212028,7.0,8.0,8,7.0,8,8.0,8.0,8,6,7.0,6.0,8,5.0,7,7,7.0,9.0,7,7,7.0,7.0,6.0,8,9.0,8,6.0,8,8.0,9.0,7.0,6.0,6,8
210687,7,7,8,7,8,7.0,7.0,8,8,8,6,8,7,7,7,7.0,7.0,7,7,8,8.0,8.0,8,9,8,7,8,7.0,8,8.0,7,7,8
211946,4.0,5.0,7,7.0,7,7.0,6.0,7,6,6.0,6.0,7,7.0,6,6,7.0,7.0,6,6,8.0,6.0,7.0,7,8.0,7,8.0,7,6.0,8.0,8.0,7.0,6,7
211997,6.0,5.0,7,7.0,7,6.0,6.0,7,7,5.0,6.0,7,6.0,5,6,6.0,5.0,6,6,7.0,8.0,8.0,7,7.0,7,6.0,7,7.0,6.0,8.0,7.0,6,7
210555,6,6,7,6,7,6.0,6.0,7,5,7,5,7,6,5,6,6.0,5.0,6,6,7,8.0,6.0,7,8,7,6,7,6.0,7,6.0,6,6,7
213140,8.0,9.0,7.0,9.0,8.0,9.0,9.0,10.0,9,10.0,8.0,10.0,9.0,10,7.0,9.0,8.0,9.0,8.0,10.0,8.0,8.0,9.0,10.0,9.0,9.0,8.0,9.0,9.0,8.0,6.0,7,8.0
210023,6,6,7,6,7,7.0,6.0,7,7,7,5,7,6,4,6,5.0,5.0,6,6,7,7.0,8.0,7,8,7,6,7,6.0,7,6.0,6,6,7
213278,8.0,8.0,9.0,8.0,9.0,9.0,9.0,9.0,10,9.0,7.0,10.0,9.0,9,8.0,8.0,8.0,9.0,8.0,9.0,10.0,9.0,9.0,10.0,9.0,9.0,9.0,8.0,7.0,9.0,8.0,9,8.0
212933,7.0,9.0,8.0,8.0,8.0,9.0,8.0,9.0,11,10.0,8.0,9.0,9.0,9,6.0,8.0,8.0,8.0,8.0,9.0,8.0,10.0,9.0,10.0,8.0,10.0,9.0,8.0,10.0,9.0,8.0,9,9.0
212126,8.0,9.0,8,7.0,8,8.0,8.0,8,7,8.0,5.0,8,6.0,6,7,6.0,9.0,7,7,9.0,7.0,7.0,8,10.0,8,7.0,8,7.0,8.0,6.0,5.0,5,8
213287,5.0,6.0,7,6.0,7,7.0,6.0,7,6,7.0,6.0,7,6.0,5,6,6.0,6.0,6,7.0,8.0,6.0,7.0,8.0,7.0,7,8.0,7,7.0,7.0,7.0,7.0,6,7.0
211888,5.0,6.0,7,7.0,7,6.0,6.0,7,6,7.0,6.0,7,6.0,5,6,6.0,6.0,6,6,7.0,7.0,7.0,7,6.0,7,8.0,7,6.0,9.0,7.0,5.0,4,7
213034,8.0,8.0,8.0,8.0,10.0,10.0,7.0,9.0,10,8.0,8.0,9.0,8.0,10,8.0,9.0,8.0,8.0,9.0,8.0,10.0,9.0,9.0,9.0,8.0,9.0,9.0,8.0,9.0,9.0,8.0,9,8.0
211381,6,6,7,6,7,6.0,4.0,7,7,7,5,7,6,5,6,6.0,4.0,6,6,7,8.0,8.0,7,8,7,6,7,6.0,7,7.0,6,6,7
210283,7,7,8,7,8,7.0,6.0,8,8,8,6,8,7,8,7,8.0,8.0,7,7,8,9.0,8.0,8,9,8,7,8,6.0,8,9.0,7,7,8
210316,7,7,8,7,8,7.0,7.0,8,6,8,6,8,7,8,7,8.0,7.0,7,7,8,6.0,6.0,8,9,8,7,8,6.0,8,8.0,7,7,8
213069,7.0,7.0,8.0,7.0,7.0,7.0,6.0,7.0,9,7.0,7.0,7.0,7.0,6,6.0,6.0,7.0,6.0,8.0,8.0,9.0,9.0,8.0,8.0,6.0,7.0,5.0,7.0,7.0,7.0,7.0,7,6.0
212483,8.0,10.0,9,9.0,9,10.0,9.0,9,10,10.0,7.0,9,8.0,9,8,8.0,9.0,8,8,9.0,8.0,9.0,9,10.0,9,9.0,9,9.0,9.0,8.0,8.0,9,9
212167,7.0,7.0,8,8.0,8,7.0,8.0,8,8,8.0,5.0,8,6.0,9,7,9.0,8.0,7,7,6.0,7.0,8.0,8,9.0,8,6.0,8,7.0,7.0,8.0,5.0,5,8
211921,6.0,7.0,7,7.0,7,8.0,7.0,7,6,5.0,6.0,7,5.0,6,6,7.0,7.0,6,6,6.0,8.0,7.0,7,8.0,7,6.0,7,7.0,9.0,7.0,7.0,6,7
210026,7,7,8,7,8,8.0,8.0,8,8,8,6,8,7,8,7,8.0,7.0,7,7,8,7.0,8.0,8,9,8,7,8,8.0,8,7.0,7,7,8
211515,7,7,8,7,8,8.0,7.0,8,8,8,6,8,7,7,7,7.0,7.0,7,7,8,7.0,8.0,8,9,8,7,8,7.0,8,7.0,7,7,8
210394,6,6,7,6,7,7.0,7.0,7,5,7,5,7,6,5,6,6.0,7.0,6,6,7,7.0,6.0,7,8,7,6,7,5.0,7,6.0,6,6,7
210875,8,8,9,8,9,9.0,9.0,9,10,9,7,9,8,9,8,8.0,8.0,8,8,9,8.0,9.0,9,10,9,8,9,7.0,9,8.0,8,8,9
210176,8,8,9,8,9,8.0,8.0,9,10,9,7,9,8,9,8,8.0,8.0,8,8,9,8.0,9.0,9,10,9,8,9,8.0,9,9.0,8,8,9
211546,7.0,7.0,8,6.0,8,7.0,7.0,8,8,6.0,7.0,8,5.0,8,7,8.0,8.0,7,7,7.0,8.0,8.0,8,9.0,8,6.0,8,6.0,8.0,8.0,7.0,7,8
212813,6.0,6.0,7,7.0,7,6.0,7.0,7,5,7.0,5.0,7,4.0,6,6,7.0,7.0,6,6.0,7,6.0,6.0,7,8.0,7,4.0,7,5.0,7.0,6.0,6,6,7
211923,6.0,7.0,7,8.0,7,6.0,7.0,7,5,7.0,4.0,7,6.0,6,6,7.0,7.0,6,6,6.0,6.0,6.0,7,9.0,7,6.0,7,6.0,8.0,7.0,5.0,4,7
210262,7,7,8,7,8,7.0,8.0,8,6,8,6,8,7,7,7,7.0,8.0,7,7,8,8.0,6.0,8,9,8,7,8,6.0,8,6.0,7,7,8
213062,7.0,6.0,7.0,6.0,7.0,7.0,6.0,10.0,7,7.0,5.0,7.0,7.0,6,6.0,6.0,6.0,7.0,6.0,7.0,8.0,7.0,6.0,9.0,8.0,7.0,8.0,8.0,6.0,6.0,6.0,6,8
212071,6.0,5.0,7,6.0,7,7.0,5.0,7,7,6.0,5.0,7,6.0,5,6,6.0,5.0,6,6,6.0,8.0,8.0,7,7.0,7,7.0,7,6.0,5.0,7.0,7.0,6,7
211597,6.0,6.0,7,6.0,7,6.0,7.0,7,5,6.0,5.0,7,4.0,6,6,7.0,7.0,6,6,6.0,6.0,6.0,7,7.0,7,4.0,7,6.0,6.0,6.0,5.0,4,7
211089,8,8,9,8,9,9.0,7.0,9,10,9,7,9,8,8,8,7.0,8.0,8,8,9,9.0,9.0,9,10,9,8,9,8.0,9,7.0,8,8,9
212359,6.0,8.0,9,9.0,9,10.0,9.0,9,9,8.0,8.0,9,7.0,10,8,9.0,10.0,8,8,9.0,9.0,8.0,9,9.0,9,8.0,9,8.0,10.0,9.0,7.0,8,9
211961,6.0,6.0,7,7.0,7,7.0,6.0,7,6,6.0,6.0,7,5.0,6,6,7.0,7.0,6,6,7.0,9.0,7.0,7,8.0,7,5.0,7,6.0,9.0,8.0,7.0,6,7
211769,6.0,7.0,8,8.0,8,8.0,7.0,8,9,6.0,7.0,8,5.0,8,7,8.0,8.0,7,7,6.0,10.0,9.0,8,10.0,8,6.0,8,7.0,9.0,9.0,9.0,9,8
211346,8,8,9,8,9,9.0,9.0,9,10,9,7,9,8,9,8,8.0,8.0,8,8,9,8.0,9.0,9,10,9,8,9,9.0,9,8.0,8,8,9
210419,6,6,7,6,7,7.0,6.0,7,4,7,5,7,6,5,6,6.0,6.0,6,6,7,7.0,5.0,7,8,7,6,7,6.0,7,7.0,6,6,7
211976,6.0,8.0,7,8.0,7,7.0,8.0,7,6,8.0,5.0,7,5.0,7,6,8.0,8.0,6,6,7.0,5.0,7.0,7,9.0,7,6.0,7,6.0,7.0,7.0,5.0,4,7
211388,6,6,7,6,7,6.0,8.0,7,5,7,5,7,6,6,6,7.0,6.0,6,6,7,7.0,6.0,7,8,7,6,7,6.0,7,6.0,6,6,7
213208,7.0,7.0,8.0,7.0,9.0,7.0,7.0,9.0,8,7.0,6.0,8.0,7.0,8,7.0,8.0,7.0,8.0,7.0,7.0,9.0,8.0,7.0,9.0,7.0,7.0,8.0,7.0,8.0,9.0,6.0,6,9.0
210920,7,7,8,7,8,9.0,7.0,8,8,8,6,8,7,6,7,6.0,6.0,7,7,8,8.0,8.0,8,9,8,7,8,8.0,8,7.0,7,7,8
211218,8,8,9,8,9,8.0,9.0,9,9,9,7,9,8,10,8,9.0,8,8,8,9,9.0,8.0,9,10,9,8,9,7.0,9,9.0,8,8,9
210082,7,7,8,7,8,9.0,8.0,8,7,8,6,8,7,8,7,8.0,7.0,7,7,8,7.0,7.0,8,9,8,7,8,8.0,8,7.0,7,7,8
210565,8,8,9,8,9,8.0,7.0,9,10,9,7,9,8,8,8,7.0,7.0,8,8,9,9.0,9.0,9,10,9,8,9,9.0,9,8.0,8,8,9
213132,6.0,6.0,7,7.0,6.0,6.0,7.0,8.0,5,5.0,5.0,4.0,4.0,7,6.0,8.0,6.0,7.0,5.0,5.0,6.0,6.0,4.0,9.0,6.0,5.0,6.0,6.0,7.0,6.0,6.0,5,7
212428,6.0,6.0,6,6.0,6,6.0,6.0,6,4,5.0,5.0,6,4.0,5,5,7.0,6.0,5,5,4.0,7.0,6.0,6,7.0,6,5.0,6,6.0,7.0,7.0,5.0,3,6
212362,6.0,6.0,7,5.0,7,6.0,4.0,7,7,7.0,5.0,7,6.0,5,6,6.0,5.0,6,6,7.0,7.0,8.0,7,8.0,7,5.0,7,8.0,6.0,7.0,7.0,6,7
213282,6.0,6.0,6.0,6.0,6.0,6.0,6.0,7.0,5,6.0,5.0,6.0,5.0,5,7.0,6.0,7.0,6.0,6.0,7.0,7.0,6.0,6.0,7.0,6.0,6.0,6.0,6.0,7.0,6.0,6.0,5,7
211123,8,8,9,8,9,8.0,8.0,9,10,9,7,9,8,10,8,9.0,9.0,8,8,9,9.0,9.0,9,10,9,8,9,8.0,9,9.0,8,8,9
212572,6.0,6.0,7.0,8.0,8.0,7.0,8.0,8.0,6,7.0,6.0,7.0,6.0,8,9.0,8.0,8.0,7,7.0,7.0,7.0,6.0,6.0,8.0,7.0,7.0,9.0,7.0,8.0,8.0,7.0,7,9.0
210794,7,7,8,7,8,7.0,7.0,8,8,8,6,8,7,7,7,7.0,6.0,7,7,8,9.0,8.0,8,9,8,7,8,8.0,8,9.0,7,7,8
210525,6,6,7,6,7,6.0,6.0,7,4,7,5,7,6,7,6,8.0,6.0,6,6,7,6.0,5.0,7,8,7,6,7,6.0,7,7.0,6,6,7
212262,7.0,7.0,8,6.0,8,8.0,6.0,8,9,7.0,7.0,8,7.0,6,7,6.0,6.0,7,7,8.0,8.0,9.0,8,8.0,8,8.0,8,7.0,7.0,7.0,7.0,7,8
212322,7.0,7.0,7,6.0,7,8.0,7.0,7,6,8.0,5.0,7,7.0,5,6,6.0,6.0,6,6,7.0,6.0,7.0,7,8.0,7,7.0,7,6.0,7.0,6.0,5.0,4,7
212049,6.0,7.0,8,7.0,8,7.0,7.0,8,8,8.0,7.0,8,7.0,7,7,7.0,7.0,7,7,8.0,8.0,8.0,8,9.0,8,8.0,8,7.0,8.0,7.0,7.0,7,8
210279,7,7,8,7,8,8.0,8.0,8,8,8,6,8,7,7,7,7.0,8.0,7,7,8,8.0,8.0,8,9,8,7,8,7.0,8,7.0,7,7,8
211111,6,6,7,6,7,6.0,8.0,7,5,7,5,7,6,6,6,7.0,7.0,6,6,7,6.0,6.0,7,8,7,6,7,6.0,7,5.0,6,6,7
210655,7,7,8,7,8,7.0,5.0,8,9,8,6,8,7,6,7,6.0,5.0,7,7,8,8.0,9.0,8,9,8,7,8,8.0,8,8.0,7,7,8
211728,6.0,5.0,7,6.0,7,6.0,6.0,7,6,6.0,6.0,7,6.0,7,6,8.0,6.0,6,6,7.0,9.0,7.0,7,8.0,7,7.0,7,7.0,6.0,8.0,7.0,6,7
213011,8.0,9.0,9.0,7.0,8.0,9.0,7.0,7.0,10,7.0,7.0,8.0,7.0,8,6.0,7.0,8.0,7.0,10.0,9.0,9.0,9.0,9.0,9.0,7.0,10.0,7.0,8.0,9.0,7.0,8.0,9,7.0
210625,8,8,9,8,9,8.0,8.0,9,10,9,7,9,8,9,8,8.0,9.0,8,8,9,8.0,9.0,9,10,9,8,9,8.0,9,8.0,8,8,9
213308,6.0,7.0,5.0,7.0,7.0,9.0,7.0,7.0,7,7.0,6.0,7.0,7.0,7,6.0,7.0,8.0,7.0,7.0,8.0,6.0,7.0,8.0,8.0,7.0,7.0,6.0,7.0,8.0,7.0,6.0,6,8.0
211695,8.0,9.0,9,9.0,9,9.0,8.0,9,9,10.0,6.0,9,7.0,9,8,8.0,8.0,8,8,9.0,8.0,8.0,9,10.0,9,8.0,9,8.0,9.0,7.0,6.0,7,9
211940,8.0,7.0,9,7.0,9,8.0,8.0,9,10,8.0,7.0,9,8.0,9,8,8.0,8.0,8,8,8.0,9.0,9.0,9,9.0,9,8.0,9,8.0,9.0,9.0,7.0,8,9
210541,6,6,7,6,7,7.0,7.0,7,7,7,5,7,6,5,6,6.0,6.0,6,6,7,7.0,8.0,7,8,7,6,7,7.0,7,6.0,6,6,7
212536,8.0,7.0,8.0,8.0,7.0,8.0,8.0,8.0,8,6.0,8.0,7.0,7.0,9,8.0,9.0,8.0,8.0,8.0,7.0,9.0,8.0,8.0,8.0,7.0,7.0,7.0,7.0,9.0,8.0,7.0,7,9.0
211948,7.0,7.0,8,7.0,8,7.0,7.0,8,8,9.0,7.0,8,7.0,7,7,7.0,7.0,7,7,9.0,9.0,8.0,8,10.0,8,9.0,8,7.0,8.0,9.0,7.0,7,8
212972,5.0,6.0,7,7.0,7,7.0,7.0,7,5,6.0,5.0,7,6.0,6,6,7.0,7.0,6,6.0,6.0,7.0,6.0,6.0,7.0,7,6.0,7,6.0,6.0,7.0,6.0,5,7
211585,5.0,7.0,8,7.0,8,8.0,7.0,8,7,6.0,6.0,8,6.0,7,7,7.0,8.0,7,7,7.0,7.0,7.0,8,8.0,8,7.0,8,6.0,8.0,7.0,7.0,7,8
212677,7.0,8.0,6.0,7.0,7.0,8.0,8.0,8.0,7,8.0,6.0,8.0,6.0,6,5.0,6.0,9.0,7.0,7.0,8.0,6.0,7.0,7.0,9.0,7.0,7.0,7.0,7.0,8.0,6.0,6.0,6,8.0
213220,6.0,6.0,7,6.0,7.0,6.0,6.0,8.0,5,5.0,5.0,6.0,6.0,7,6.0,8.0,6.0,6.0,6.0,6.0,8.0,6.0,4.0,7.0,6.0,5.0,6.0,6.0,7.0,7.0,6.0,5,7
211115,7,7,8,7,8,8.0,6.0,8,8,8,6,8,7,6,7,6.0,6.0,7,7,8,8.0,8.0,8,9,8,7,8,8.0,8,8.0,7,7,8
210482,7,7,8,7,8,8.0,6.0,8,7,8,6,8,7,7,7,7.0,7.0,7,7,8,8.0,7.0,8,9,8,7,8,7.0,8,8.0,7,7,8
211469,6,6,7,6,7,5.0,6.0,7,6,7,5,7,6,5,6,6.0,6.0,6,6,7,7.0,7.0,7,8,7,6,7,6,7,6.0,6,6,7
212092,6.0,6.0,7,7.0,7,7.0,7.0,7,5,6.0,4.0,7,5.0,8,6,9.0,7.0,6,6,6.0,6.0,6.0,7,9.0,7,6.0,7,6.0,8.0,7.0,5.0,4,7
211658,6.0,6.0,7,7.0,7,7.0,7.0,7,6,6.0,5.0,7,5.0,6,6,7.0,8.0,6,6,6.0,7.0,7.0,7,9.0,7,6.0,7,6.0,8.0,8.0,7.0,6,7
212145,7.0,7.0,7,6.0,7,7.0,7.0,7,6,8.0,5.0,7,6.0,5,6,6.0,7.0,6,6,8.0,6.0,7.0,7,9.0,7,7.0,7,7.0,6.0,7.0,6.0,5,7
210501,9,9,10,9,10,9.0,10.0,10,11,10,8,10,9,11,9,9.0,9.0,9,9,10,9.0,9.0,10,11,10,9,10,9.0,10,9.0,9,9,10
210823,8,8,9,8,9,9.0,9.0,9,10,9,7,9,8,9,8,8.0,10.0,8,8,9,7.0,9.0,9,10,9,8,9,8.0,9,8.0,8,8,9
211095,6,6,7,6,7,7.0,7.0,7,5,7,5,7,6,6,6,7.0,7.0,6,6,7,5.0,6.0,7,8,7,6,7,6.0,7,6.0,6,6,7
212061,7.0,6.0,7,6.0,7,7.0,7.0,7,6,7.0,5.0,7,7.0,5,6,6.0,6.0,6,6,7.0,7.0,7.0,7,8.0,7,6.0,7,6.0,6.0,7.0,7.0,6,7
211890,8.0,8.0,9,9.0,9,9.0,9.0,9,10,9.0,6.0,9,7.0,10,8,9.0,9.0,8,8,7.0,9.0,9.0,9,10.0,9,9.0,9,8.0,9.0,9.0,7.0,8,9
210740,6,6,7,6,7,6.0,6.0,7,5,7,5,7,6,5,6,6.0,6.0,6,6,7,5.0,6.0,7,8,7,6,7,6.0,7,6.0,6,6,7
212027,8.0,8.0,8,6.0,8,8.0,7.0,8,7,7.0,5.0,8,7.0,6,7,6.0,8.0,7,7,8.0,7.0,7.0,8,9.0,8,7.0,8,7.0,9.0,6.0,6.0,6,8
212423,6.0,6.0,7,6.0,7,7.0,6.0,7,6,5.0,7.0,7,5.0,6,6,7.0,7.0,6,6,7.0,8.0,7.0,7,8.0,7,5.0,7,7.0,8.0,8.0,6.0,5,7
211796,6.0,6.0,8,6.0,8,8.0,6.0,8,7,6.0,6.0,8,8.0,6,7,6.0,6.0,7,7,9.0,8.0,7.0,8,8.0,8,7.0,8,6.0,8.0,9.0,6.0,6,8
211816,6.0,7.0,9,9.0,9,9.0,8.0,9,10,9.0,8.0,9,9.0,10,8,9.0,9.0,8,8,9.0,8.0,9.0,9,9.0,9,9.0,9,8.0,10.0,9.0,8.0,9,9
211656,7.0,7.0,8,8.0,8,8.0,8.0,8,8,8.0,5.0,8,8.0,9,7,9.0,7.0,7,7,9.0,7.0,8.0,8,10.0,8,6.0,8,8.0,8.0,7.0,7.0,7,8
211091,7,7,8,7,8,8.0,7.0,8,8,8,6,8,7,7,7,7.0,6.0,7,7,8,6.0,8.0,8,9,8,7,8,6.0,8,7.0,7,7,8
213047,6.0,6.0,7.0,6.0,5.0,7.0,6.0,7.0,6,6.0,6.0,6.0,5.0,5,4.0,6.0,6.0,6.0,6.0,7.0,7.0,7.0,6.0,8.0,6.0,6.0,6.0,6.0,7.0,6.0,6.0,5,6.0
211364,6,6,7,6,7,7.0,6.0,7,6,7,5,7,6,5,6,6.0,7.0,6,6,7,6.0,7.0,7,8,7,6,7,7.0,7,5.0,6,6,7
210922,8,8,9,8,9,8.0,8.0,9,10,9,7,9,8,8,8,7.0,7.0,8,8,9,10.0,9.0,9,10,9,8,9,8.0,9,9.0,8,8,9
210455,6,6,7,6,7,7.0,4.0,7,7,7,5,7,6,5,6,6.0,4.0,6,6,7,8.0,8.0,7,8,7,6,7,7.0,7,6.0,6,6,7
212612,7.0,7.0,6.0,6.0,6.0,6.0,6.0,6.0,6,7.0,6.0,6.0,5.0,5,3.0,6.0,7.0,7.0,6.0,7.0,6.0,7.0,7.0,8.0,6.0,6.0,5.0,6.0,6.0,6.0,6.0,5,6.0
212871,8.0,8.0,8.0,7.0,8.0,7.0,9.0,10.0,8,9.0,7.0,8.0,6.0,8,6.0,8.0,7.0,8.0,6.0,8.0,7.0,8.0,7.0,10.0,7.0,6.0,8.0,7.0,7.0,8.0,6.0,6,8.0
211103,8,8,9,8,9,8.0,7.0,9,9,9,7,9,8,9,8,8.0,7.0,8,8,9,8.0,8.0,9,10,9,8,9,8.0,9,9.0,8,8,9
210224,6,6,7,6,7,5.0,6.0,7,6,7,5,7,6,6,6,7.0,7.0,6,6,7,6.0,7.0,7,8,7,6,7,6,7,7.0,6,6,7
212924,6.0,6.0,6.0,6.0,6.0,7.0,7.0,7.0,5,6.0,4.0,6.0,6.0,5,6.0,6.0,7.0,6.0,6.0,6.0,8.0,6.0,6.0,8.0,6.0,6.0,7.0,6.0,8.0,7.0,6.0,5,7
210942,7,7,8,7,8,8.0,5.0,8,8,8,6,8,7,6,7,6.0,6.0,7,7,8,8.0,8.0,8,9,8,7,8,6.0,8,8.0,7,7,8
213294,10.0,10.0,8.0,10.0,8.0,9.0,9.0,10.0,11,10.0,7.0,10.0,8.0,9,6.0,7.0,9.0,9.0,8.0,10.0,8.0,9.0,10.0,10.0,10.0,10.0,10.0,9.0,9.0,8.0,7.0,9,8.0
212110,7.0,7.0,8,6.0,8,7.0,8.0,8,8,9.0,6.0,8,7.0,7,7,7.0,7.0,7,7,8.0,8.0,8.0,8,9.0,8,7.0,8,8.0,7.0,8.0,5.0,5,8
212415,6.0,7.0,7,6.0,7,8.0,6.0,7,6,8.0,6.0,7,4.0,5,6,6.0,7.0,6,6,6.0,6.0,7.0,7,8.0,7,7.0,7,6.0,7.0,6.0,6.0,5,7
210570,7,7,8,7,8,8.0,7.0,8,7,8,6,8,7,8,7,8.0,7.0,7,7,8,8.0,7.0,8,9,8,7,8,7.0,8,8.0,7,7,8
211233,7,7,8,7,8,7.0,6.0,8,7,8,6,8,7,9,7,9.0,7.0,7,7,8,9.0,7.0,8,9,8,7,8,6.0,8,9.0,7,7,8
212703,6.0,6.0,7.0,8.0,8.0,7.0,6.0,8.0,10,8.0,6.0,9.0,9.0,7,6.0,7.0,6.0,7.0,8.0,10.0,9.0,10.0,9.0,7.0,7.0,10.0,8.0,7.0,8.0,9.0,7.0,7,7.0
211070,7,7,8,7,8,8.0,9.0,8,8,8,6,8,7,7,7,7.0,7.0,7,7,8,7.0,8.0,8,9,8,7,8,7.0,8,6.0,7,7,8
212210,5.0,6.0,7,7.0,7,7.0,6.0,7,6,6.0,6.0,7,7.0,7,6,8.0,6.0,6,6,8.0,8.0,7.0,7,8.0,7,7.0,7,7.0,7.0,8.0,6.0,5,7
210418,6,6,7,6,7,7.0,6.0,7,6,7,5,7,6,7,6,8.0,7.0,6,6,7,7.0,7.0,7,8,7,6,7,5.0,7,7.0,6,6,7
211377,6,6,7,6,7,7.0,6.0,7,6,7,5,7,6,5,6,6.0,7.0,6,6,7,6.0,6,7,8,7,6,7,6.0,7,7.0,6,6,7
212607,7.0,7.0,7.0,6.0,7.0,7.0,6.0,8.0,6,8.0,5.0,8.0,6.0,5,5.0,6.0,6.0,7.0,6.0,7.0,7.0,7.0,7.0,8.0,7.0,6.0,7.0,6.0,7.0,6.0,6.0,5,7
211211,6,6,7,6,7,6.0,5.0,7,6,7,5,7,6,5,6,6.0,7.0,6,6,7,7.0,7.0,7,8,7,6,7,7.0,7,6.0,6,6,7
210109,6,6,7,6,7,7.0,6.0,7,6,7,5,7,6,5,6,6.0,5.0,6,6,7,7.0,7.0,7,8,7,6,7,6.0,7,5.0,6,6,7
213269,6.0,6.0,7,7.0,7,7.0,7.0,7,5,6.0,5.0,7,4.0,5,6,6.0,7.0,6,6.0,7,6.0,6.0,7,9.0,7,6.0,7,5.0,8.0,6.0,6,6,7
211853,5.0,7.0,7,5.0,7,6.0,7.0,7,7,9.0,5.0,7,7.0,5,6,6.0,6.0,6,6,9.0,7.0,8.0,7,8.0,7,8.0,7,7.0,7.0,6.0,5.0,4,7
212896,6.0,6.0,7.0,7.0,8.0,8.0,7.0,7.0,8,6.0,6.0,7.0,7.0,9,8.0,9.0,6.0,7.0,7.0,7.0,7.0,8.0,7.0,8.0,7.0,7.0,7.0,6.0,8.0,8.0,7.0,7,9.0
211647,6.0,7.0,8,7.0,8,7.0,7.0,8,9,9.0,6.0,8,7.0,8,7,8.0,6.0,7,7,8.0,8.0,9.0,8,9.0,8,8.0,8,8.0,8.0,8.0,6.0,6,8
210236,7,7,8,7,8,8.0,6.0,8,7,8,6,8,7,7,7,7.0,7.0,7,7,8,8.0,7.0,8,9,8,7,8,7.0,8,7.0,7,7,8
211361,8,8,9,8,9,8.0,8.0,9,11,9,7,9,8,9,8,8.0,7.0,8,8,9,9.0,10.0,9,10,9,8,9,9.0,9,8.0,8,8,9
211850,6.0,6.0,7,6.0,7,6.0,6.0,7,5,6.0,5.0,7,4.0,8,6,9.0,7.0,6,6,7,6.0,6.0,7,9.0,7,5.0,7,5.0,7.0,8.0,6,6,7
210926,6,6,7,6,7,7.0,6.0,7,6,7,5,7,6,6,6,7.0,6.0,6,6,7,7.0,7.0,7,8,7,6,7,5.0,7,7.0,6,6,7
210673,6,6,7,6,7,7.0,6.0,7,5,7,5,7,6,5,6,6.0,6.0,6,6,7,6.0,6.0,7,8,7,6,7,5.0,7,7.0,6,6,7
211026,8,8,9,8,9,9.0,8.0,9,10,9,7,9,8,8,8,7.0,9.0,8,8,9,8.0,9.0,9,10,9,8,9,8.0,9,7.0,8,8,9
210863,7,7,8,7,8,7.0,7.0,8,8,8,6,8,7,8,7,8.0,8.0,7,7,8,7.0,8.0,8,9,8,7,8,6.0,8,7.0,7,7,8
213045,7.0,7.0,8.0,7.0,7.0,8.0,7.0,8.0,8,8.0,7.0,8.0,7.0,7,6.0,7.0,7.0,6.0,7.0,8.0,7.0,8.0,8.0,8.0,6.0,8.0,6.0,7.0,7.0,7.0,7.0,7,8.0
212808,7.0,6.0,6.0,6.0,7.0,7.0,7.0,7.0,6,6.0,7.0,6.0,5.0,6,8.0,7.0,8.0,7.0,7.0,7.0,8.0,7.0,6.0,8.0,6.0,6.0,7.0,7.0,8.0,7.0,6.0,5,8.0
213128,6.0,7.0,6.0,6.0,7.0,7.0,6.0,7.0,7,7.0,6.0,7.0,6.0,5,6.0,6.0,6.0,5.0,6.0,7.0,7.0,8.0,6.0,7.0,6.0,7.0,7.0,6.0,7.0,8.0,6.0,5,6.0
210664,8,8,9,8,9,8.0,8.0,9,9,9,7,9,8,10,8,9.0,7.0,8,8,9,8.0,8.0,9,10,9,8,9,7.0,9,8.0,8,8,9
210034,7,7,8,7,8,8.0,7.0,8,8,8,6,8,7,5,7,5.0,7.0,7,7,8,8.0,8.0,8,9,8,7,8,7.0,8,8.0,7,7,8
212576,6.0,6.0,6.0,7.0,7.0,6.0,6.0,7.0,5,6.0,6.0,6.0,4.0,5,6.0,6.0,7.0,7.0,7.0,5.0,7.0,6.0,6.0,6.0,6.0,5.0,6.0,6.0,7.0,6.0,6.0,5,7.0
210150,7,7,8,7,8,7.0,8.0,8,8,8,6,8,7,7,7,7.0,7.0,7,7,8,8.0,8.0,8,9,8,7,8,7.0,8,8.0,7,7,8
210076,8,8,9,8,9,9.0,9.0,9,9,9,7,9,8,11,8,10.0,9.0,8,8,9,9.0,8.0,9,10,9,8,9,7.0,9,9.0,8,8,9
210689,8,8,9,8,9,9.0,8.0,9,10,9,7,9,8,9,8,8.0,8.0,8,8,9,9.0,9.0,9,10,9,8,9,9.0,9,7.0,8,8,9
210226,7,7,8,7,8,8.0,7.0,8,8,8,6,8,7,7,7,7.0,7.0,7,7,8,8.0,8.0,8,9,8,7,8,6.0,8,9.0,7,7,8
210966,6,6,7,6,7,7.0,7.0,7,5,7,5,7,6,6,6,7.0,7.0,6,6,7,6.0,6.0,7,8,7,6,7,6.0,7,6.0,6,6,7
210334,7,7,8,7,8,8.0,7.0,8,8,8,6,8,7,7,7,7.0,7.0,7,7,8,7.0,8.0,8,9,8,7,8,8.0,8,6.0,7,7,8
211505,8,8,9,8,9,8.0,9.0,9,9,9,7,9,8,10,8,9.0,8.0,8,8,9,9.0,8.0,9,10,9,8,9,9.0,9,9.0,8,8,9
212292,8.0,9.0,9,7.0,9,9.0,10.0,9,10,9.0,5.0,9,7.0,10,8,9.0,9.0,8,8,9.0,8.0,9.0,9,10.0,9,8.0,9,9.0,10.0,8.0,8.0,9,9
210913,7,7,8,7,8,8.0,6.0,8,7,8,6,8,7,7,7,7.0,7.0,7,7,8,8.0,7.0,8,9,8,7,8,6.0,8,8.0,7,7,8
211495,6,6,7,6,7,6.0,6.0,7,5,7,5,7,6,7,6,8.0,6.0,6,6,7,6.0,6.0,7,8,7,6,7,6.0,7,7.0,6,6,7
211700,6.0,6.0,7,7.0,7,7.0,7.0,7,6,7.0,5.0,7,4.0,6,6,7.0,6.0,6,6,6.0,6.0,7.0,7,7.0,7,7.0,7,6.0,7.0,7.0,5.0,4,7
213242,6.0,7.0,8.0,6.0,6.0,7.0,6.0,8.0,6,7.0,6.0,6.0,6.0,5,5.0,6.0,6.0,7.0,5.0,6.0,7.0,7.0,7.0,9.0,7.0,5.0,7.0,6.0,6.0,6.0,6.0,5,6.0
211484,6,6,7,6,7,6.0,6.0,7,6,7,5,7,6,5,6,6.0,5.0,6,6,7,8.0,6,7,8,7,6,7,7.0,7,6.0,6,6,7
211220,9,9,10,9,10,10.0,8.0,10,12,10,8,10,9,11,9,9.0,7.0,9,9,10,9.0,10.0,10,11,10,9,10,9.0,10,9.0,9,9,10
213314,7.0,8.0,8.0,8.0,7.0,8.0,8.0,8.0,10,10.0,6.0,9.0,8.0,8,5.0,7.0,7.0,7.0,8.0,9.0,8.0,9.0,10.0,9.0,10.0,10.0,8.0,8.0,9.0,7.0,6.0,7,8.0
213010,5.0,6.0,7,7.0,7,7.0,6.0,7,5,6.0,5.0,7,4.0,5,6,6.0,6.0,6,6.0,6.0,7.0,6.0,6.0,8.0,7,6.0,7,6.0,7.0,6.0,6.0,5,7
211538,6.0,6.0,7,6.0,7,6.0,6.0,7,5,5.0,5.0,7,4.0,5,6,6.0,6.0,6,6,6.0,7.0,6.0,7,8.0,7,6.0,7,6.0,6.0,7.0,6.0,5,7
211345,8,8,9,8,9,9.0,8.0,9,9,9,7,9,8,9,8,8.0,9.0,8,8,9,9.0,8.0,9,10,9,8,9,9.0,9,9.0,8,8,9
212508,6.0,7.0,8,8.0,8,8.0,8.0,8,7,9.0,6.0,8,7.0,8,7,8.0,8.0,7,7,8.0,7.0,7.0,8,9.0,8,9.0,8,7.0,9.0,8.0,6.0,6,8
210223,8,8,9,8,9,9.0,8.0,9,11,9,7,9,8,9,8,8.0,7.0,8,8,9,9.0,10.0,9,10,9,8,9,8.0,9,8.0,8,8,9
211053,8,8,9,8,9,8.0,10.0,9,8,9,7,9,8,9,8,8.0,10.0,8,8,9,6.0,7.0,9,10,9,8,9,8.0,9,7.0,8,8,9
212048,6.0,8.0,8,7.0,8,8.0,8.0,8,7,8.0,6.0,8,7.0,7,7,7.0,8.0,7,7,8.0,7.0,7.0,8,9.0,8,8.0,8,7.0,9.0,7.0,7.0,7,8
213145,7.0,7.0,7.0,9.0,8.0,9.0,8.0,7.0,8,8.0,7.0,8.0,9.0,9,7.0,8.0,8.0,9.0,8.0,9.0,9.0,7.0,9.0,9.0,7.0,8.0,6.0,8.0,10.0,9.0,8.0,9,10.0
211529,6.0,7.0,6,6.0,6,6.0,7.0,6,4,5.0,4.0,6,4.0,5,5,7.0,7.0,5,5,4.0,6.0,6.0,6,7.0,6,4.0,6,6.0,7.0,6.0,6.0,4,6
212845,6.0,8.0,7.0,7.0,7.0,9.0,6.0,6.0,9,8.0,6.0,8.0,8.0,6,4.0,6.0,6.0,6.0,8.0,9.0,9.0,9.0,9.0,9.0,6.0,8.0,6.0,7.0,8.0,7.0,8.0,8,6.0
212596,7.0,6.0,9.0,7.0,9.0,8.0,6.0,9.0,9,7.0,6.0,7.0,7.0,6,5.0,6.0,6.0,6.0,7.0,8.0,9.0,9.0,8.0,8.0,6.0,7.0,7.0,8.0,7.0,8.0,8.0,8,6.0
210695,6,6,7,6,7,7.0,7.0,7,5,7,5,7,6,6,6,7.0,6.0,6,6,7,8.0,6.0,7,8,7,6,7,6.0,7,7.0,6,6,7
212818,6.0,6.0,6.0,8.0,7.0,8.0,8.0,7.0,6,7.0,6.0,8.0,6.0,8,7.0,8.0,8.0,7.0,7.0,7.0,6.0,6.0,8.0,10.0,8.0,8.0,6.0,7.0,8.0,8.0,6.0,6,9.0
213263,8.0,10.0,9.0,9.0,7.0,10.0,8.0,10.0,10,10.0,7.0,9.0,8.0,9,6.0,8.0,7.0,8.0,9.0,10.0,8.0,9.0,10.0,10.0,10.0,10.0,7.0,9.0,8.0,8.0,7.0,8,8.0
212315,6.0,6.0,8,8.0,8,8.0,6.0,8,8,7.0,6.0,8,7.0,7,7,7.0,6.0,7,7,8.0,8.0,8.0,8,9.0,8,6.0,8,6.0,8.0,7.0,8.0,8,8
210843,7,7,8,7,8,7.0,7.0,8,8,8,6,8,7,8,7,8.0,5.0,7,7,8,7.0,8.0,8,9,8,7,8,6.0,8,7.0,7,7,8
212733,6.0,6.0,8,7.0,8.0,8.0,6.0,7.0,7,5.0,7.0,6.0,7.0,7,9.0,7.0,7.0,7.0,8.0,6.0,8.0,7.0,6.0,7.0,6.0,7.0,6.0,6.0,7.0,8.0,7.0,7,8.0
210211,8,8,9,8,9,10.0,9.0,9,9,9,7,9,8,9,8,8.0,8.0,8,8,9,9.0,8.0,9,10,9,8,9,8.0,9,8.0,8,8,9
212386,7.0,7.0,7,5.0,7,7.0,6.0,7,5,8.0,5.0,7,4.0,5,6,6.0,6.0,6,6,6.0,7.0,6.0,7,8.0,7,6.0,7,7.0,7.0,5.0,6.0,5,7
212451,8.0,6.0,8,7.0,8,7.0,8.0,8,8,8.0,6.0,8,6.0,8,7,8.0,8.0,7,7,7.0,8.0,8.0,8,9.0,8,6.0,8,7.0,8.0,8.0,7.0,7,8
211396,6,6,7,6,7,7.0,6.0,7,6,7,5,7,6,5,6,6.0,6.0,6,6,7,6.0,7.0,7,8,7,6,7,6.0,7,5.0,6,6,7
210818,7,7,8,7,8,7.0,8.0,8,7,8,6,8,7,7,7,7.0,8.0,7,7,8,7.0,7.0,8,9,8,7,8,7.0,8,8.0,7,7,8
212661,6.0,6.0,7.0,7.0,9.0,7.0,7.0,8.0,8,6.0,6.0,6.0,6.0,8,8.0,8.0,7.0,8.0,6.0,6.0,7.0,8.0,6.0,7.0,6.0,6.0,8.0,6.0,8.0,9.0,6.0,6,9.0
212745,6.0,6.0,8.0,6.0,7.0,7.0,6.0,8.0,7,7.0,5.0,7.0,6.0,6,5.0,7.0,6.0,7.0,6.0,7.0,7.0,8.0,7.0,8.0,7.0,7.0,7.0,7.0,7.0,7.0,6.0,5,7
212372,8.0,9.0,9,7.0,9,9.0,8.0,9,9,8.0,7.0,9,6.0,9,8,8.0,8.0,8,8,8.0,8.0,8.0,9,9.0,9,7.0,9,8.0,10.0,9.0,6.0,7,9
210958,6,6,7,6,7,6.0,6.0,7,5,7,5,7,6,5,6,6.0,6.0,6,6,7,6.0,6.0,7,8,7,6,7,6.0,7,6.0,6,6,7
211021,7,7,8,7,8,7.0,6.0,8,9,8,6,8,7,6,7,6.0,6.0,7,7,8,8.0,9.0,8,9,8,7,8,8.0,8,7.0,7,7,8
211290,8,8,9,8,9,9.0,7.0,9,9,9,7,9,8,9,8,8.0,7.0,8,8,9,9.0,8.0,9,10,9,8,9,8.0,9,9.0,8,8,9
212411,9.0,9.0,9,8.0,9,8.0,9.0,9,11,8.0,7.0,9,8.0,9,8,8.0,7.0,8,8,9.0,10.0,10.0,9,10.0,9,8.0,9,9.0,7.0,9.0,8.0,9,9
211246,7,7,8,7,8,8.0,8.0,8,7,8,6,8,7,7,7,7.0,7.0,7,7,8,7.0,7.0,8,9,8,7,8,7.0,8,7.0,7,7,8
213147,7.0,9.0,7.0,7.0,8.0,8.0,8.0,8.0,8,9.0,6.0,8.0,6.0,6,4.0,6.0,7.0,7.0,8.0,8.0,8.0,8.0,9.0,9.0,8.0,6.0,7.0,7.0,8.0,7.0,7.0,7,7.0
212934,7.0,9.0,8.0,9.0,9.0,9.0,8.0,9.0,10,10.0,8.0,9.0,9.0,8,7.0,7.0,7.0,8.0,9.0,10.0,9.0,9.0,10.0,9.0,8.0,10.0,7.0,9.0,9.0,9.0,9.0,10,8.0
212657,6.0,6.0,8,6.0,8,7.0,6.0,8,9,8.0,6.0,8,7.0,6,7,6.0,4.0,7,7.0,9.0,7.0,9.0,9.0,8.0,8,8.0,8,8.0,8.0,7.0,6.0,6,6.0
213026,6.0,8.0,7.0,7.0,7.0,8.0,8.0,8.0,7,7.0,6.0,6.0,6.0,9,7.0,9.0,9.0,7.0,7.0,7.0,7.0,7.0,7.0,9.0,7.0,7.0,8.0,7.0,8.0,8.0,6.0,6,8.0
210852,6,6,7,6,7,6.0,7.0,7,7,7,5,7,6,5,6,6.0,6.0,6,6,7,7.0,8.0,7,8,7,6,7,6.0,7,8.0,6,6,7
211029,7,7,8,7,8,8.0,8.0,8,7,8,6,8,7,7,7,7.0,8.0,7,7,8,7.0,7.0,8,9,8,7,8,6.0,8,8.0,7,7,8
213251,7.0,8.0,7.0,8.0,6.0,8.0,7.0,7.0,9,8.0,7.0,8.0,7.0,9,7.0,9.0,8.0,7.0,8.0,9.0,7.0,9.0,8.0,9.0,8.0,8.0,6.0,8.0,8.0,7.0,7.0,7,8.0
212926,7.0,7.0,7.0,7.0,7.0,6.0,8.0,8.0,6,7.0,5.0,6.0,5.0,6,6.0,7.0,6.0,7.0,6.0,6.0,7.0,7.0,6.0,10.0,8.0,7.0,8.0,7.0,6.0,7.0,6.0,5,7
212776,8.0,10.0,8.0,8.0,8.0,9.0,8.0,9.0,10,9.0,7.0,9.0,7.0,9,8.0,8.0,8.0,7.0,8.0,9.0,9.0,9.0,10.0,9.0,9.0,10.0,9.0,8.0,10.0,7.0,8.0,9,9.0
211532,9.0,10.0,9,8.0,9,9.0,9.0,9,10,10.0,7.0,9,7.0,9,8,8.0,8.0,8,8,10.0,9.0,9.0,9,10.0,9,9.0,9,8.0,9.0,8.0,7.0,8,9
210312,7,7,8,7,8,7.0,6.0,8,8,8,6,8,7,7,7,7.0,7.0,7,7,8,8.0,8.0,8,9,8,7,8,7.0,8,7.0,7,7,8
211629,6.0,7.0,7,6.0,7,6.0,7.0,7,5,7.0,5.0,7,4.0,5,6,6.0,7.0,6,6,7,5.0,6.0,7,8.0,7,5.0,7,5.0,7.0,5.0,6,6,7
210694,7,7,8,7,8,8.0,6.0,8,8,8,6,8,7,7,7,7.0,7.0,7,7,8,9.0,8.0,8,9,8,7,8,7.0,8,9.0,7,7,8
212480,8.0,7.0,9,8.0,9,9.0,7.0,9,10,7.0,8.0,9,8.0,9,8,8.0,7.0,8,8,8.0,10.0,9.0,9,9.0,9,8.0,9,8.0,10.0,10.0,8.0,9,9
211180,7,7,8,7,8,8.0,8.0,8,8,8,6,8,7,7,7,7.0,7.0,7,7,8,8.0,8.0,8,9,8,7,8,6.0,8,8.0,7,7,8
212674,9.0,9.0,9.0,8.0,7.0,9.0,9.0,10.0,10,10.0,7.0,7.0,7.0,10,7.0,9.0,9.0,8.0,7.0,7.0,8.0,9.0,8.0,10.0,9.0,7.0,9.0,8.0,9.0,8.0,7.0,8,9.0
212877,6.0,6.0,7.0,6.0,5.0,7.0,6.0,8.0,5,7.0,6.0,6.0,5.0,6,4.0,7.0,6.0,7.0,6.0,7.0,7.0,6.0,6.0,8.0,7.0,6.0,7.0,6.0,7.0,6.0,6.0,5,7.0
212785,5.0,6.0,7,7.0,7,6.0,6.0,7,7,6.0,6.0,7,7.0,5,6,6.0,6.0,6,8.0,7.0,6.0,8.0,9.0,7.0,7,8.0,7,6.0,7.0,7.0,7.0,6,7.0
213186,6.0,8.0,7.0,6.0,5.0,7.0,7.0,7.0,6,7.0,6.0,7.0,6.0,5,4.0,6.0,6.0,5.0,6.0,7.0,7.0,7.0,8.0,8.0,6.0,7.0,5.0,7.0,6.0,6.0,6.0,5,6.0
210521,7,7,8,7,8,7.0,7.0,8,9,8,6,8,7,8,7,8.0,6.0,7,7,8,9.0,9.0,8,9,8,7,8,7.0,8,7.0,7,7,8
211333,7,7,8,7,8,8.0,8.0,8,8,8,6,8,7,7,7,7.0,7.0,7,7,8,7.0,8.0,8,9,8,7,8,7.0,8,8.0,7,7,8
212705,6.0,6.0,6.0,7.0,7.0,7.0,8.0,7.0,8,6.0,6.0,7.0,6.0,9,7.0,9.0,7.0,8.0,8.0,6.0,8.0,8.0,7.0,8.0,6.0,7.0,7.0,7.0,9.0,8.0,6.0,6,9.0
211264,8,8,9,8,9,7.0,7.0,9,9,9,7,9,8,10,8,9.0,8.0,8,8,9,8.0,8.0,9,10,9,8,9,7.0,9,9.0,8,8,9
210558,6,6,7,6,7,7.0,6.0,7,7,7,5,7,6,5,6,6.0,5.0,6,6,7,8.0,8.0,7,8,7,6,7,7.0,7,7.0,6,6,7
211358,7,7,8,7,8,7.0,9.0,8,7,8,6,8,7,9,7,9.0,8.0,7,7,8,8.0,7.0,8,9,8,7,8,6.0,8,7.0,7,7,8
210246,6,6,7,6,7,7.0,7.0,7,4,7,5,7,6,5,6,6.0,7.0,6,6,7,6.0,5.0,7,8,7,6,7,6.0,7,6.0,6,6,7
212619,7.0,8.0,10.0,8.0,10.0,8.0,8.0,10.0,11,9.0,8.0,9.0,9.0,10,9.0,9.0,7.0,8.0,7.0,10.0,10.0,10.0,9.0,10.0,9.0,8.0,10.0,9.0,8.0,10.0,8.0,9,8.0
213157,9.0,9.0,10.0,8.0,10.0,8.0,8.0,10.0,11,9.0,6.0,9.0,8.0,9,7.0,8.0,8.0,10.0,8.0,9.0,10.0,10.0,9.0,10.0,9.0,8.0,9.0,9.0,8.0,8.0,7.0,8,9.0
212793,7.0,9.0,8.0,8.0,8.0,8.0,8.0,9.0,10,10.0,7.0,10.0,9.0,9,6.0,8.0,8.0,8.0,9.0,10.0,8.0,9.0,9.0,10.0,9.0,10.0,9.0,9.0,10.0,8.0,9.0,10,9.0
212633,7.0,9.0,7.0,8.0,7.0,9.0,7.0,9.0,8,10.0,6.0,9.0,7.0,7,4.0,7.0,7.0,7.0,7.0,8.0,7.0,8.0,9.0,10.0,8.0,9.0,8.0,7.0,8.0,7.0,7.0,7,8.0
211335,8,8,9,8,9,9.0,9.0,9,10,9,7,9,8,9,8,8.0,8.0,8,8,9,8.0,9.0,9,10,9,8,9,9.0,9,8.0,8,8,9
212676,7.0,7.0,9.0,7.0,9.0,7.0,6.0,9.0,10,8.0,7.0,7.0,8.0,7,7.0,7.0,6.0,6.0,7.0,8.0,9.0,10.0,8.0,8.0,7.0,9.0,8.0,7.0,8.0,9.0,8.0,8,8.0
211314,6,6,7,6,7,7.0,6.0,7,6,7,5,7,6,4,6,5.0,5.0,6,6,7,7.0,7.0,7,8,7,6,7,7.0,7,6.0,6,6,7
210388,7,7,8,7,8,8.0,8.0,8,9,8,6,8,7,8,7,8.0,7.0,7,7,8,7.0,9.0,8,9,8,7,8,8.0,8,7.0,7,7,8
211494,6,6,7,6,7,8.0,6.0,7,6,7,5,7,6,6,6,7.0,6.0,6,6,7,7.0,7.0,7,8,7,6,7,5.0,7,7.0,6,6,7
212672,6.0,8.0,7.0,8.0,9.0,9.0,8.0,7.0,10,8.0,7.0,8.0,8.0,9,8.0,8.0,8.0,7.0,9.0,9.0,9.0,9.0,9.0,8.0,7.0,10.0,6.0,8.0,10.0,9.0,8.0,9,8.0
212802,6.0,6.0,7.0,7.0,8.0,7.0,7.0,9.0,7,6.0,6.0,7.0,5.0,8,7.0,8.0,7.0,7.0,6.0,7.0,8.0,7.0,6.0,9.0,7.0,6.0,8.0,6.0,6.0,7.0,6.0,6,7.0
210712,7,7,8,7,8,7.0,8.0,8,7,8,6,8,7,7,7,7.0,9.0,7,7,8,7.0,7.0,8,9,8,7,8,6.0,8,7.0,7,7,8
212118,6.0,6.0,7,5.0,7,6.0,4.0,7,7,7.0,6.0,7,6.0,4,6,5.0,4.0,6,6,7.0,8.0,8.0,7,7.0,7,8.0,7,6.0,5.0,6.0,7.0,6,7
212668,8.0,7.0,7.0,8.0,8.0,8.0,8.0,8.0,7,7.0,7.0,6.0,6.0,8,9.0,8.0,8.0,8.0,8.0,7.0,8.0,7.0,7.0,8.0,8.0,7.0,7.0,7.0,10.0,9.0,8.0,8,10.0
210177,8,8,9,8,9,9.0,10.0,9,9,9,7,9,8,9,8,8.0,8.0,8,8,9,8.0,8.0,9,10,9,8,9,9.0,9,8.0,8,8,9
211171,7,7,8,7,8,9.0,7.0,8,7,8,6,8,7,6,7,6.0,7.0,7,7,8,8.0,7.0,8,9,8,7,8,7.0,8,6.0,7,7,8
210768,7,7,8,7,8,8.0,8.0,8,7,8,6,8,7,7,7,7.0,7.0,7,7,8,6.0,7.0,8,9,8,7,8,7.0,8,6.0,7,7,8
211944,7.0,7.0,7,7.0,7,7.0,6.0,7,6,7.0,5.0,7,4.0,5,6,6.0,7.0,6,6,5.0,6.0,7.0,7,9.0,7,6.0,7,6.0,7.0,5.0,5.0,4,7
211082,8,8,9,8,9,9.0,10.0,9,9,9,7,9,8,9,8,8.0,10.0,8,8,9,7.0,8.0,9,10,9,8,9,7.0,9,8.0,8,8,9
210592,8,8,9,8,9,9.0,9.0,9,9,9,7,9,8,9,8,8.0,10.0,8,8,9,8.0,8.0,9,10,9,8,9,7.0,9,9.0,8,8,9
212329,6.0,7.0,7,7.0,7,6.0,6.0,7,7,7.0,5.0,7,5.0,3,6,4.0,5.0,6,6,7.0,7.0,8.0,7,8.0,7,6.0,7,6.0,7.0,6.0,5.0,4,7
213226,6.0,6.0,7.0,9.0,8.0,7.0,7.0,7.0,8,7.0,6.0,7.0,8.0,8,8.0,8.0,7.0,7.0,8.0,8.0,8.0,8.0,8.0,7.0,7.0,9.0,7.0,7.0,7.0,9.0,8.0,8,8.0
211064,8,8,9,8,9,8.0,7.0,9,10,9,7,9,8,8,8,7.0,8.0,8,8,9,9.0,9.0,9,10,9,8,9,8.0,9,7.0,8,8,9
211931,6.0,6.0,7,6.0,7,8.0,6.0,7,7,7.0,5.0,7,9.0,5,6,6.0,5.0,6,6,9.0,7.0,8.0,7,7.0,7,9.0,7,7.0,7.0,6.0,6.0,5,7
213073,7.0,6.0,8.0,8.0,10.0,9.0,8.0,8.0,10,7.0,7.0,8.0,7.0,10,10.0,9.0,8.0,9.0,9.0,7.0,10.0,9.0,8.0,8.0,6.0,8.0,7.0,7.0,9.0,10.0,9.0,10,9.0
212562,8.0,9.0,8.0,8.0,9.0,10.0,8.0,9.0,10,10.0,7.0,10.0,8.0,9,6.0,8.0,9.0,8.0,8.0,10.0,9.0,9.0,10.0,10.0,9.0,9.0,8.0,9.0,9.0,8.0,8.0,9,8.0
211108,7,7,8,7,8,8.0,9.0,8,7,8,6,8,7,8,7,8.0,8.0,7,7,8,6.0,7.0,8,9,8,7,8,6.0,8,7.0,7,7,8
211127,8,8,9,8,9,8.0,8.0,9,9,9,7,9,8,9,8,8.0,8.0,8,8,9,9.0,8.0,9,10,9,8,9,6.0,9,9.0,8,8,9
210216,7,7,8,7,8,8.0,7.0,8,8,8,6,8,7,7,7,7.0,7.0,7,7,8,9.0,8.0,8,9,8,7,8,6.0,8,8.0,7,7,8
211437,6,6,7,6,7,6.0,6.0,7,6,7,5,7,6,5,6,6.0,7.0,6,6,7,7.0,7.0,7,8,7,6,7,6.0,7,6.0,6,6,7
211279,6,6,7,6,7,7.0,4.0,7,7,7,5,7,6,5,6,6.0,5.0,6,6,7,7.0,8.0,7,8,7,6,7,6.0,7,7.0,6,6,7
211350,6,6,7,6,7,6.0,7.0,7,7,7,5,7,6,7,6,8.0,6.0,6,6,7,7.0,8.0,7,8,7,6,7,5.0,7,7.0,6,6,7
210068,6,6,7,6,7,6.0,6.0,7,6,7,5,7,6,6,6,7.0,7.0,6,6,7,7.0,7.0,7,8,7,6,7,6.0,7,8.0,6,6,7
212183,6.0,8.0,8,7.0,8,8.0,8.0,8,6,7.0,5.0,8,6.0,7,7,7.0,9.0,7,7,7.0,6.0,6.0,8,10.0,8,6.0,8,6.0,8.0,7.0,6.0,6,8
211618,8.0,6.0,8,7.0,8,8.0,7.0,8,8,6.0,6.0,8,6.0,8,7,8.0,7.0,7,7,7.0,8.0,8.0,8,9.0,8,7.0,8,6.0,8.0,8.0,7.0,7,8
212492,7.0,6.0,7,6.0,7,6.0,6.0,7,5,6.0,4.0,7,3.0,7,6,8.0,8.0,6,6,7,7.0,6.0,7,9.0,7,4.0,7,5.0,7.0,6.0,6,6,7
213019,9.0,8.0,9.0,8.0,10.0,9.0,8.0,10.0,11,9.0,7.0,9.0,8.0,8,7.0,7.0,7.0,8.0,7.0,9.0,10.0,10.0,9.0,10.0,9.0,9.0,9.0,9.0,9.0,9.0,9.0,10,7.0
210516,6,6,7,6,7,8.0,5.0,7,7,7,5,7,6,5,6,6.0,7.0,6,6,7,7.0,8.0,7,8,7,6,7,6.0,7,7.0,6,6,7
210503,7,7,8,7,8,9.0,8.0,8,8,8,6,8,7,8,7,8.0,7.0,7,7,8,8.0,8.0,8,9,8,7,8,6.0,8,8.0,7,7,8
212140,7.0,7.0,8,7.0,8,8.0,6.0,8,8,8.0,6.0,8,8.0,6,7,6.0,6.0,7,7,8.0,8.0,8.0,8,9.0,8,9.0,8,7.0,7.0,8.0,8.0,8,8
212317,5.0,7.0,7,7.0,7,7.0,7.0,7,4,6.0,5.0,7,4.0,6,6,7.0,7.0,6,6,5.0,6.0,5.0,7,8.0,7,5.0,7,6.0,7.0,6.0,5.0,4,7
211805,7.0,8.0,8,8.0,8,7.0,7.0,8,8,7.0,7.0,8,7.0,7,7,7.0,7.0,7,7,7.0,7.0,8.0,8,8.0,8,7.0,8,7.0,8.0,8.0,6.0,6,8
212586,8.0,8.0,7.0,8.0,8.0,9.0,8.0,8.0,8,8.0,7.0,8.0,6.0,9,7.0,8.0,9.0,7.0,8.0,8.0,9.0,7.0,8.0,10.0,8.0,8.0,8.0,8.0,8.0,7.0,7.0,8,9.0
210354,6,6,7,6,7,6.0,7.0,7,5,7,5,7,6,5,6,6.0,7.0,6,6,7,7.0,6.0,7,8,7,6,7,6.0,7,6.0,6,6,7
212792,6.0,7.0,7.0,7.0,7.0,7.0,7.0,9.0,6,7.0,5.0,7.0,6.0,6,6.0,7.0,7.0,6.0,6.0,8.0,6.0,7.0,7.0,8.0,8.0,7.0,7.0,6.0,6.0,6.0,6.0,5,7
210616,8,8,9,8,9,9.0,8.0,9,11,9,7,9,8,9,8,8.0,8.0,8,8,9,8.0,10.0,9,10,9,8,9,8.0,9,9.0,8,8,9
213141,6.0,8.0,7.0,7.0,7.0,8.0,7.0,8.0,7,7.0,6.0,7.0,6.0,7,7.0,7.0,7.0,6.0,7.0,8.0,7.0,7.0,7.0,8.0,7.0,6.0,6.0,6.0,8.0,7.0,6.0,6,9.0
210633,7,7,8,7,8,7.0,8.0,8,9,8,6,8,7,8,7,8.0,6.0,7,7,8,8.0,9.0,8,9,8,7,8,7.0,8,7.0,7,7,8
211214,6,6,7,6,7,7.0,6.0,7,6,7,5,7,6,5,6,6.0,8.0,6,6,7,6.0,7.0,7,8,7,6,7,6.0,7,6.0,6,6,7
210785,6,6,7,6,7,7.0,6.0,7,6,7,5,7,6,5,6,6.0,5.0,6,6,7,6.0,7.0,7,8,7,6,7,7.0,7,6.0,6,6,7
212578,7.0,7.0,7.0,7.0,8.0,8.0,7.0,9.0,7,6.0,6.0,7.0,6.0,9,7.0,9.0,9.0,8.0,6.0,6.0,8.0,7.0,6.0,9.0,7.0,6.0,8.0,6.0,7.0,7.0,6.0,6,9.0
211620,8.0,8.0,9,9.0,9,8.0,9.0,9,8,8.0,7.0,9,7.0,10,8,9.0,10.0,8,8,7.0,8.0,7.0,9,10.0,9,7.0,9,7.0,10.0,8.0,6.0,7,9
212966,6.0,7.0,7.0,6.0,7.0,7.0,6.0,9.0,7,6.0,6.0,9.0,6.0,7,6.0,7.0,7.0,7.0,6.0,7.0,7.0,7.0,7.0,9.0,7.0,6.0,8.0,7.0,7.0,7.0,6.0,6,8.0
210084,7,7,8,7,8,7.0,7.0,8,9,8,6,8,7,7,7,7.0,5.0,7,7,8,8.0,9.0,8,9,8,7,8,8.0,8,8.0,7,7,8
212524,9.0,9.0,8.0,8.0,6.0,9.0,8.0,8.0,9,10.0,7.0,9.0,7.0,9,5.0,8.0,9.0,10.0,7.0,9.0,8.0,8.0,9.0,10.0,9.0,8.0,7.0,8.0,10.0,8.0,7.0,8,8.0
212472,7.0,6.0,7,6.0,7,6.0,6.0,7,7,6.0,5.0,7,6.0,6,6,7.0,6.0,6,6,6.0,8.0,8.0,7,8.0,7,6.0,7,6.0,6.0,7.0,5.0,4,7
211833,5.0,6.0,6,5.0,6,6.0,6.0,6,4,5.0,5.0,6,5.0,4,5,6.0,6.0,5,5,6,8.0,6.0,6,7.0,6,5.0,6,5.0,6.0,7.0,5,5,6
211904,7.0,7.0,9,9.0,9,9.0,9.0,9,10,8.0,7.0,9,8.0,11,8,10.0,8.0,8,8,9.0,10.0,9.0,9,9.0,9,9.0,9,8.0,9.0,10.0,8.0,9,9
211042,7,7,8,7,8,7.0,7.0,8,7,8,6,8,7,7,7,7.0,8.0,7,7,8,7.0,7.0,8,9,8,7,8,7.0,8,8.0,7,7,8
213205,8.0,9.0,10.0,8.0,9.0,10.0,7.0,10.0,10,10.0,9.0,9.0,7.0,9,7.0,8.0,8.0,8.0,7.0,9.0,9.0,9.0,8.0,10.0,9.0,9.0,8.0,8.0,8.0,8.0,7.0,8,9.0
211861,7.0,9.0,8,7.0,8,8.0,8.0,8,8,8.0,5.0,8,6.0,8,7,8.0,8.0,7,7,7.0,6.0,8.0,8,9.0,8,6.0,8,7.0,7.0,7.0,6.0,6,8
211614,6.0,5.0,7,7.0,7,6.0,6.0,7,7,6.0,6.0,7,7.0,6,6,7.0,7.0,6,6,7.0,8.0,8.0,7,7.0,7,7.0,7,7.0,8.0,8.0,7.0,6,7
211694,5.0,6.0,7,7.0,7,7.0,7.0,7,5,6.0,5.0,7,6.0,7,6,8.0,7.0,6,6,6.0,7.0,6.0,7,7.0,7,6.0,7,6.0,8.0,7.0,6.0,5,7
211580,8.0,8.0,9,8.0,9,8.0,9.0,9,9,10.0,6.0,9,7.0,10,8,9.0,9.0,8,8,8.0,8.0,8.0,9,10.0,9,8.0,9,7.0,10.0,8.0,7.0,8,9
212893,6.0,6.0,8.0,7.0,8.0,8.0,7.0,8.0,7,7.0,7.0,8.0,7.0,7,7.0,7.0,7.0,7.0,7.0,7.0,8.0,7.0,7.0,9.0,7.0,7.0,7.0,7.0,9.0,8.0,7.0,7,8.0
211411,6,6,7,6,7,5.0,7.0,7,7,7,5,7,6,5,6,6.0,6.0,6,6,7,7.0,8.0,7,8,7,6,7,6,7,8.0,6,6,7
213160,7.0,8.0,9.0,8.0,9.0,10.0,10.0,10.0,10,10.0,8.0,9.0,9.0,9,6.0,8.0,9.0,9.0,8.0,10.0,8.0,9.0,10.0,10.0,8.0,10.0,9.0,9.0,9.0,8.0,8.0,9,8.0
212748,8.0,9.0,7.0,8.0,8.0,10.0,9.0,9.0,10,10.0,7.0,9.0,8.0,9,7.0,8.0,9.0,9.0,9.0,10.0,8.0,9.0,10.0,10.0,10.0,9.0,9.0,9.0,10.0,8.0,8.0,9,8.0
210986,7,7,8,7,8,7.0,6.0,8,8,8,6,8,7,7,7,7.0,6.0,7,7,8,8.0,8.0,8,9,8,7,8,7.0,8,8.0,7,7,8
210832,6,6,7,6,7,7.0,5.0,7,5,7,5,7,6,5,6,6.0,6.0,6,6,7,5.0,6.0,7,8,7,6,7,6.0,7,6.0,6,6,7
212880,6.0,7.0,8.0,7.0,8.0,8.0,8.0,9.0,9,7.0,7.0,9.0,8.0,8,7.0,8.0,7.0,6.0,7.0,9.0,8.0,9.0,8.0,9.0,8.0,8.0,8.0,7.0,8.0,8.0,7.0,7,7.0
211745,7.0,6.0,7,6.0,7,6.0,6.0,7,7,7.0,5.0,7,7.0,5,6,6.0,6.0,6,6,7.0,7.0,8.0,7,9.0,7,6.0,7,7.0,6.0,7.0,6.0,5,7
212460,6.0,7.0,7,6.0,7,6.0,7.0,7,5,5.0,5.0,7,4.0,5,6,6.0,7.0,6,6,7,6.0,6.0,7,8.0,7,6.0,7,5.0,7.0,5.0,6,6,7
210095,8,8,9,8,9,9.0,9.0,9,9,9,7,9,8,10,8,9.0,9.0,8,8,9,9.0,8.0,9,10,9,8,9,8.0,9,7.0,8,8,9
210791,8,8,9,8,9,9.0,7.0,9,9,9,7,9,8,9,8,8.0,7.0,8,8,9,9.0,8.0,9,10,9,8,9,9.0,9,9.0,8,8,9
210590,7,7,8,7,8,8.0,7.0,8,7,8,6,8,7,7,7,7.0,7.0,7,7,8,9.0,7.0,8,9,8,7,8,8.0,8,9.0,7,7,8
211809,7.0,8.0,8,7.0,8,7.0,6.0,8,9,9.0,7.0,8,8.0,6,7,6.0,7.0,7,7,9.0,8.0,9.0,8,8.0,8,9.0,8,7.0,8.0,8.0,8.0,8,8
210219,7,7,8,7,8,8.0,7,8,8,8,6,8,7,7,7,7.0,6.0,7,7,8,8.0,8.0,8,9,8,7,8,7.0,8,7.0,7,7,8
210265,6,6,7,6,7,6.0,6.0,7,6,7,5,7,6,5,6,6.0,6.0,6,6,7,6.0,7.0,7,8,7,6,7,6.0,7,6.0,6,6,7
212394,7.0,7.0,8,8.0,8,8.0,8.0,8,7,7.0,5.0,8,6.0,8,7,8.0,8.0,7,7,5.0,7.0,7.0,8,9.0,8,4.0,8,6.0,8.0,7.0,6.0,6,8
211965,7.0,7.0,8,6.0,8,8.0,7.0,8,8,8.0,6.0,8,6.0,6,7,6.0,7.0,7,7,8.0,8.0,8.0,8,9.0,8,8.0,8,8.0,8.0,7.0,7.0,7,8
212072,9.0,8.0,9,8.0,9,9.0,9.0,9,10,10.0,8.0,9,7.0,9,8,8.0,8.0,8,8,9.0,9.0,9.0,9,10.0,9,8.0,9,8.0,8.0,9.0,7.0,8,9
212916,7.0,8.0,7.0,8.0,7.0,8.0,8.0,6.0,6,7.0,6.0,6.0,6.0,8,7.0,8.0,9.0,7.0,7.0,6.0,7.0,6.0,7.0,8.0,6.0,7.0,6.0,6.0,9.0,8.0,6.0,6,8.0
210505,8,8,9,8,9,8.0,8.0,9,8,9,7,9,8,9,8,8.0,9.0,8,8,9,9,7.0,9,10,9,8,9,7.0,9,8.0,8,8,9
210697,6,6,7,6,7,6.0,5.0,7,7,7,5,7,6,5,6,6.0,5.0,6,6,7,8.0,8.0,7,8,7,6,7,7.0,7,7.0,6,6,7
210815,7,7,8,7,8,8.0,7.0,8,8,8,6,8,7,7,7,7.0,8.0,7,7,8,8.0,8.0,8,9,8,7,8,7.0,8,8.0,7,7,8
211539,6.0,7.0,8,7.0,8,8.0,6.0,8,9,8.0,7.0,8,8.0,6,7,6.0,6.0,7,7,8.0,8.0,9.0,8,8.0,8,8.0,8,7.0,8.0,7.0,8.0,8,8
212069,6.0,9.0,8,6.0,8,7.0,7.0,8,8,9.0,5.0,8,7.0,7,7,7.0,6.0,7,7,9.0,7.0,8.0,8,9.0,8,8.0,8,7.0,8.0,7.0,6.0,6,8
211274,6,6,7,6,7,6.0,7.0,7,6,7,5,7,6,7,6,8.0,6.0,6,6,7,7.0,7.0,7,8,7,6,7,6.0,7,7.0,6,6,7
212461,8.0,9.0,9,9.0,9,9.0,10.0,9,9,8.0,7.0,9,7.0,10,8,9.0,10.0,8,8,8.0,9.0,8.0,9,10.0,9,7.0,9,8.0,9.0,9.0,8.0,9,9
211299,8,8,9,8,9,9.0,8.0,9,10,9,7,9,8,9,8,8.0,8.0,8,8,9,9.0,9.0,9,10,9,8,9,8.0,9,9.0,8,8,9
211154,7,7,8,7,8,8.0,8.0,8,7,8,6,8,7,7,7,7.0,8.0,7,7,8,7.0,7.0,8,9,8,7,8,7.0,8,7.0,7,7,8
211685,7.0,8.0,8,7.0,8,7.0,7.0,8,9,8.0,6.0,8,8.0,7,7,7.0,6.0,7,7,8.0,8.0,9.0,8,8.0,8,8.0,8,7.0,7.0,7.0,6.0,6,8
210528,8,8,9,8,9,8.0,8.0,9,8,9,7,9,8,9,8,8.0,8.0,8,8,9,9.0,7.0,9,10,9,8,9,7.0,9,8.0,8,8,9
211762,7.0,9.0,9,8.0,9,8.0,9.0,9,9,8.0,7.0,9,7.0,7,8,6.0,9.0,8,8,9.0,9.0,8.0,9,9.0,9,8.0,9,7.0,9.0,8.0,8.0,9,9
210882,7,7,8,7,8,8.0,9.0,8,8,8,6,8,7,8,7,8.0,7.0,7,7,8,7.0,8.0,8,9,8,7,8,8.0,8,7.0,7,7,8
211199,7,7,8,7,8,8.0,8.0,8,8,8,6,8,7,6,7,6.0,7.0,7,7,8,7.0,8.0,8,9,8,7,8,7.0,8,8.0,7,7,8
210940,6,6,7,6,7,6.0,6.0,7,5,7,5,7,6,6,6,7.0,6.0,6,6,7,8.0,6.0,7,8,7,6,7,5.0,7,7.0,6,6,7
213112,7.0,7.0,8.0,8.0,9.0,7.0,8.0,8.0,9,7.0,7.0,8.0,6.0,9,9.0,8.0,9.0,8.0,9.0,7.0,9.0,8.0,8.0,9.0,7.0,7.0,7.0,6.0,9.0,8.0,8.0,9,10.0
211038,8,8,9,8,9,9.0,8.0,9,11,9,7,9,8,9,8,8.0,8.0,8,8,9,10.0,10.0,9,10,9,8,9,7.0,9,8.0,8,8,9
210507,6,6,7,6,7,6.0,7.0,7,6,7,5,7,6,5,6,6.0,7.0,6,6,7,6.0,7.0,7,8,7,6,7,5.0,7,7.0,6,6,7
210546,7,7,8,7,8,7.0,6.0,8,7,8,6,8,7,8,7,8.0,6.0,7,7,8,9.0,7.0,8,9,8,7,8,8.0,8,7.0,7,7,8
212920,6.0,6.0,8.0,7.0,8.0,6.0,7.0,8.0,6,7.0,4.0,6.0,6.0,6,7.0,7.0,6.0,7.0,6.0,7.0,7.0,7.0,6.0,7.0,6.0,6.0,8.0,6.0,7.0,7.0,5.0,4,7
211508,8,8,9,8,9,7.0,8.0,9,10,9,7,9,8,10,8,9.0,7.0,8,8,9,9.0,9.0,9,10,9,8,9,8.0,9,9.0,8,8,9
211240,8,8,9,8,9,9.0,8.0,9,10,9,7,9,8,9,8,8.0,8.0,8,8,9,10.0,9.0,9,10,9,8,9,7.0,9,8.0,8,8,9
211775,6.0,6.0,7,6.0,7,7.0,6.0,7,8,7.0,5.0,7,7.0,5,6,6.0,5.0,6,6,7.0,8.0,9.0,7,7.0,7,8.0,7,6.0,6.0,7.0,7.0,6,7
211744,7.0,9.0,9,9.0,9,9.0,9.0,9,10,8.0,6.0,9,8.0,10,8,9.0,9.0,8,8,9.0,8.0,9.0,9,10.0,9,8.0,9,7.0,10.0,8.0,8.0,9,9
210085,6,6,7,6,7,6.0,8.0,7,5,7,5,7,6,7,6,8.0,8.0,6,6,7,6.0,6.0,7,8,7,6,7,5.0,7,7.0,6,6,7
211739,7.0,7.0,8,8.0,8,7.0,9.0,8,8,8.0,6.0,8,7.0,9,7,9.0,9.0,7,7,7.0,6.0,8.0,8,10.0,8,9.0,8,6.0,8.0,7.0,6.0,6,8
213158,7.0,8.0,7.0,7.0,7.0,7.0,8.0,9.0,6,7.0,6.0,6.0,5.0,9,8.0,9.0,8.0,8.0,7.0,7.0,6.0,6.0,6.0,9.0,7.0,6.0,8.0,7.0,7.0,7.0,6.0,6,9.0
210601,8,8,9,8,9,9.0,9.0,9,9,9,7,9,8,8,8,7.0,9.0,8,8,9,8.0,8.0,9,10,9,8,9,8.0,9,8.0,8,8,9
210991,7,7,8,7,8,9.0,8.0,8,7,8,6,8,7,7,7,7.0,9.0,7,7,8,6.0,7.0,8,9,8,7,8,6.0,8,6.0,7,7,8
212566,5.0,6.0,7,6.0,7,7.0,6.0,7,5,6.0,5.0,7,5.0,5,6,6.0,8.0,6,7.0,6.0,6.0,6.0,6.0,8.0,7,6.0,7,6.0,8.0,6.0,6.0,5,7
210033,8,8,9,8,9,8.0,8.0,9,11,9,7,9,8,10,8,9.0,8.0,8,8,9,9.0,10.0,9,10,9,8,9,7.0,9,10.0,8,8,9
212011,7.0,7.0,8,8.0,8,8.0,7.0,8,8,7.0,7.0,8,7.0,8,7,8.0,7.0,7,7,7.0,8.0,8.0,8,9.0,8,9.0,8,7.0,8.0,7.0,6.0,6,8
211520,8,8,9,8,9,9.0,9.0,9,9,9,7,9,8,11,8,10.0,9.0,8,8,9,9.0,8.0,9,10,9,8,9,7.0,9,9.0,8,8,9
210357,7,7,8,7,8,7.0,7.0,8,8,8,6,8,7,8,7,8.0,6.0,7,7,8,8.0,8.0,8,9,8,7,8,6.0,8,9.0,7,7,8
212626,7.0,8.0,8.0,7.0,8.0,7.0,8.0,8.0,8,7.0,7.0,7.0,7.0,7,8.0,7.0,8.0,7.0,8.0,8.0,9.0,8.0,8.0,9.0,7.0,8.0,6.0,7.0,8.0,8.0,9.0,9,8.0
212227,9.0,10.0,9,9.0,9,9.0,10.0,9,11,10.0,7.0,9,7.0,9,8,8.0,8.0,8,8,10.0,8.0,10.0,9,10.0,9,10.0,9,9.0,10.0,7.0,7.0,8,9
212447,6.0,6.0,8,6.0,8,7.0,6.0,8,9,6.0,7.0,8,8.0,6,7,6.0,6.0,7,7,8.0,9.0,9.0,8,8.0,8,8.0,8,8.0,7.0,8.0,8.0,8,8
210676,6,6,7,6,7,7.0,7.0,7,6,7,5,7,6,6,6,7.0,6.0,6,6,7,7.0,7.0,7,8,7,6,7,6.0,7,6.0,6,6,7
213096,7.0,7.0,8.0,8.0,9.0,8.0,7.0,9.0,10,8.0,7.0,8.0,8.0,9,7.0,8.0,8.0,7.0,9.0,9.0,8.0,9.0,8.0,9.0,6.0,9.0,8.0,7.0,9.0,10.0,8.0,9,8.0
212584,6.0,7.0,8.0,9.0,8.0,8.0,9.0,8.0,11,8.0,8.0,9,8.0,8,8.0,7.0,8.0,6.0,8.0,8.0,8.0,10.0,9.0,9.0,7.0,9.0,8.0,8.0,10.0,9.0,9.0,10,9.0
212874,7.0,7.0,8.0,8.0,9.0,8.0,9.0,9.0,7,7.0,7.0,8.0,6.0,8,8.0,8.0,8.0,8.0,7.0,7.0,9.0,7.0,7.0,9.0,8.0,6.0,7.0,7.0,8.0,8.0,8.0,8,9.0
211373,7,7,8,7,8,7.0,6.0,8,9,8,6,8,7,7,7,7.0,4.0,7,7,8,9.0,9.0,8,9,8,7,8,7.0,8,7.0,7,7,8
211822,6.0,6.0,8,6.0,8,7.0,6.0,8,8,6.0,7.0,8,6.0,8,7,8.0,6.0,7,7,6.0,9.0,8.0,8,8.0,8,7.0,8,6.0,7.0,8.0,8.0,8,8
212914,4.0,6.0,7,6.0,7,6.0,7.0,7,5,7.0,6.0,7,6.0,5,6,6.0,6.0,6,8.0,7.0,6.0,6.0,7.0,7.0,7,7.0,7,7.0,7.0,7.0,6.0,5,7.0
212437,7.0,6.0,6,6.0,6,6.0,7.0,6,3,5.0,3.0,6,4.0,4,5,6.0,8.0,5,5,5.0,6.0,5.0,6,8.0,6,4.0,6,6.0,7.0,6.0,4.0,2,6
211589,9.0,8.0,9,8.0,9,8.0,8.0,9,10,8.0,8.0,9,8.0,10,8,9.0,9.0,8,8,8.0,10.0,9.0,9,10.0,9,8.0,9,9.0,10.0,8.0,7.0,8,9
211441,7,7,8,7,8,7.0,5.0,8,9,8,6,8,7,6,7,6.0,7.0,7,7,8,10.0,9.0,8,9,8,7,8,7.0,8,8.0,7,7,8
211518,6,6,7,6,7,7.0,7.0,7,6,7,5,7,6,6,6,7.0,6.0,6,6,7,7,7.0,7,8,7,6,7,6.0,7,7.0,6,6,7
212008,6.0,7.0,8,8.0,8,8.0,7.0,8,9,9.0,8.0,8,8.0,7,7,7.0,6.0,7,7,10.0,9.0,9.0,8,7.0,8,9.0,8,8.0,8.0,8.0,7.0,7,8
210657,6,6,7,6,7,7.0,6.0,7,5,7,5,7,6,6,6,7.0,7.0,6,6,7,7.0,6.0,7,8,7,6,7,5.0,7,7.0,6,6,7
210212,8,8,9,8,9,8.0,8.0,9,10,9,7,9,8,9,8,8.0,6.0,8,8,9,10.0,9.0,9,10,9,8,9,8.0,9,8.0,8,8,9
212560,6.0,7.0,8.0,8.0,8.0,9.0,7.0,8.0,10,8.0,7.0,9.0,9.0,8,8.0,7.0,7.0,7.0,9.0,10.0,8.0,9.0,9.0,9.0,7.0,10.0,7.0,8.0,10.0,9.0,9.0,10,8.0
210078,6,6,7,6,7,7.0,5.0,7,6,7,5,7,6,4,6,5.0,5.0,6,6,7,7.0,7.0,7,8,7,6,7,6,7,7.0,6,6,7
213290,6.0,7.0,6.0,7.0,6.0,6.0,7.0,6.0,5,6.0,5.0,6.0,6.0,7,6.0,8.0,8.0,7.0,7.0,7.0,7.0,6.0,6.0,8.0,6.0,7.0,7.0,6.0,7.0,7.0,5.0,4,7
210859,7,7,8,7,8,7.0,7.0,8,9,8,6,8,7,6,7,6.0,7.0,7,7,8,8.0,9.0,8,9,8,7,8,7.0,8,7.0,7,7,8
210805,7,7,8,7,8,7.0,6.0,8,10,8,6,8,7,6,7,6.0,7.0,7,7,8,9.0,10.0,8,9,8,7,8,7.0,8,8.0,7,7,8
212019,7.0,7.0,9,8.0,9,9.0,7.0,9,11,9.0,8.0,9,8.0,9,8,8.0,6.0,8,8,10.0,10.0,10.0,9,9.0,9,10.0,9,8.0,9.0,10.0,9.0,10,9
210062,8,8,9,8,9,9.0,8.0,9,8,9,7,9,8,10,8,9.0,9.0,8,8,9,8.0,8,9,10,9,8,9,7.0,9,8.0,8,8,9
211880,6.0,7.0,7,6.0,7,7.0,6.0,7,6,5.0,5.0,7,4.0,5,6,6.0,7.0,6,6,6.0,6.0,7.0,7,8.0,7,7.0,7,7.0,7.0,6.0,6.0,5,7
211338,7,7,8,7,8,7.0,6.0,8,8,8,6,8,7,7,7,7.0,6.0,7,7,8,9.0,8.0,8,9,8,7,8,7.0,8,8.0,7,7,8
211492,7,7,8,7,8,7.0,7.0,8,9,8,6,8,7,7,7,7.0,6.0,7,7,8,8.0,9.0,8,9,8,7,8,7.0,8,8.0,7,7,8
211916,9.0,8.0,9,8.0,9,9.0,8.0,9,10,10.0,7.0,9,8.0,9,8,8.0,8.0,8,8,9.0,9.0,9.0,9,10.0,9,10.0,9,8.0,9.0,8.0,7.0,8,9
210766,8,8,9,8,9,8.0,7.0,9,10,9,7,9,8,8,8,7.0,8.0,8,8,9,9.0,9.0,9,10,9,8,9,8.0,9,9.0,8,8,9
211050,8,8,9,8,9,8.0,6.0,9,9,9,7,9,8,10,8,9.0,8.0,8,8,9,8.0,8.0,9,10,9,8,9,7.0,9,9.0,8,8,9
213044,9.0,9.0,10.0,8.0,10.0,8.0,8.0,10.0,12,10.0,8.0,9.0,9.0,11,8.0,9.0,7.0,8.0,8.0,10.0,10.0,10.0,9.0,10.0,9.0,8.0,10.0,8.0,8.0,10.0,8.0,10,10.0
212786,6.0,8.0,7.0,7.0,7.0,7.0,8.0,8.0,8,7.0,6.0,8.0,6.0,8,7.0,8.0,8.0,8.0,8.0,7.0,6.0,8.0,8.0,9.0,8.0,7.0,7.0,7.0,9.0,8.0,6.0,6,9.0
212749,6.0,6.0,6.0,6.0,6.0,7.0,6.0,7.0,6,6.0,6.0,5.0,4.0,5,7.0,6.0,7.0,7.0,6.0,6.0,6.0,7.0,6.0,8.0,6.0,6.0,6.0,6.0,7.0,6.0,6.0,5,7.0
211488,6,6,7,6,7,6.0,5.0,7,7,7,5,7,6,6,6,7.0,4.0,6,6,7,7.0,8.0,7,8,7,6,7,6.0,7,7.0,6,6,7
210839,8,8,9,8,9,7.0,8.0,9,10,9,7,9,8,9,8,8.0,8.0,8,8,9,9.0,9.0,9,10,9,8,9,8.0,9,9.0,8,8,9
210845,8,8,9,8,9,7.0,7.0,9,11,9,7,9,8,10,8,9.0,6.0,8,8,9,10.0,10.0,9,10,9,8,9,9.0,9,10.0,8,8,9
210965,8,8,9,8,9,9.0,7.0,9,11,9,7,9,8,8,8,7.0,8,8,8,9,10.0,10.0,9,10,9,8,9,8.0,9,8.0,8,8,9
211723,5.0,5.0,7,6.0,7,7.0,6.0,7,7,6.0,6.0,7,6.0,6,6,7.0,7.0,6,6,7.0,8.0,8.0,7,8.0,7,6.0,7,7.0,8.0,7.0,7.0,6,7
212951,8.0,8.0,8.0,8.0,8.0,9.0,6.0,7.0,9,8.0,9.0,8.0,8.0,8,7.0,7.0,8.0,6.0,9.0,8.0,9.0,8.0,10.0,9.0,7.0,9.0,7.0,8.0,10.0,8.0,8.0,9,8.0
210980,8,8,9,8,9,9.0,9.0,9,9,9,7,9,8,9,8,8.0,8.0,8,8,9,9.0,8.0,9,10,9,8,9,8.0,9,8.0,8,8,9
210710,7,7,8,7,8,6.0,7.0,8,7,8,6,8,7,7,7,7.0,6.0,7,7,8,8.0,7.0,8,9,8,7,8,7.0,8,7.0,7,7,8
212837,5.0,5.0,7,6.0,7,6.0,6.0,7,5,6.0,5.0,7,5.0,6,6,7.0,6.0,6,6.0,6.0,6.0,6.0,7,7.0,7,5.0,7,6.0,7.0,7.0,6.0,5,7
210680,7,7,8,7,8,7.0,7.0,8,7,8,6,8,7,7,7,7.0,7.0,7,7,8,7.0,7.0,8,9,8,7,8,6.0,8,8.0,7,7,8
212494,8.0,7.0,9,7.0,9,8.0,6.0,9,11,8.0,7.0,9,7.0,8,8,7.0,7.0,8,8,8.0,10.0,10.0,9,8.0,9,9.0,9,8.0,9.0,9.0,8.0,9,9
213284,5.0,6.0,7,7.0,7,6.0,7.0,7,5,6.0,5.0,7,6.0,7,6,8.0,7.0,6,6.0,7.0,7.0,6.0,6.0,8.0,7,7.0,7,6.0,8.0,7.0,6.0,5,7
211418,7,7,8,7,8,7.0,6.0,8,10,8,6,8,7,6,7,6.0,6.0,7,7,8,8.0,10.0,8,9,8,7,8,9.0,8,7.0,7,7,8
211866,8.0,9.0,10,8.0,10,9.0,9.0,10,12,10.0,7.0,10,10.0,9,9,7.0,7.0,9,9,10.0,9.0,10.0,10,10.0,10,10.0,10,9.0,9.0,10.0,9.0,11,10
212912,6.0,7.0,6.0,7.0,8.0,7.0,6.0,7.0,8,6.0,7.0,7.0,6.0,7,6.0,7.0,8.0,6.0,7.0,7.0,8.0,8.0,7.0,8.0,6.0,8.0,7.0,6.0,8.0,7.0,7.0,7,7.0
213326,5.0,6.0,7,6.0,7,7.0,6.0,7,5,6.0,6.0,7,7.0,5,6,6.0,7.0,6,7.0,6.0,6.0,6.0,7.0,8.0,7,6.0,7,6.0,7.0,7.0,6.0,5,7.0
211372,6,6,7,6,7,8.0,8.0,7,4,7,5,7,6,6,6,7.0,8.0,6,6,7,5.0,5.0,7,8,7,6,7,5.0,7,6.0,6,6,7
212248,8.0,7.0,8,7.0,8,8.0,7.0,8,8,7.0,6.0,8,6.0,6,7,6.0,6.0,7,7,8.0,8.0,8.0,8,10.0,8,6.0,8,8.0,7.0,6.0,7.0,7,8
210781,8,8,9,8,9,9.0,8.0,9,10,9,7,9,8,9,8,8.0,8.0,8,8,9,9.0,9.0,9,10,9,8,9,8.0,9,9.0,8,8,9
211848,6.0,8.0,8,7.0,8,7.0,7.0,8,6,7.0,6.0,8,6.0,8,7,8.0,8.0,7,7,7.0,7.0,6.0,8,8.0,8,7.0,8,6.0,8.0,7.0,6.0,6,8
210812,7,7,8,7,8,7.0,7.0,8,9,8,6,8,7,8,7,8.0,7.0,7,7,8,8.0,9.0,8,9,8,7,8,7.0,8,8.0,7,7,8
210050,8,8,9,8,9,9.0,8.0,9,10,9,7,9,8,11,8,10.0,9.0,8,8,9,8.0,9.0,9,10,9,8,9,7.0,9,8,8,8,9
212206,5.0,6.0,7,7.0,7,6.0,6.0,7,6,6.0,4.0,7,5.0,6,6,7.0,6.0,6,6,6.0,7.0,7.0,7,8.0,7,6.0,7,7.0,7.0,7.0,5.0,4,7
211058,8,8,9,8,9,9.0,9.0,9,9,9,7,9,8,10,8,9.0,9.0,8,8,9,8.0,8.0,9,10,9,8,9,7.0,9,9.0,8,8,9
210643,7,7,8,7,8,8.0,8.0,8,7,8,6,8,7,6,7,6.0,8.0,7,7,8,8.0,7.0,8,9,8,7,8,7.0,8,6.0,7,7,8
213313,7.0,8.0,8.0,6.0,8.0,8.0,8.0,8.0,9,9.0,6.0,8.0,7.0,7,5.0,7.0,7.0,6.0,7.0,8.0,7.0,9.0,8.0,9.0,8.0,7.0,7.0,8.0,7.0,7.0,6.0,6,8.0
211704,6.0,6.0,8,8.0,8,6.0,7.0,8,9,9.0,6.0,8,7.0,7,7,7.0,7.0,7,7,8.0,9.0,9.0,8,8.0,8,8.0,8,9.0,9.0,9.0,6.0,6,8
212647,6.0,8.0,8.0,8.0,7.0,9.0,8.0,7.0,8,7.0,8.0,7.0,8.0,7,7.0,7.0,9.0,6.0,8.0,8.0,8.0,8.0,8.0,10.0,7.0,8.0,7.0,7.0,9.0,8.0,8.0,8,8.0
210534,8,8,9,8,9,9.0,8.0,9,10,9,7,9,8,8,8,7.0,7.0,8,8,9,9.0,9.0,9,10,9,8,9,9.0,9,9.0,8,8,9
212192,6.0,6.0,7,6.0,7,7.0,7.0,7,7,7.0,6.0,7,8.0,5,6,6.0,4.0,6,6,7.0,8.0,8.0,7,8.0,7,7.0,7,6.0,8.0,8.0,6.0,5,7
213100,4.0,6.0,7,7.0,7,7.0,7.0,7,6,6.0,6.0,7,6.0,5,6,6.0,7.0,6,7.0,7.0,6.0,7.0,7.0,7.0,7,8.0,7,6.0,8.0,7.0,6.0,5,7.0
211330,6,6,7,6,7,7.0,6.0,7,5,7,5,7,6,5,6,6.0,5.0,6,6,7,7.0,6.0,7,8,7,6,7,6.0,7,5.0,6,6,7
212528,6.0,6.0,7,6.0,7,7.0,5.0,7,7,6.0,6.0,7,4.0,4,6,5.0,5.0,6,6.0,6.0,8.0,8.0,7.0,7.0,7,6.0,7,6.0,7.0,7.0,6.0,5,5.0
212330,7.0,7.0,9,7.0,9,7.0,7.0,9,11,8.0,7,9,9.0,9,8,8.0,7.0,8,8,9.0,10.0,10.0,9,10.0,9,9.0,9,9.0,9.0,9.0,9.0,10,9
210491,7,7,8,7,8,6.0,7.0,8,9,8,6,8,7,7,7,7.0,5.0,7,7,8,9.0,9.0,8,9,8,7,8,8.0,8,9.0,7,7,8
212152,8.0,8.0,8,8.0,8,9.0,7.0,8,8,8.0,5.0,8,4.0,8,7,8.0,8.0,7,7,8.0,8.0,8.0,8,10.0,8,6.0,8,7.0,8.0,7.0,5.0,5,8
212181,6.0,7.0,8,7.0,8,7.0,7.0,8,8,9.0,5.0,8,8.0,6,7,6.0,6.0,7,7,9.0,7.0,8.0,8,8.0,8,7.0,8,7.0,7.0,7.0,6.0,6,8
212746,6.0,6.0,7,6.0,7,6.0,6.0,7,7,7.0,6.0,7,7.0,5,6,6.0,5.0,6,6.0,7.0,8.0,8.0,7.0,7.0,7,6.0,7,7.0,6.0,6.0,6.0,5,6.0
212956,6.0,7.0,6.0,7.0,5.0,7.0,7.0,5.0,5,6.0,4.0,6.0,4.0,6,6.0,7.0,8.0,6.0,6.0,6.0,6.0,6.0,6.0,7.0,6.0,6.0,5.0,6.0,7.0,6.0,6.0,5,7
210376,6,6,7,6,7,6.0,6.0,7,5,7,5,7,6,5,6,6.0,6.0,6,6,7,7.0,6.0,7,8,7,6,7,6.0,7,5.0,6,6,7
212285,5.0,6.0,7,6.0,7,6.0,6.0,7,6,7.0,4.0,7,5.0,5,6,6.0,7.0,6,6,6.0,6.0,7.0,7,8.0,7,6.0,7,6.0,7.0,5.0,5.0,4,7
210495,7,7,8,7,8,7.0,6.0,8,7,8,6,8,7,7,7,7.0,7.0,7,7,8,7.0,7.0,8,9,8,7,8,7.0,8,7.0,7,7,8
212991,6.0,6.0,6.0,7.0,6.0,6.0,6.0,6.0,6,6.0,5.0,6.0,7.0,6,6.0,7.0,6.0,6.0,7.0,6.0,6.0,7.0,6.0,7.0,6.0,6.0,6.0,6.0,8.0,8.0,6.0,5,7
211799,7.0,7.0,8,7.0,8,7.0,6.0,8,9,8.0,7.0,8,7.0,7,7,7.0,6.0,7,7,9.0,9.0,9.0,8,8.0,8,8.0,8,8.0,8.0,8.0,7.0,7,8
212789,8.0,8.0,7.0,8.0,8.0,9.0,9.0,8.0,9,9.0,7.0,8.0,8.0,10,8.0,9.0,9.0,8.0,9.0,8.0,8.0,8.0,8.0,10.0,9.0,8.0,8.0,7.0,10.0,9.0,8.0,9,10.0
212513,7.0,7.0,9,9.0,9,9.0,9.0,9,9,9.0,7.0,9,8.0,10,8,9.0,9.0,8,8,9.0,8.0,8.0,9,9.0,9,9.0,9,8.0,9.0,9.0,8.0,9,9
210162,6,6,7,6,7,6.0,6.0,7,7,7,5,7,6,6,6,7.0,5.0,6,6,7,8.0,8.0,7,8,7,6,7,6.0,7,8.0,6,6,7
212157,5.0,7.0,7,7.0,7,7.0,6.0,7,7,7.0,6.0,7,7.0,4,6,5.0,5.0,6,6,8.0,8.0,8.0,7,6.0,7,8.0,7,6.0,7.0,7.0,7.0,6,7
212594,7.0,8.0,8.0,7.0,7.0,7.0,6.0,8.0,8,8.0,6.0,7.0,6.0,6,6.0,6.0,6.0,7.0,8.0,7.0,7.0,8.0,8.0,10.0,6.0,8.0,7.0,7.0,7.0,6.0,7.0,7,8.0
211145,8,8,9,8,9,9.0,8.0,9,9,9,7,9,8,10,8,9.0,9.0,8,8,9,8.0,8.0,9,10,9,8,9,8,9,9.0,8,8,9
211519,8,8,9,8,9,9.0,8.0,9,9,9,7,9,8,10,8,9.0,9.0,8,8,9,8.0,8.0,9,10,9,8,9,8.0,9,8.0,8,8,9
211638,6.0,5.0,7,5.0,7,6.0,6.0,7,7,6.0,5.0,7,5.0,5,6,6.0,6.0,6,6,6.0,8.0,8.0,7,7.0,7,6.0,7,6.0,6.0,8.0,6.0,5,7
211286,7,7,8,7,8,8.0,7.0,8,9,8,6,8,7,7,7,7.0,6.0,7,7,8,7.0,9.0,8,9,8,7,8,7.0,8,6.0,7,7,8
212759,8.0,9.0,8.0,9.0,8.0,7.0,7.0,9.0,11,8.0,7.0,7.0,7.0,8,8,7.0,8.0,7.0,8.0,9.0,9.0,10.0,10.0,9.0,8.0,9.0,7.0,8.0,9.0,8.0,9.0,10,8.0
211701,9.0,8.0,9,7.0,9,9.0,8.0,9,9,9.0,7.0,9,7.0,9,8,8.0,9.0,8,8,8.0,8.0,8.0,9,10.0,9,7.0,9,7.0,8.0,8.0,6.0,7,9
211186,6,6,7,6,7,6.0,5.0,7,6,7,5,7,6,5,6,6.0,4.0,6,6,7,8.0,7.0,7,8,7,6,7,6.0,7,7.0,6,6,7
210156,7,7,8,7,8,8.0,7.0,8,7,8,6,8,7,7,7,7.0,7.0,7,7,8,9.0,7.0,8,9,8,7,8,6.0,8,6.0,7,7,8
211859,5.0,5.0,7,6.0,7,6.0,6.0,7,7,6.0,5.0,7,6.0,5,6,6.0,6.0,6,6,7.0,8.0,8.0,7,7.0,7,5.0,7,6.0,6.0,7.0,6.0,5,7
211141,7,7,8,7,8,9.0,7.0,8,8,8,6,8,7,7,7,7.0,7.0,7,7,8,8.0,8.0,8,9,8,7,8,8.0,8,7.0,7,7,8
211773,8.0,9.0,9,7.0,9,10.0,8.0,9,8,8.0,7.0,9,7.0,8,8,7.0,10.0,8,8,8.0,8.0,7.0,9,10.0,9,7.0,9,9.0,9.0,7.0,7.0,8,9
212288,8.0,8.0,8,6.0,8,8.0,9.0,8,8,9.0,7.0,8,6.0,6,7,6.0,7.0,7,7,9.0,7.0,8.0,8,10.0,8,8.0,8,8.0,7.0,7.0,7.0,7,8
210684,8,8,9,8,9,9.0,10.0,9,9,9,7,9,8,10,8,9.0,9.0,8,8,9,7.0,8.0,9,10,9,8,9,9.0,9,8.0,8,8,9
212943,6.0,7.0,6.0,9.0,8.0,8.0,8.0,7.0,8,7.0,6.0,8.0,8.0,8,6.0,8.0,8.0,7.0,8.0,7.0,7.0,8.0,8.0,8.0,8.0,9.0,6.0,6.0,9.0,8.0,6.0,6,9.0
212885,8.0,8.0,9.0,8.0,8.0,9.0,9.0,9.0,9,8.0,6.0,8.0,7.0,10,8.0,9.0,9.0,9.0,7.0,9.0,9.0,8.0,7.0,10.0,9.0,7.0,9.0,7.0,8.0,9.0,8.0,9,9.0
210777,7,7,8,7,8,7.0,8.0,8,7,8,6,8,7,8,7,8.0,8.0,7,7,8,8.0,7.0,8,9,8,7,8,8.0,8,7.0,7,7,8
211326,7,7,8,7,8,8.0,7.0,8,7,8,6,8,7,7,7,7.0,7.0,7,7,8,8.0,7.0,8,9,8,7,8,6.0,8,8.0,7,7,8
211716,8.0,8.0,9,8.0,9,9.0,7.0,9,10,8.0,7.0,9,7.0,9,8,8.0,8.0,8,8,9.0,10.0,9.0,9,10.0,9,8.0,9,8.0,9.0,8.0,7.0,8,9
211664,7.0,8.0,8,8.0,8,8.0,7.0,8,8,7.0,7.0,8,7.0,8,7,8.0,8.0,7,7,8.0,8.0,8.0,8,8.0,8,7.0,8,7.0,9.0,9.0,8.0,8,8
211681,6.0,7.0,8,7.0,8,8.0,8.0,8,7,7.0,6.0,8,5.0,7,7,7.0,7.0,7,7,7.0,6.0,7.0,8,9.0,8,8.0,8,6.0,9.0,7.0,8.0,8,8
213333,6.0,8.0,6.0,7.0,5.0,7.0,6.0,8.0,6,8.0,6.0,7.0,6.0,5,4.0,6.0,7.0,6.0,6.0,7.0,6.0,7.0,7.0,9.0,6.0,6.0,6.0,6.0,6.0,6.0,5.0,4,7.0
212820,6.0,7.0,7.0,8.0,9.0,9.0,8.0,9.0,10,8.0,8.0,8.0,8.0,9,8.0,8.0,7.0,8.0,9.0,8.0,10.0,9.0,9.0,10.0,7.0,8.0,8.0,8.0,9.0,9.0,8.0,9,8.0
211176,8,8,9,8,9,10.0,8.0,9,9,9,7,9,8,9,8,8.0,7.0,8,8,9,8.0,8.0,9,10,9,8,9,7.0,9,8.0,8,8,9
210436,8,8,9,8,9,8.0,8.0,9,9,9,7,9,8,9,8,8.0,9.0,8,8,9,8.0,8.0,9,10,9,8,9,9.0,9,7.0,8,8,9
212377,4.0,6.0,7,7.0,7,8.0,6.0,7,6,6.0,5.0,7,6.0,5,6,6.0,6.0,6,6,7.0,6.0,7.0,7,7.0,7,7.0,7,6.0,8.0,7.0,6.0,5,7
213224,7.0,9.0,8.0,7.0,9.0,8.0,7.0,8.0,11,8.0,7.0,9.0,8.0,8,6.0,7.0,6.0,7.0,8.0,8.0,8.0,10.0,10.0,9.0,8.0,8.0,8.0,9.0,8.0,7.0,9.0,10,7.0
212238,7.0,9.0,9,8.0,9,9.0,9.0,9,8,8.0,7.0,9,7.0,10,8,9.0,10.0,8,8,8.0,8.0,7.0,9,9.0,9,7.0,9,7.0,8.0,9.0,6.0,7,9
211433,7,7,8,7,8,8.0,7.0,8,8,8,6,8,7,7,7,7.0,8.0,7,7,8,9.0,8.0,8,9,8,7,8,7.0,8,7.0,7,7,8
212294,9.0,7.0,9,9.0,9,9.0,8.0,9,11,9.0,8.0,9,9.0,9,8,8.0,7.0,8,8,9.0,10.0,10.0,9,9.0,9,9.0,9,9.0,8.0,9.0,10.0,11,9
213193,4.0,8.0,7,7.0,7,7.0,7.0,7,4,7.0,3.0,7,4.0,6,6,7.0,8.0,6,7.0,6.0,5.0,5.0,6.0,9.0,7,5.0,7,6.0,7.0,6.0,4.0,3,7
212669,7.0,7.0,9.0,9.0,9.0,8.0,8.0,9.0,10,7.0,8.0,8.0,8.0,9,9.0,8.0,7.0,8.0,9.0,8.0,9.0,9.0,8.0,9.0,8.0,7.0,9.0,7.0,9.0,10.0,8.0,9,8.0
211283,7,7,8,7,8,7.0,7.0,8,9,8,6,8,7,6,7,6.0,7.0,7,7,8,8.0,9.0,8,9,8,7,8,7.0,8,9.0,7,7,8
210538,8,8,9,8,9,7.0,7.0,9,10,9,7,9,8,10,8,9.0,7.0,8,8,9,9.0,9.0,9,10,9,8,9,8.0,9,8.0,8,8,9
211467,8,8,9,8,9,9.0,8.0,9,8,9,7,9,8,10,8,9.0,9.0,8,8,9,7.0,7.0,9,10,9,8,9,8.0,9,8.0,8,8,9
212540,7.0,6.0,7.0,6.0,6.0,7.0,8.0,9.0,7,7.0,5.0,7.0,6.0,7,6.0,7.0,7.0,7.0,6.0,8.0,7.0,7.0,8.0,8.0,7.0,7.0,7.0,7.0,7.0,6.0,6.0,6,8
211689,6.0,6.0,8,7.0,8,8.0,7.0,8,9,7.0,6.0,8,7.0,8,7,8.0,7.0,7,7,7.0,8.0,9.0,8,8.0,8,8.0,8,7.0,8.0,8.0,8.0,8,8
212381,6.0,9.0,8,7.0,8,7.0,8.0,8,6,8.0,5.0,8,5.0,8,7,8.0,8.0,7,7,6.0,7.0,6.0,8,10.0,8,7.0,8,7.0,8.0,6.0,7.0,7,8
210732,7,7,8,7,8,7.0,8.0,8,7,8,6,8,7,8,7,8.0,9.0,7,7,8,7.0,7.0,8,9,8,7,8,6.0,8,8.0,7,7,8
210470,8,8,9,8,9,8.0,9.0,9,10,9,7,9,8,10,8,9.0,8.0,8,8,9,8.0,9.0,9,10,9,8,9,8.0,9,8.0,8,8,9
210907,6,6,7,6,7,8.0,7.0,7,5,7,5,7,6,6,6,7.0,6.0,6,6,7,7,6.0,7,8,7,6,7,6.0,7,7.0,6,6,7
213173,7.0,9.0,9.0,8.0,7.0,8.0,8.0,7.0,8,8.0,6.0,8.0,6.0,7,7.0,7.0,8.0,7.0,8.0,8.0,8.0,8.0,10.0,9.0,8.0,8.0,7.0,8.0,9.0,7.0,8.0,8,9.0
210336,6,6,7,6,7,7.0,6.0,7,4,7,5,7,6,6,6,7.0,7.0,6,6,7,6.0,5.0,7,8,7,6,7,5.0,7,6.0,6,6,7
212545,6.0,6.0,8.0,6.0,8.0,7.0,7.0,8.0,8,6.0,7.0,7.0,8.0,7,9.0,7.0,6.0,7.0,7.0,7.0,9.0,8.0,7.0,8.0,7.0,7.0,9.0,7.0,8.0,8.0,7.0,7,7.0
212867,7.0,7.0,7.0,9.0,8.0,9.0,9.0,8.0,9,8.0,7.0,8.0,8.0,10,9.0,9.0,8.0,8.0,9.0,9.0,8.0,8.0,9.0,9.0,8.0,9.0,7.0,7.0,10.0,9.0,7.0,8,9.0
213268,6.0,7.0,7.0,6.0,7.0,7.0,6.0,8.0,6,7.0,6.0,8.0,7.0,5,6.0,6.0,6.0,6.0,6.0,8.0,7.0,7.0,7.0,8.0,7.0,8.0,7.0,7.0,6.0,6.0,6.0,5,6.0
212336,8.0,8.0,9,7.0,9,9.0,8.0,9,10,8.0,7.0,9,7.0,10,8,9.0,8.0,8,8,9.0,9.0,9.0,9,10.0,9,7.0,9,8.0,8.0,8.0,6.0,7,9
211858,6.0,6.0,7,6.0,7,6.0,8.0,7,5,7.0,5.0,7,6.0,5,6,6.0,7.0,6,6,6.0,6.0,6.0,7,9.0,7,5.0,7,6.0,8.0,6.0,5.0,4,7
213015,7.0,7.0,10.0,9.0,9.0,8.0,7.0,10.0,11,9.0,7.0,8.0,9.0,9,9.0,8.0,7.0,8.0,9.0,9.0,10.0,10.0,9.0,9.0,8.0,9.0,10.0,8.0,8.0,9.0,8.0,9,9.0
210929,7,7,8,7,8,7.0,7.0,8,8,8,6,8,7,7,7,7.0,7.0,7,7,8,8.0,8.0,8,9,8,7,8,7.0,8,8.0,7,7,8
211719,6.0,6.0,7,7.0,7,8.0,7.0,7,5,7.0,4.0,7,5.0,5,6,6.0,7.0,6,6,6.0,6.0,6.0,7,8.0,7,6.0,7,6.0,8.0,6.0,6.0,5,7
212930,7.0,7.0,8.0,9.0,9.0,9.0,8.0,9.0,10,9.0,7.0,8.0,7.0,9,8.0,8.0,8.0,9.0,8.0,9.0,9.0,9.0,9.0,9.0,7.0,7.0,7.0,8.0,10.0,9.0,8.0,9,9.0
212656,7.0,7.0,7.0,8.0,7.0,7.0,8.0,9.0,6,7.0,6.0,7.0,6.0,8,7.0,8.0,9.0,7.0,7.0,8.0,7.0,6.0,7.0,10.0,7.0,6.0,8.0,6.0,9.0,7.0,6.0,6,9.0
210452,6,6,7,6,7,6.0,5.0,7,6,7,5,7,6,4,6,5.0,5.0,6,6,7,7.0,7.0,7,8,7,6,7,6.0,7,6.0,6,6,7
210282,8,8,9,8,9,9.0,8.0,9,10,9,7,9,8,9,8,8.0,9.0,8,8,9,9.0,9.0,9,10,9,8,9,8.0,9,8.0,8,8,9
212222,7.0,7.0,9,8.0,9,8.0,8.0,9,11,8.0,7.0,9,8.0,9,8,8.0,7.0,8,8,9.0,10.0,10.0,9,10.0,9,8.0,9,9.0,9.0,9.0,9.0,10,9
210440,7,7,8,7,8,8.0,7.0,8,8,8,6,8,7,7,7,7.0,9.0,7,7,8,7.0,8.0,8,9,8,7,8,7.0,8,7.0,7,7,8
211718,7.0,8.0,9,8.0,9,9.0,10.0,9,9,8.0,7.0,9,6.0,10,8,9.0,8.0,8,8,7.0,9.0,8.0,9,10.0,9,8.0,9,7.0,9.0,8.0,7.0,8,9
210421,7,7,8,7,8,7.0,7.0,8,7,8,6,8,7,7,7,7.0,8.0,7,7,8,7.0,7.0,8,9,8,7,8,6.0,8,7.0,7,7,8
211924,7.0,8.0,8,8.0,8,8.0,8.0,8,7,8.0,5.0,8,6.0,8,7,8.0,8.0,7,7,7.0,7.0,7.0,8,10.0,8,6.0,8,7.0,8.0,8.0,5.0,5,8
212531,8.0,8.0,9.0,9.0,10.0,8.0,8.0,10.0,12,10.0,9.0,10.0,9.0,10,7.0,8.0,6.0,8.0,9.0,10.0,10.0,10.0,10.0,10.0,9.0,9.0,10.0,9.0,8.0,9.0,8.0,10,9.0
210619,8,8,9,8,9,9.0,7.0,9,10,9,7,9,8,8,8,7.0,8,8,8,9,10.0,9.0,9,10,9,8,9,9.0,9,9.0,8,8,9
213064,6.0,7.0,7.0,9.0,9.0,8.0,8.0,8.0,9,9.0,7.0,8.0,9.0,10,8.0,9.0,8.0,7.0,9.0,9.0,8.0,8.0,10.0,10.0,8.0,10.0,8.0,7.0,10.0,10.0,8.0,9,9.0
210955,8,8,9,8,9,10.0,9.0,9,9,9,7,9,8,8,8,7.0,10.0,8,8,9,7.0,8.0,9,10,9,8,9,8.0,9,7.0,8,8,9
212044,6.0,7.0,6,5,6,7.0,8.0,6,3,6.0,4.0,6,2.0,4,5,6.0,8.0,5,5,6,5.0,5.0,6,7.0,6,5.0,6,4.0,7.0,5.0,5,5,6
212082,6.0,6.0,7,6.0,7,7.0,7.0,7,5,6.0,5.0,7,4.0,6,6,7.0,7.0,6,6,7,5.0,6.0,7,7.0,7,5.0,7,4.0,7.0,6.0,6,6,7
210134,7,7,8,7,8,8.0,7.0,8,7,8,6,8,7,6,7,6.0,7.0,7,7,8,7.0,7.0,8,9,8,7,8,7.0,8,6.0,7,7,8
211731,6.0,7.0,8,8.0,8,8.0,7.0,8,7,8.0,7.0,8,8.0,7,7,7.0,8.0,7,7,9.0,7.0,7.0,8,9.0,8,9.0,8,8.0,9.0,7.0,6.0,6,8
211066,8,8,9,8,9,8.0,7.0,9,9,9,7,9,8,9,8,8.0,7.0,8,8,9,9.0,8.0,9,10,9,8,9,7.0,9,9.0,8,8,9
211642,7.0,8.0,9,9.0,9,9.0,8.0,9,10,10.0,8.0,9,8.0,10,8,9.0,9.0,8,8,10.0,8.0,9.0,9,9.0,9,10.0,9,8.0,9.0,9.0,9.0,10,9
211960,8.0,10.0,9,8.0,9,9.0,9.0,9,9,10.0,8.0,9,8.0,9,8,8.0,8.0,8,8,9.0,9.0,8.0,9,10.0,9,8.0,9,10.0,8.0,8.0,7.0,8,9
212323,7.0,7.0,9,7.0,9,9.0,8.0,9,11,8.0,7.0,9,8.0,10,8,9.0,8.0,8,8,9.0,9.0,10.0,9,10.0,9,9.0,9,8.0,9.0,10.0,8.0,9,9
212190,7.0,6.0,8,7.0,8,7.0,7.0,8,9,7.0,7.0,8,8.0,7,7,7.0,7.0,7,7,7.0,9.0,9.0,8,8.0,8,7.0,8,7.0,8.0,9.0,7.0,7,8
210322,9,9,10,9,10,9.0,8.0,10,12,10,8,10,9,10,9,8.0,8.0,9,9,10,9.0,10.0,10,11,10,9,10,10.0,10,9.0,9,9,10
210260,7,7,8,7,8,7.0,7.0,8,7,8,6,8,7,7,7,7.0,7.0,7,7,8,8.0,7.0,8,9,8,7,8,7.0,8,7.0,7,7,8
211054,6,6,7,6,7,6.0,6.0,7,6,7,5,7,6,6,6,7.0,7.0,6,6,7,7.0,7.0,7,8,7,6,7,6.0,7,6.0,6,6,7
211404,8,8,9,8,9,8.0,9.0,9,11,9,7,9,8,9,8,8.0,7.0,8,8,9,10.0,10.0,9,10,9,8,9,9.0,9,9.0,8,8,9
210997,6,6,7,6,7,8.0,6.0,7,5,7,5,7,6,5,6,6.0,8.0,6,6,7,7.0,6.0,7,8,7,6,7,6.0,7,6.0,6,6,7
211480,8,8,9,8,9,7.0,7.0,9,10,9,7,9,8,9,8,8.0,7.0,8,8,9,10.0,9.0,9,10,9,8,9,7.0,9,9.0,8,8,9
210933,7,7,8,7,8,8.0,7.0,8,9,8,6,8,7,8,7,8.0,6.0,7,7,8,8.0,9.0,8,9,8,7,8,8.0,8,8.0,7,7,8
211499,7,7,8,7,8,7.0,6.0,8,8,8,6,8,7,6,7,6.0,6.0,7,7,8,8.0,8.0,8,9,8,7,8,8.0,8,7.0,7,7,8
213320,9.0,9.0,8.0,8.0,8.0,9.0,9.0,9.0,9,8.0,6.0,8.0,6.0,10,6.0,9.0,8.0,9.0,8.0,8.0,8.0,8.0,8.0,10.0,9.0,8.0,8.0,9.0,8.0,8.0,7.0,8,8.0
210674,6,6,7,6,7,7.0,5.0,7,6,7,5,7,6,5,6,6.0,5.0,6,6,7,8.0,7.0,7,8,7,6,7,7.0,7,7.0,6,6,7
211318,6,6,7,6,7,7.0,6.0,7,4,7,5,7,6,6,6,7.0,7.0,6,6,7,6.0,5.0,7,8,7,6,7,5.0,7,5.0,6,6,7
210987,6,6,7,6,7,7.0,6.0,7,6,7,5,7,6,4,6,5.0,7.0,6,6,7,5.0,7.0,7,8,7,6,7,6.0,7,5.0,6,6,7
212121,7.0,7.0,8,7.0,8,7.0,7.0,8,9,8.0,6.0,8,8.0,7,7,7.0,6.0,7,7,8.0,9.0,9.0,8,8.0,8,8.0,8,7.0,7.0,7.0,7.0,7,8
212079,8.0,8.0,8,7.0,8,7.0,7.0,8,7,8.0,7.0,8,7.0,6,7,6.0,6.0,7,7,8.0,9.0,7.0,8,9.0,8,7.0,8,6.0,7.0,7.0,7.0,7,8
210342,7,7,8,7,8,8.0,7.0,8,9,8,6,8,7,7,7,7.0,5.0,7,7,8,7.0,9.0,8,9,8,7,8,8.0,8,8.0,7,7,8
211625,7.0,7.0,8,6.0,8,7.0,6.0,8,10,9.0,6.0,8,7.0,8,7,8.0,6.0,7,7,9.0,9.0,10.0,8,9.0,8,8.0,8,7.0,7.0,8.0,8.0,8,8
213136,7.0,9.0,8.0,9.0,7.0,8.0,9.0,8.0,10,10.0,7.0,9.0,8.0,10,6.0,9.0,8.0,8.0,8.0,9.0,8.0,9.0,10.0,10.0,9.0,7.0,8.0,8.0,9.0,8.0,7.0,8,8.0
210053,7,7,8,7,8,8.0,8.0,8,8,8,6,8,7,8,7,8.0,8.0,7,7,8,8.0,8.0,8,9,8,7,8,6.0,8,8.0,7,7,8
211169,6,6,7,6,7,6.0,5.0,7,6,7,5,7,6,6,6,7.0,5.0,6,6,7,8.0,7.0,7,8,7,6,7,7.0,7,7.0,6,6,7
210396,7,7,8,7,8,9.0,7.0,8,6,8,6,8,7,8,7,8.0,7.0,7,7,8,7.0,6.0,8,9,8,7,8,7.0,8,7.0,7,7,8
212459,7.0,7.0,8,7.0,8,7.0,6.0,8,7,7.0,7.0,8,8.0,7,7,7.0,6.0,7,7,9.0,9.0,7.0,8,9.0,8,8.0,8,8.0,7.0,7.0,8.0,8,8
212161,6.0,5.0,6,6.0,6,6.0,6.0,6,4,5.0,5.0,6,5.0,4,5,6.0,6.0,5,5,6,6.0,6.0,6,8.0,6,4.0,6,5.0,7.0,6.0,5,5,6
210101,7,7,8,7,8,9.0,8.0,8,7,8,6,8,7,8,7,8.0,8.0,7,7,8,7.0,7.0,8,9,8,7,8,7.0,8,8.0,7,7,8
210364,8,8,9,8,9,8.0,8.0,9,10,9,7,9,8,9,8,8.0,7.0,8,8,9,10.0,9.0,9,10,9,8,9,8.0,9,10.0,8,8,9
213106,8.0,8.0,8.0,6.0,8.0,8.0,7.0,9.0,8,7.0,6.0,7.0,6.0,7,7.0,7.0,7.0,8.0,7.0,7.0,7.0,8.0,7.0,9.0,8.0,6.0,7.0,6.0,8.0,8.0,6.0,6,7.0
212598,6.0,6.0,7.0,7.0,7.0,6.0,6.0,7.0,5,6.0,6.0,7.0,5.0,5,5.0,6.0,6.0,7.0,6.0,6.0,7.0,6.0,7.0,8.0,6.0,6.0,7.0,6.0,7.0,7.0,5.0,4,7.0
210298,7,7,8,7,8,8.0,7.0,8,8,8,6,8,7,7,7,7.0,7.0,7,7,8,7.0,8.0,8,9,8,7,8,6.0,8,7.0,7,7,8
210973,8,8,9,8,9,9.0,9.0,9,10,9,7,9,8,9,8,8.0,8.0,8,8,9,8.0,9.0,9,10,9,8,9,9.0,9,8.0,8,8,9
211911,6.0,6.0,7,6.0,7,6.0,7.0,7,6,6.0,5.0,7,6.0,5,6,6.0,6.0,6,6,7.0,7.0,7.0,7,7.0,7,6.0,7,6.0,6.0,7.0,6.0,5,7
211208,7,7,8,7,8,8.0,7.0,8,8,8,6,8,7,7,7,7.0,7,7,7,8,9.0,8.0,8,9,8,7,8,6.0,8,9.0,7,7,8
210271,6,6,7,6,7,7.0,7.0,7,6,7,5,7,6,5,6,6.0,5.0,6,6,7,6.0,7.0,7,8,7,6,7,6.0,7,6.0,6,6,7
212570,7.0,8.0,9.0,7.0,8.0,7.0,8.0,8,10,8.0,6.0,8.0,6.0,7,6.0,7.0,6.0,8.0,7.0,8.0,9.0,10.0,8.0,10.0,8.0,6.0,8.0,8.0,6.0,8.0,6.0,6,8.0
212172,9.0,8.0,9,8.0,9,8.0,8.0,9,9,8.0,7.0,9,7.0,9,8,8.0,7.0,8,8,9.0,9.0,8.0,9,10.0,9,7.0,9,9.0,8.0,8.0,8.0,9,9
213088,7.0,8.0,7.0,8.0,6.0,7.0,7.0,7.0,9,8.0,6.0,8.0,7.0,6,5.0,6.0,6.0,6.0,8.0,8.0,7.0,9.0,9.0,9.0,8.0,9.0,6.0,7.0,7.0,7.0,8.0,8,7.0
212282,6.0,8.0,8,7.0,8,8.0,6.0,8,9,9.0,6.0,8,8.0,7,7,7.0,7.0,7,7,9.0,8.0,9.0,8,8.0,8,8.0,8,8.0,7.0,7.0,7.0,7,8
211981,6.0,7.0,8,8.0,8,8.0,8.0,8,7,7.0,6.0,8,5.0,7,7,7.0,9.0,7,7,6.0,6.0,7.0,8,9.0,8,6.0,8,6.0,9.0,7.0,7.0,7,8
210686,7,7,8,7,8,8.0,8.0,8,8,8,6,8,7,7,7,7.0,8.0,7,7,8,7.0,8.0,8,9,8,7,8,8.0,8,7.0,7,7,8
210063,6,6,7,6,7,7.0,7.0,7,5,7,5,7,6,5,6,6.0,7.0,6,6,7,6.0,6.0,7,8,7,6,7,6.0,7,6.0,6,6,7
211969,7.0,10.0,9,8.0,9,8.0,9.0,9,8,9.0,6.0,9,6.0,9,8,8.0,10.0,8,8,7.0,8.0,7.0,9,10.0,9,6.0,9,7.0,9.0,7.0,8.0,9,9
212795,6.0,7.0,8.0,8.0,8.0,8.0,6.0,9.0,8,6.0,6.0,6.0,6.0,7,7.0,7.0,7.0,7.0,7.0,6.0,8.0,8.0,7.0,8.0,7.0,7.0,7.0,6.0,9.0,8.0,7.0,7,8.0
211797,7.0,9.0,9,8.0,9,9.0,7.0,9,10,9.0,7.0,9,7.0,9,8,8.0,8.0,8,8,9.0,8.0,9.0,9,9.0,9,9.0,9,7.0,9.0,9.0,8.0,9,9
213257,6.0,6.0,6.0,6.0,7.0,6.0,6.0,7.0,6,6.0,6.0,5.0,5.0,5,6.0,6.0,6.0,6.0,6.0,6.0,7.0,7.0,5.0,7.0,5.0,5.0,6.0,6.0,7.0,7.0,6.0,5,7.0
213266,8.0,8.0,7.0,8.0,7.0,8.0,8.0,7.0,8,6.0,7.0,8.0,6.0,8,7.0,8.0,9.0,7,8.0,7.0,8.0,8.0,8.0,9.0,7.0,7.0,7.0,6.0,10.0,8.0,7.0,7,10.0
212469,5.0,7.0,7,7.0,7,7.0,7.0,7,4,5.0,5.0,7,4.0,5,6,6.0,8.0,6,6,7,6.0,5.0,7,8.0,7,5.0,7,5.0,8.0,6.0,6,6,7
213007,7.0,8.0,7.0,8.0,8.0,8.0,8.0,8.0,9,8.0,7.0,7.0,6.0,11,9.0,10.0,9.0,8.0,8.0,7.0,9.0,8.0,8.0,9.0,8.0,7.0,7.0,7.0,9.0,8.0,7.0,8,9.0
212501,7.0,7.0,9,9.0,9,8.0,7.0,9,10,8.0,8.0,9,7.0,10,8,9.0,9.0,8,8,8.0,9.0,9.0,9,10.0,9,7.0,9,8.0,9.0,9.0,8.0,9,9
212833,5.0,6.0,7,7.0,7,7.0,6.0,7,6,6.0,4.0,7,5.0,5,6,6.0,7.0,6,6.0,6.0,6.0,7.0,4.0,8.0,7,7.0,7,6.0,6.0,7.0,6.0,5,7
211466,6,6,7,6,7,7.0,7.0,7,6,7,5,7,6,5,6,6.0,7.0,6,6,7,7.0,7.0,7,8,7,6,7,6.0,7,6.0,6,6,7
212889,6.0,6.0,7.0,8.0,8.0,7.0,6.0,8.0,7,7.0,6.0,7.0,6.0,8,8.0,8.0,7.0,8.0,7.0,6.0,7.0,7.0,7.0,9.0,7.0,8.0,6.0,6.0,9.0,8.0,7.0,7,8.0
212366,8.0,8.0,9,8.0,9,8.0,9.0,9,9,9.0,6.0,9,6.0,10,8,9.0,10.0,8,8,6.0,8.0,8.0,9,10.0,9,6.0,9,8.0,10.0,9.0,6.0,7,9
210268,7,7,8,7,8,8.0,8.0,8,7,8,6,8,7,7,7,7.0,8.0,7,7,8,6.0,7.0,8,9,8,7,8,7.0,8,6.0,7,7,8
211357,8,8,9,8,9,7.0,8.0,9,10,9,7,9,8,10,8,9.0,7.0,8,8,9,9.0,9.0,9,10,9,8,9,7.0,9,9.0,8,8,9
212130,6.0,6.0,7,6.0,7,7.0,6.0,7,7,5.0,7.0,7,6.0,6,6,7.0,6.0,6,6,7.0,9.0,8.0,7,8.0,7,5.0,7,6.0,7.0,7.0,8.0,7,7
212062,9.0,8.0,9,8.0,9,8.0,9.0,9,11,9.0,8.0,9,9.0,9,8,8.0,6.0,8,8,9.0,10.0,10.0,9,10.0,9,8.0,9,10.0,9.0,9.0,8.0,9,9
210910,8,8,9,8,9,8.0,9.0,9,9,9,7,9,8,9,8,8.0,9.0,8,8,9,9,8.0,9,10,9,8,9,7.0,9,9.0,8,8,9
212708,6.0,6.0,7,6.0,7,7.0,5.0,7,5,7.0,5.0,7,6.0,5,6,6.0,6.0,6,6.0,7.0,6.0,6.0,6.0,8.0,7,6.0,7,6.0,7.0,8.0,6.0,5,7
210848,7,7,8,7,8,8.0,7.0,8,9,8,6,8,7,6,7,6.0,6.0,7,7,8,9.0,9.0,8,9,8,7,8,7.0,8,8.0,7,7,8
211763,7.0,7.0,8,8.0,8,7.0,6.0,8,9,8.0,7.0,8,9.0,7,7,7.0,6.0,7,7,7.0,9.0,9.0,8,9.0,8,8.0,8,7.0,8.0,9.0,7.0,7,8
211134,6,6,7,6,7,6.0,5.0,7,7,7,5,7,6,5,6,6.0,4.0,6,6,7,8.0,8.0,7,8,7,6,7,7.0,7,8.0,6,6,7
211992,6.0,7.0,7,7.0,7,7.0,8.0,7,5,6.0,4.0,7,4.0,5,6,6.0,7.0,6,6,5.0,4.0,6.0,7,8.0,7,4.0,7,6.0,8.0,5.0,5.0,4,7
211777,4.0,5.0,6,6.0,6,6.0,6.0,6,4,4.0,6.0,6,5.0,4,5,6.0,7.0,5,5,6,7.0,6.0,6,6.0,6,6.0,6,5.0,8.0,6.0,5,5,6
212355,7.0,8.0,9,9.0,9,9.0,9.0,9,10,8.0,7.0,9,6.0,10,8,9.0,9.0,8,8,9.0,8.0,9.0,9,10.0,9,7.0,9,8.0,8.0,9.0,7.0,8,9
210626,6,6,7,6,7,6.0,6.0,7,5,7,5,7,6,6,6,7.0,6.0,6,6,7,7.0,6.0,7,8,7,6,7,6.0,7,7.0,6,6,7
212252,7.0,6.0,7,7.0,7,6.0,6.0,7,7,7.0,5.0,7,6.0,4,6,5.0,6.0,6,6,6.0,7.0,8.0,7,9.0,7,6.0,7,6.0,6.0,6.0,6.0,5,7
211573,7.0,8.0,9,7.0,9,8.0,6.0,9,11,8.0,7.0,9,9.0,9,8,8.0,7.0,8,8,9.0,9.0,10.0,9,10.0,9,8.0,9,8.0,8.0,8.0,9.0,10,9
210225,7,7,8,7,8,8.0,7.0,8,8,8,6,8,7,7,7,7.0,7.0,7,7,8,7.0,8.0,8,9,8,7,8,7.0,8,7.0,7,7,8
211368,8,8,9,8,9,8.0,8.0,9,10,9,7,9,8,10,8,9.0,7.0,8,8,9,10.0,9.0,9,10,9,8,9,10.0,9,7.0,8,8,9
211476,6,6,7,6,7,7.0,7.0,7,6,7,5,7,6,5,6,6.0,6.0,6,6,7,8.0,7.0,7,8,7,6,7,6.0,7,7.0,6,6,7
210561,7,7,8,7,8,8.0,8.0,8,8,8,6,8,7,8,7,8.0,8.0,7,7,8,7.0,8.0,8,9,8,7,8,7.0,8,6.0,7,7,8
213001,6.0,6.0,6.0,5.0,6.0,7.0,6.0,7.0,7,6.0,6.0,7.0,6.0,5,4.0,6.0,7.0,5.0,6.0,7.0,7.0,8.0,7.0,7.0,6.0,7.0,6.0,6.0,6.0,6.0,6.0,5,6.0
211175,7,7,8,7,8,8.0,8.0,8,8,8,6,8,7,7,7,7.0,8.0,7,7,8,7.0,8.0,8,9,8,7,8,7.0,8,6.0,7,7,8
210897,8,8,9,8,9,9.0,9.0,9,11,9,7,9,8,8,8,7.0,8.0,8,8,9,8.0,10.0,9,10,9,8,9,9.0,9,8.0,8,8,9
210773,8,8,9,8,9,9.0,8.0,9,10,9,7,9,8,9,8,8.0,7.0,8,8,9,9.0,9.0,9,10,9,8,9,8.0,9,8.0,8,8,9
212132,7.0,7.0,8,7.0,8,8.0,6.0,8,8,9.0,5.0,8,7.0,6,7,6.0,6.0,7,7,9.0,7.0,8.0,8,8.0,8,8.0,8,6.0,7.0,6.0,6.0,6,8
212274,8.0,8.0,9,8.0,9,9.0,8.0,9,10,9.0,7.0,9,8.0,9,8,8.0,8.0,8,8,9.0,9.0,9.0,9,10.0,9,8.0,9,8.0,9.0,8.0,8.0,9,9
211202,7,7,8,7,8,7.0,8.0,8,7,8,6,8,7,8,7,8.0,7.0,7,7,8,8.0,7.0,8,9,8,7,8,7.0,8,9.0,7,7,8
212320,6.0,6.0,7,6.0,7,6.0,5.0,7,6,6.0,5.0,7,7.0,5,6,6.0,5.0,6,6,7.0,7.0,7.0,7,7.0,7,6.0,7,7.0,7.0,8.0,6.0,5,7
210444,7,7,8,7,8,7.0,6.0,8,8,8,6,8,7,7,7,7.0,5.0,7,7,8,9.0,8.0,8,9,8,7,8,8.0,8,9.0,7,7,8
211510,8,8,9,8,9,8.0,8.0,9,8,9,7,9,8,10,8,9.0,8.0,8,8,9,8.0,7.0,9,10,9,8,9,8.0,9,8.0,8,8,9
210046,7,7,8,7,8,7.0,7.0,8,9,8,6,8,7,7,7,7.0,5.0,7,7,8,8.0,9.0,8,9,8,7,8,8.0,8,7.0,7,7,8
210659,8,8,9,8,9,8.0,9.0,9,9,9,7,9,8,11,8,10.0,9.0,8,8,9,8.0,8.0,9,10,9,8,9,9.0,9,8.0,8,8,9
210240,8,8,9,8,9,8.0,9.0,9,8,9,7,9,8,9,8,8.0,9.0,8,8,9,8.0,7.0,9,10,9,8,9,8.0,9,9.0,8,8,9
211864,6.0,7.0,9,9.0,9,8.0,8.0,9,9,7.0,8.0,9,7.0,9,8,8.0,9.0,8,8,8.0,10.0,8.0,9,8.0,9,8.0,9,7.0,9.0,10.0,8.0,9,9
212984,6.0,6.0,7.0,7.0,7.0,8.0,7.0,8.0,7,6.0,7.0,7.0,6.0,8,8.0,8.0,8.0,7.0,7.0,6.0,7.0,7.0,7.0,8.0,7.0,6.0,6.0,7.0,8.0,8.0,6.0,6,8.0
210056,6,6,7,6,7,7.0,7.0,7,5,7,5,7,6,5,6,6.0,7.0,6,6,7,6.0,6.0,7,8,7,6,7,6.0,7,7.0,6,6,7
210287,7,7,8,7,8,7.0,7.0,8,8,8,6,8,7,6,7,6.0,7.0,7,7,8,8.0,8.0,8,9,8,7,8,8.0,8,7.0,7,7,8
213270,8.0,7.0,8.0,7.0,7.0,7.0,7.0,9.0,8,8.0,6.0,8.0,6.0,7,6.0,7.0,7.0,7.0,6.0,6.0,8.0,8.0,7.0,9.0,6.0,7.0,8.0,7.0,8.0,8.0,6.0,6,8.0
210603,7,7,8,7,8,8.0,7.0,8,7,8,6,8,7,8,7,8.0,9.0,7,7,8,8.0,7.0,8,9,8,7,8,7.0,8,8.0,7,7,8
212899,6.0,6.0,7,7.0,7,6.0,6.0,7,5,6.0,6.0,7,5.0,5,6,6.0,6.0,6,6.0,7,7.0,6.0,7,7.0,7,6.0,7,5.0,7.0,6.0,6,6,7.0
212384,9.0,10.0,9,8.0,9,9.0,9.0,9,10,10.0,7.0,9,8.0,9,8,8.0,9.0,8,8,10.0,8.0,9.0,9,10.0,9,8.0,9,9.0,8.0,8.0,7.0,8,9
212297,6.0,6.0,7,7.0,7,7.0,7.0,7,6,7.0,6.0,7,6.0,6,6,7.0,8.0,6,6,8.0,6.0,7.0,7,8.0,7,6.0,7,6.0,8.0,7.0,7.0,6,7
212015,7.0,8.0,9,8.0,9,8.0,9.0,9,10,9.0,7.0,9,8.0,9,8,8.0,8.0,8,8,10.0,9.0,9.0,9,9.0,9,10.0,9,8.0,8.0,10.0,8.0,9,9
211068,6,6,7,6,7,6.0,6.0,7,6,7,5,7,6,4,6,5.0,6.0,6,6,7,6.0,7.0,7,8,7,6,7,6.0,7,6.0,6,6,7
212113,8.0,9.0,9,9.0,9,9.0,9.0,9,10,10.0,6.0,9,7.0,10,8,9.0,9.0,8,8,9.0,7.0,9.0,9,10.0,9,8.0,9,10.0,9.0,8.0,8.0,9,9
210613,7,7,8,7,8,7.0,7.0,8,8,8,6,8,7,8,7,8.0,7.0,7,7,8,8.0,8.0,8,9,8,7,8,8.0,8,7.0,7,7,8
213076,6.0,6.0,7.0,6.0,6.0,7.0,6.0,7.0,6,7.0,6.0,7.0,6.0,5,5.0,6.0,6.0,6.0,6.0,7.0,8.0,7.0,7.0,8.0,6.0,6.0,6.0,6.0,7.0,6.0,6.0,5,6.0
211523,6.0,6.0,7,7.0,7,7.0,7.0,7,7,7.0,6.0,7,5.0,6,6,7.0,6.0,6,6,7.0,7.0,8.0,7,9.0,7,7.0,7,7.0,7.0,7.0,5.0,4,7
210721,6,6,7,6,7,6.0,6.0,7,6,7,5,7,6,6,6,7.0,5.0,6,6,7,8.0,7.0,7,8,7,6,7,6.0,7,8.0,6,6,7
211757,6.0,7.0,7,7.0,7,7.0,7.0,7,5,7.0,4.0,7,5.0,6,6,7.0,7.0,6,6,7.0,6.0,6.0,7,8.0,7,6.0,7,6.0,7.0,6.0,5.0,4,7
210855,7,7,8,7,8,6.0,7.0,8,8,8,6,8,7,8,7,8.0,6.0,7,7,8,9.0,8.0,8,9,8,7,8,7.0,8,8.0,7,7,8
212231,9.0,8.0,9,8.0,9,8.0,7.0,9,10,8.0,7.0,9,7.0,10,8,9.0,8.0,8,8,7.0,9.0,9.0,9,9.0,9,7.0,9,8.0,8.0,8.0,8,8,9
211600,7.0,6.0,8,7.0,8,7.0,8.0,8,6,7.0,5.0,8,5.0,9,7,9.0,9.0,7,7,6.0,8.0,6.0,8,9.0,8,6.0,8,6.0,8.0,7.0,5.0,5,8
210948,6,6,7,6,7,6.0,7.0,7,5,7,5,7,6,6,6,7.0,7.0,6,6,7,6.0,6.0,7,8,7,6,7,5.0,7,6.0,6,6,7
210120,6,6,7,6,7,6.0,6.0,7,6,7,5,7,6,6,6,7.0,7.0,6,6,7,5.0,7.0,7,8,7,6,7,6.0,7,6.0,6,6,7
212408,6.0,7.0,8,6.0,8,8.0,7.0,8,9,7.0,7.0,8,8.0,8,7,8.0,6.0,7,7,10.0,9.0,9.0,8,8.0,8,9.0,8,7.0,8.0,7.0,7,7,8
212590,7.0,7.0,6.0,8.0,8.0,8.0,8.0,7.0,7,8.0,6.0,8.0,7.0,8,7.0,8.0,8.0,7.0,6.0,9.0,7.0,7.0,8.0,8.0,9.0,8.0,8.0,7.0,10.0,8.0,6.0,6,8.0
210089,7,7,8,7,8,7.0,7.0,8,9,8,6,8,7,7,7,7.0,6.0,7,7,8,8.0,9.0,8,9,8,7,8,8.0,8,8.0,7,7,8
212600,8.0,9.0,7.0,9.0,8.0,10.0,9.0,8.0,10,8.0,7.0,8.0,8.0,9,7.0,8.0,9.0,7.0,8.0,8.0,8.0,9.0,10.0,10.0,8.0,8.0,8.0,8.0,9.0,9.0,8.0,9,9.0
212445,7.0,8.0,8,7.0,8,8.0,8.0,8,7,8.0,6.0,8,6.0,8,7,8.0,8.0,7,7,8.0,8.0,7.0,8,10.0,8,7.0,8,7.0,8.0,7.0,6.0,6,8
211456,7,7,8,7,8,8.0,7.0,8,9,8,6,8,7,6,7,6.0,7.0,7,7,8,8.0,9.0,8,9,8,7,8,7.0,8,8.0,7,7,8
210191,7,7,8,7,8,7.0,7.0,8,7,8,6,8,7,6,7,6.0,8.0,7,7,8,7.0,7.0,8,9,8,7,8,6.0,8,8.0,7,7,8
212498,6.0,6.0,7,6.0,7,7.0,6.0,7,5,6.0,5.0,7,5.0,6,6,7.0,6.0,6,6,6.0,8.0,6.0,7,7.0,7,7.0,7,6.0,7.0,8.0,6.0,5,7
210750,6,6,7,6,7,7.0,7.0,7,6,7,5,7,6,5,6,6.0,6.0,6,6,7,7.0,7.0,7,8,7,6,7,5.0,7,6.0,6,6,7
212264,7.0,7.0,9,9.0,9,8.0,7.0,9,10,7.0,7.0,9,9.0,10,8,9.0,7.0,8,8,9.0,9.0,9.0,9,9.0,9,10.0,9,9.0,10.0,10.0,9.0,10,9
212541,7.0,8.0,8.0,9.0,9.0,9.0,8.0,9.0,10,9.0,7.0,9.0,8.0,9,7.0,8.0,9.0,7.0,9.0,10.0,7.0,9.0,9.0,10.0,9.0,9.0,9.0,8.0,9.0,8.0,8.0,9,9.0
211669,6.0,8.0,8,8.0,8,8.0,8.0,8,7,7.0,6.0,8,7.0,7,7,7.0,7.0,7,7,6.0,7.0,7.0,8,8.0,8,8.0,8,7.0,8.0,8.0,5.0,5,8
210530,8,8,9,8,9,8.0,7.0,9,10,9,7,9,8,10,8,9.0,8.0,8,8,9,10.0,9.0,9,10,9,8,9,8.0,9,8.0,8,8,9
212054,7.0,7.0,9,8.0,9,8.0,8.0,9,10,9.0,7.0,9,8.0,10,8,9.0,7.0,8,8,10.0,9.0,9.0,9,10.0,9,9.0,9,9.0,9.0,9.0,8.0,9,9
212621,6.0,6.0,7,6.0,7,7.0,6.0,7,7,7.0,6.0,7,7.0,5,6,6.0,5.0,6,6.0,8.0,9.0,8.0,8.0,8.0,7,6.0,7,6.0,6.0,8.0,8.0,7,6.0
211018,8,8,9,8,9,8.0,8,9,9,9,7,9,8,8,8,7.0,8.0,8,8,9,9.0,8.0,9,10,9,8,9,7.0,9,8.0,8,8,9
211729,8.0,8.0,9,7.0,9,8.0,8.0,9,11,9.0,7.0,9,8.0,8,8,7.0,8.0,8,8,8.0,9.0,10.0,9,10.0,9,8.0,9,9.0,8.0,9.0,8.0,9,9
211643,7.0,8.0,8,7.0,8,8.0,6.0,8,10,8.0,6.0,8,6.0,6,7,6.0,6.0,7,7,7.0,9.0,10.0,8,8.0,8,6.0,8,8.0,6.0,7.0,6.0,6,8
213324,4.0,6.0,7,6.0,7,7.0,6.0,7,5,6.0,4.0,7,6.0,5,6,6.0,6.0,6,7.0,7.0,6.0,6.0,7.0,7.0,7,7.0,7,6.0,8.0,6.0,6.0,5,7
210736,8,8,9,8,9,7.0,8.0,9,10,9,7,9,8,9,8,8.0,7.0,8,8,9,9.0,9.0,9,10,9,8,9,8.0,9,9.0,8,8,9
210480,8,8,9,8,9,9.0,9.0,9,10,9,7,9,8,8,8,7.0,8.0,8,8,9,8.0,9.0,9,10,9,8,9,10.0,9,7.0,8,8,9
213149,6.0,6.0,7.0,6.0,6.0,8.0,7.0,9.0,7,9.0,6.0,7.0,7.0,6,5.0,6.0,7.0,8.0,6.0,7.0,6.0,7.0,7.0,9.0,8.0,6.0,7.0,6.0,7.0,7.0,6.0,6,8.0
212606,5.0,6.0,7,7.0,7,6.0,6.0,7,5,6.0,6.0,7,5.0,6,6,7.0,7.0,6,7.0,6.0,7.0,6.0,6.0,8.0,7,6.0,7,6.0,7.0,6.0,6.0,5,8.0
210549,6,6,7,6,7,5.0,7.0,7,5,7,5,7,6,7,6,8.0,7.0,6,6,7,5.0,6.0,7,8,7,6,7,6,7,6.0,6,6,7
212799,7.0,7.0,6.0,7.0,8,9.0,8.0,7.0,6,7.0,6.0,6.0,5.0,7,6.0,7.0,9.0,7.0,7.0,7.0,7.0,6.0,7.0,9.0,7.0,6.0,6.0,6.0,7.0,6.0,6.0,6,8.0
211260,8,8,9,8,9,9.0,7.0,9,8,9,7,9,8,9,8,8.0,7.0,8,8,9,10.0,8,9,10,9,8,9,8.0,9,8.0,8,8,9
210969,7,7,8,7,8,8.0,7.0,8,9,8,6,8,7,6,7,6.0,7.0,7,7,8,9.0,9.0,8,9,8,7,8,8.0,8,8.0,7,7,8
211237,8,8,9,8,9,8.0,9.0,9,11,9,7,9,8,9,8,8.0,8.0,8,8,9,8.0,10.0,9,10,9,8,9,8.0,9,9.0,8,8,9
210665,7,7,8,7,8,8.0,6.0,8,7,8,6,8,7,7,7,7.0,7.0,7,7,8,8.0,7.0,8,9,8,7,8,6.0,8,8.0,7,7,8
212604,6.0,7.0,6.0,7.0,6.0,7.0,8.0,7.0,6,8.0,6.0,7.0,6.0,5,5.0,6.0,6.0,7.0,6.0,7.0,6.0,7.0,7.0,8.0,7.0,6.0,6.0,6.0,7.0,7.0,6.0,5,7.0
211464,8,8,9,8,9,9.0,10.0,9,9,9,7,9,8,10,8,9.0,9.0,8,8,9,7.0,8.0,9,10,9,8,9,8.0,9,8.0,8,8,9
212526,8.0,9.0,8.0,8.0,8.0,8.0,9.0,9.0,10,9.0,7.0,8.0,7.0,10,7.0,9.0,8.0,8.0,8.0,8.0,8.0,9.0,8.0,9.0,8.0,8.0,7.0,8.0,8.0,6.0,6.0,7,8.0
213309,5.0,6.0,7,6.0,7,6.0,6.0,7,6,7.0,6.0,7,6.0,6,6,7.0,6.0,6,8.0,7.0,8.0,7.0,7.0,8.0,7,7.0,7,6.0,7.0,6.0,6.0,5,7.0
212842,7.0,8.0,7.0,7.0,6.0,8.0,7.0,7.0,7,8.0,6.0,8.0,6.0,7,6.0,7.0,9.0,7.0,7.0,6.0,8.0,7.0,8.0,9.0,7.0,7.0,6.0,7.0,9.0,6.0,7.0,7,7.0
211843,6.0,7.0,7,6.0,7,6.0,6.0,7,7,8.0,5.0,7,5.0,4,6,5.0,7.0,6,6,8.0,7.0,8.0,7,8.0,7,7.0,7,7.0,6.0,6.0,5.0,4,7
211760,8.0,10.0,9,9.0,9,9.0,9.0,9,9,9.0,7.0,9,8.0,9,8,8.0,8.0,8,8,9.0,8.0,8.0,9,10.0,9,8.0,9,7.0,10.0,7.0,7.0,8,9
212628,7.0,6.0,7.0,6.0,7.0,6.0,6.0,8.0,7,7.0,5.0,7.0,5.0,5,4.0,6.0,6.0,7.0,6.0,6.0,7.0,8.0,7.0,8.0,6.0,6.0,7.0,6.0,6.0,6.0,6.0,5,7
213271,8.0,8.0,7.0,9.0,8.0,10.0,9.0,8.0,10,8.0,7.0,9.0,9.0,8,8.0,7.0,8.0,8.0,8.0,9.0,8.0,9.0,9.0,10.0,8.0,9.0,8.0,8.0,9.0,8.0,9.0,10,8.0
212959,9.0,8.0,10.0,8.0,9.0,8.0,7.0,10.0,11,9.0,7.0,8.0,8.0,9,7.0,8.0,6.0,8.0,8.0,9.0,10.0,10.0,8.0,10.0,8.0,8.0,9.0,8.0,8.0,10.0,8.0,9,8.0
212219,8.0,8.0,9,8.0,9,8.0,8.0,9,11,8.0,8.0,9,9.0,8,8,7.0,7.0,8,8,9.0,9.0,10.0,9,9.0,9,10.0,9,8.0,9.0,8.0,8.0,9,9
210792,7,7,8,7,8,7.0,6.0,8,7,8,6,8,7,8,7,8.0,7.0,7,7,8,7.0,7.0,8,9,8,7,8,7.0,8,7.0,7,7,8
210668,7,7,8,7,8,6.0,6.0,8,9,8,6,8,7,7,7,7.0,6.0,7,7,8,8.0,9.0,8,9,8,7,8,7.0,8,8.0,7,7,8
211772,8.0,10.0,9,8.0,9,9.0,9.0,9,10,9.0,6.0,9,7.0,10,8,9.0,9.0,8,8,7.0,8.0,9.0,9,10.0,9,8.0,9,8.0,9.0,8.0,6.0,7,9
210132,7,7,8,7,8,8.0,7.0,8,8,8,6,8,7,8,7,8.0,7.0,7,7,8,8.0,8.0,8,9,8,7,8,8.0,8,8.0,7,7,8
211162,7,7,8,7,8,6.0,7.0,8,5,8,6,8,7,8,7,8.0,8.0,7,7,8,7.0,5.0,8,9,8,7,8,6.0,8,8.0,7,7,8
213124,8.0,9.0,10.0,7.0,8.0,9.0,7.0,9.0,10,9.0,7.0,8.0,8.0,7,6.0,6.0,7.0,7.0,8.0,8.0,8.0,9.0,9.0,9.0,8.0,8.0,8.0,8.0,8.0,7.0,7.0,8,8.0
213210,5.0,6.0,7,6.0,7,6.0,6.0,7,6,6.0,6.0,7,6.0,5,6,6.0,6.0,6,7.0,7.0,7.0,7.0,7.0,7.0,7,7.0,7,6.0,8.0,7.0,6.0,5,7.0
210639,6,6,7,6,7,6.0,7.0,7,5,7,5,7,6,6,6,7.0,7.0,6,6,7,6.0,6.0,7,8,7,6,7,6.0,7,6.0,6,6,7
211001,6,6,7,6,7,6.0,6.0,7,6,7,5,7,6,6,6,7.0,6.0,6,6,7,7.0,7.0,7,8,7,6,7,6.0,7,7.0,6,6,7
210139,6,6,7,6,7,6.0,7.0,7,5,7,5,7,6,6,6,7.0,8.0,6,6,7,7.0,6.0,7,8,7,6,7,5.0,7,6.0,6,6,7
210074,8,8,9,8,9,8.0,8.0,9,11,9,7,9,8,8,8,7.0,7.0,8,8,9,10.0,10.0,9,10,9,8,9,8.0,9,9.0,8,8,9
210903,7,7,8,7,8,8.0,8.0,8,10,8,6,8,7,7,7,7.0,6.0,7,7,8,8.0,10.0,8,9,8,7,8,8.0,8,7.0,7,7,8
212349,6.0,7.0,8,8.0,8,7.0,6.0,8,8,7.0,7.0,8,7.0,7,7,7.0,6.0,7,7,8.0,8.0,8.0,8,8.0,8,9.0,8,7.0,9.0,9.0,8.0,8,8
212226,6.0,8.0,8,8.0,8,8.0,6.0,8,8,8.0,7.0,8,7.0,6,7,6.0,6.0,7,7,7.0,8.0,8.0,8,7.0,8,7.0,8,7.0,8.0,8.0,7.0,7,8
210464,7,7,8,7,8,7.0,7.0,8,10,8,6,8,7,6,7,6.0,5.0,7,7,8,9.0,10.0,8,9,8,7,8,7.0,8,8.0,7,7,8
212827,6.0,7.0,6.0,7.0,6.0,6.0,6.0,6.0,5,6.0,6.0,5.0,4.0,6,6.0,7.0,8.0,7.0,6.0,7.0,6.0,6.0,6.0,8.0,6.0,5.0,6.0,6.0,7.0,6.0,6.0,5,8.0
211792,7.0,7.0,8,7.0,8,8.0,7.0,8,8,6.0,7.0,8,6.0,8,7,8.0,7.0,7,7,7.0,8.0,8.0,8,9.0,8,7.0,8,8.0,9.0,9.0,7.0,7,8
212050,8.0,8.0,9,8.0,9,9.0,9.0,9,9,9.0,6.0,9,8.0,11,8,10.0,9.0,8,8,8.0,8.0,8.0,9,10.0,9,9.0,9,8.0,8.0,8.0,7.0,8,9
210718,7,7,8,7,8,6.0,6.0,8,8,8,6,8,7,7,7,7.0,7.0,7,7,8,9.0,8.0,8,9,8,7,8,8.0,8,8.0,7,7,8
212516,5.0,6.0,5.0,7.0,6.0,7.0,6.0,5.0,6,6.0,6.0,6.0,5.0,5,6.0,6.0,6.0,6,6.0,7.0,7.0,7.0,7.0,7.0,7,6.0,5.0,6.0,7.0,7.0,6.0,5,6.0
212211,4.0,6.0,7,7.0,7,6.0,7.0,7,6,6.0,6.0,7,6.0,6,6,7.0,7.0,6,6,6.0,7.0,7.0,7,7.0,7,7.0,7,6.0,8.0,8.0,6.0,5,7
212267,7.0,9.0,8,8.0,8,8.0,7.0,8,8,9.0,6.0,8,7.0,8,7,8.0,7.0,7,7,8.0,7.0,8.0,8,9.0,8,9.0,8,8.0,7.0,7.0,7.0,7,8
210489,8,8,9,8,9,8.0,8.0,9,10,9,7,9,8,9,8,8.0,8.0,8,8,9,10.0,9.0,9,10,9,8,9,8.0,9,8.0,8,8,9
212782,6.0,7.0,8.0,7.0,9.0,7.0,6.0,9.0,7,6.0,6.0,7.0,7.0,8,7.0,8.0,7.0,7.0,6.0,7.0,9.0,7.0,7.0,8.0,7.0,7.0,8.0,6.0,8.0,8.0,7.0,7,8.0
211550,8.0,7.0,8,7.0,8,7.0,6.0,8,8,8.0,6.0,8,6.0,7,7,7.0,7.0,7,7,8.0,9.0,8.0,8,10.0,8,7.0,8,8.0,7.0,7.0,7.0,7,8
213023,6.0,7.0,7,6.0,7,8.0,6.0,7,6,7.0,6.0,7,6.0,3,6,4.0,6.0,6,7.0,6.0,6.0,7.0,9.0,8.0,7,7.0,7,7.0,7.0,6.0,6.0,5,6.0
210895,8,8,9,8,9,7.0,7.0,9,9,9,7,9,8,10,8,9.0,7.0,8,8,9,9.0,8.0,9,10,9,8,9,7.0,9,9.0,8,8,9
210901,8,8,9,8,9,8.0,7.0,9,10,9,7,9,8,8,8,7.0,6.0,8,8,9,9.0,9.0,9,10,9,8,9,8.0,9,9.0,8,8,9
211950,7.0,7.0,8,6.0,8,7.0,6.0,8,8,7.0,7.0,8,5.0,7,7,7.0,6.0,7,7,8.0,9.0,8.0,8,8.0,8,8.0,8,7.0,7.0,8.0,7.0,7,8
210618,7,7,8,7,8,8.0,9.0,8,7,8,6,8,7,8,7,8.0,8.0,7,7,8,7.0,7.0,8,9,8,7,8,7.0,8,7.0,7,7,8
212278,5.0,6.0,7,7.0,7,6.0,6.0,7,6,6.0,5.0,7,7.0,7,6,8.0,7.0,6,6,7.0,7.0,7.0,7,7.0,7,7.0,7,7.0,8.0,7.0,6.0,5,7
212624,7.0,6.0,7.0,7.0,7.0,7.0,7.0,9.0,5,7.0,6.0,7.0,6.0,6,5.0,7.0,7.0,7.0,6.0,8.0,7.0,6.0,6.0,9.0,7.0,6.0,6.0,6.0,6.0,6.0,6.0,5,7.0
210067,7,7,8,7,8,7,7.0,8,9,8,6,8,7,6,7,6.0,6.0,7,7,8,7.0,9.0,8,9,8,7,8,7,8,7.0,7,7,8
210635,6,6,7,6,7,6.0,5.0,7,6,7,5,7,6,5,6,6.0,4.0,6,6,7,8.0,7.0,7,8,7,6,7,7.0,7,6.0,6,6,7
213085,7.0,9.0,7.0,8.0,8.0,9.0,9.0,9.0,8,7.0,7.0,7.0,7.0,8,7.0,7.0,9.0,8.0,8.0,8.0,8.0,7.0,9.0,9.0,8.0,8.0,7.0,7.0,9.0,8.0,8.0,9,8.0
211249,8,8,9,8,9,8.0,8.0,9,9,9,7,9,8,10,8,9.0,8.0,8,8,9,7.0,8.0,9,10,9,8,9,6.0,9,9.0,8,8,9
210315,8,8,9,8,9,9.0,8,9,10,9,7,9,8,9,8,8.0,9.0,8,8,9,8.0,9.0,9,10,9,8,9,8.0,9,8.0,8,8,9
210105,6,6,7,6,7,6.0,5.0,7,6,7,5,7,6,4,6,5.0,6.0,6,6,7,7.0,7.0,7,8,7,6,7,5.0,7,7.0,6,6,7
211662,7.0,6.0,7,8.0,7,7.0,6.0,7,7,6.0,6.0,7,6.0,6,6,7.0,7.0,6,6,6.0,7.0,8.0,7,8.0,7,6.0,7,6.0,8.0,8.0,7.0,6,7
213306,7.0,8.0,8.0,6.0,6.0,6.0,6.0,8.0,6,6.0,6.0,5.0,6.0,5,4.0,6.0,6.0,6.0,6.0,6.0,7.0,7.0,6.0,9.0,6.0,6.0,7.0,6.0,6.0,6.0,6.0,5,6.0
211577,7.0,6.0,7,7.0,7,6.0,7.0,7,6,7.0,5.0,7,4.0,7,6,8.0,8.0,6,6,5.0,6.0,7.0,7,9.0,7,4.0,7,6.0,6.0,7.0,4.0,3,7
212341,7.0,8.0,8,7.0,8,7.0,7.0,8,8,9.0,5.0,8,7.0,6,7,6.0,6.0,7,7,9.0,7.0,8.0,8,9.0,8,7.0,8,7.0,7.0,6.0,5.0,5,8
211832,9.0,8.0,9,9.0,9,9.0,10.0,9,10,8.0,5.0,9,7.0,11,8,10.0,9.0,8,8,8.0,9.0,9.0,9,9.0,9,8.0,9,8.0,9.0,8.0,8.0,9,9
210337,7,7,8,7,8,8.0,8.0,8,7,8,6,8,7,7,7,7.0,8.0,7,7,8,6.0,7.0,8,9,8,7,8,7.0,8,7.0,7,7,8
212938,8.0,8.0,9.0,8.0,10.0,8.0,7.0,10.0,10,9.0,7.0,9.0,8.0,9,7.0,8.0,7.0,8.0,9.0,9.0,10.0,9.0,9.0,10.0,8.0,8.0,9.0,9.0,8.0,9.0,8.0,9,7.0
212981,8.0,9.0,9.0,9.0,8.0,8.0,10.0,10.0,9,8.0,7.0,8.0,7.0,10,9.0,9.0,10.0,9.0,8.0,9.0,8.0,8.0,8.0,10.0,9.0,8.0,9.0,8.0,9.0,9.0,8.0,9,10.0
211004,9,9,10,9,10,9.0,9.0,10,11,10,8,10,9,10,9,8.0,9.0,9,9,10,9.0,9.0,10,11,10,9,10,9.0,10,9.0,9,9,10
213117,8.0,9.0,7.0,8.0,8.0,9.0,9.0,8.0,9,9.0,8.0,9.0,7.0,8,7.0,7.0,9.0,7.0,8.0,9.0,9.0,8.0,10.0,9.0,8.0,10.0,7.0,7.0,9.0,9.0,8.0,9,8.0
210142,8,8,9,8,9,8.0,8.0,9,9,9,7,9,8,9,8,8.0,8.0,8,8,9,8.0,8.0,9,10,9,8,9,8.0,9,9.0,8,8,9
212242,7.0,7.0,8,7.0,8,9.0,8.0,8,9,7.0,6.0,8,6.0,8,7,8.0,8.0,7,7,7.0,9.0,9.0,8,9.0,8,7.0,8,7.0,9.0,8.0,9.0,9,8
212136,5.0,6.0,7,7.0,7,7.0,7.0,7,6,6.0,5.0,7,5.0,5,6,6.0,6.0,6,6,6.0,6.0,7.0,7,7.0,7,7.0,7,6.0,7.0,6.0,6.0,5,7
212720,6.0,6.0,6.0,7.0,7.0,7.0,6.0,7.0,6,7.0,5.0,5.0,5.0,5,6.0,6.0,7.0,6.0,7.0,7.0,6.0,7.0,6.0,8.0,6.0,7.0,5.0,6.0,7.0,6.0,6.0,5,7
211996,9.0,8.0,9,7.0,9,8.0,9.0,9,10,9.0,7.0,9,7.0,10,8,9.0,7.0,8,8,8.0,10.0,9.0,9,10.0,9,8.0,9,8.0,8.0,9.0,8.0,9,9
213056,9.0,9.0,8.0,8.0,7.0,9.0,8.0,9.0,9,9.0,7.0,8.0,7.0,8,6.0,7.0,7.0,8.0,8.0,8.0,9.0,8.0,8.0,10.0,8.0,7.0,8.0,8.0,8.0,7.0,6.0,7,8.0
213003,8.0,9.0,8.0,9.0,9.0,9.0,7.0,9.0,10,10.0,8.0,9.0,9.0,7,6.0,6.0,7.0,7.0,8.0,9.0,9.0,9.0,9.0,10.0,8.0,10.0,8.0,8.0,8.0,9.0,9.0,10,8.0
213152,6.0,8.0,8.0,8.0,8.0,9.0,7.0,7.0,10,8.0,7.0,9.0,8.0,9,7.0,8.0,9.0,7.0,10.0,8.0,9.0,9.0,8.0,8.0,7.0,8.0,7.0,7.0,10.0,8.0,9.0,10,8.0
211010,8,8,9,8,9,9.0,9.0,9,8,9,7,9,8,10,8,9.0,9.0,8,8,9,7.0,7.0,9,10,9,8,9,8.0,9,8.0,8,8,9
211148,6,6,7,6,7,7.0,6.0,7,5,7,5,7,6,6,6,7.0,7.0,6,6,7,7.0,6.0,7,8,7,6,7,5.0,7,7.0,6,6,7
211839,8.0,8.0,9,8.0,9,8.0,8.0,9,9,9.0,7.0,9,8.0,10,8,9.0,8.0,8,8,9.0,9.0,8.0,9,10.0,9,8.0,9,8.0,9.0,9.0,7.0,8,9
212058,6.0,7.0,7,6.0,7,7.0,6.0,7,6,7.0,6.0,7,6.0,5,6,6.0,6.0,6,6,7.0,6.0,7.0,7,9.0,7,7.0,7,6.0,7.0,6.0,5.0,4,7
211986,7.0,9.0,9,8.0,9,9.0,8.0,9,9,10.0,7.0,9,7.0,10,8,9.0,9.0,8,8,9.0,8.0,8.0,9,10.0,9,7.0,9,7.0,9.0,7.0,9.0,10,9
211189,7,7,8,7,8,8.0,7.0,8,8,8,6,8,7,7,7,7.0,7.0,7,7,8,8.0,8.0,8,9,8,7,8,8.0,8,9.0,7,7,8
211477,6,6,7,6,7,7.0,6.0,7,5,7,5,7,6,6,6,7.0,6.0,6,6,7,7.0,6.0,7,8,7,6,7,6.0,7,7.0,6,6,7
211673,7.0,8.0,9,8.0,9,9.0,7.0,9,11,9.0,8.0,9,8.0,8,8,7.0,7.0,8,8,8.0,9.0,10.0,9,9.0,9,10.0,9,8.0,9.0,9.0,8.0,9,9
212024,7.0,7.0,7,6.0,7,7.0,8.0,7,6,7.0,5.0,7,5.0,6,6,7.0,8.0,6,6,6.0,7.0,7.0,7,9.0,7,5.0,7,6.0,8.0,7.0,5.0,4,7
212869,6.0,5.0,7,6.0,7,6.0,6.0,7,5,6.0,6.0,7,5.0,6,6,7.0,7.0,6,6.0,6.0,7.0,6.0,7,8.0,7,6.0,7,6.0,7.0,7.0,6.0,5,8.0
212650,6.0,8.0,7.0,8.0,7.0,7.0,8.0,8.0,7,8.0,6.0,8.0,6.0,7,6.0,7.0,8.0,9.0,7.0,8.0,7.0,7.0,8.0,9.0,7.0,6.0,8,8.0,8.0,7.0,7.0,7,8.0
211767,9.0,8.0,9,8,9,9.0,8.0,9,11,8.0,7.0,9,9.0,9,8,8.0,6.0,8,8,10.0,10.0,10.0,9,9.0,9,8.0,9,9.0,9.0,9.0,8.0,9,9
211116,7,7,8,7,8,7.0,7.0,8,7,8,6,8,7,6,7,6.0,8.0,7,7,8,8.0,7.0,8,9,8,7,8,6.0,8,7.0,7,7,8
211442,7,7,8,7,8,8.0,8.0,8,7,8,6,8,7,8,7,8.0,8.0,7,7,8,7.0,7.0,8,9,8,7,8,6.0,8,7.0,7,7,8
212385,5.0,7.0,7,7.0,7,7.0,7.0,7,6,7.0,6.0,7,7.0,5,6,6.0,6.0,6,6,8.0,6.0,7.0,7,8.0,7,7.0,7,7.0,7.0,8.0,6.0,5,7
210111,8,8,9,8,9,9.0,9.0,9,10,9,7,9,8,9,8,8.0,9.0,8,8,9,7.0,9.0,9,10,9,8,9,8.0,9,7.0,8,8,9
211451,7,7,8,7,8,8.0,7.0,8,7,8,6,8,7,7,7,7.0,8.0,7,7,8,7.0,7.0,8,9,8,7,8,7.0,8,6.0,7,7,8
211033,6,6,7,6,7,6.0,4.0,7,6,7,5,7,6,4,6,5.0,6.0,6,6,7,7.0,7.0,7,8,7,6,7,7.0,7,7.0,6,6,7
212096,7.0,7.0,9,8.0,9,9.0,8.0,9,10,8.0,6.0,9,7.0,9,8,8.0,8.0,8,8,9.0,9.0,9.0,9,9.0,9,8.0,9,8.0,10.0,9.0,7.0,8,9
210030,8,8,9,8,9,8.0,8.0,9,10,9,7,9,8,9,8,8.0,8.0,8,8,9,10.0,9.0,9,10,9,8,9,9.0,9,9.0,8,8,9
212188,6.0,7.0,7,7.0,7,7.0,6.0,7,6,8.0,4.0,7,5.0,5,6,6.0,7.0,6,6,7.0,6.0,7.0,7,9.0,7,7.0,7,6.0,6.0,6.0,6.0,5,7
213092,8.0,8.0,9.0,9.0,10.0,8.0,9.0,10.0,11,8.0,7.0,9.0,8.0,10,9.0,9.0,7.0,9.0,6.0,9.0,9.0,10.0,9.0,10.0,9.0,8.0,10.0,9.0,8.0,9.0,7.0,8,10.0
210130,7,7,8,7,8,6.0,6.0,8,9,8,6,8,7,6,7,6.0,5.0,7,7,8,9.0,9.0,8,9,8,7,8,7.0,8,8.0,7,7,8
212731,9.0,9.0,8.0,8.0,8.0,9.0,9.0,8.0,10,8.0,7.0,7.0,6.0,10,8.0,9.0,9.0,8.0,8.0,8.0,8.0,9.0,8.0,10.0,7.0,6.0,7.0,7.0,9.0,7.0,7.0,8,9.0
213080,8.0,7.0,10.0,8.0,9.0,8.0,7.0,10.0,10,9.0,8.0,10.0,8.0,9,7.0,8.0,7.0,8.0,7.0,10.0,9.0,9.0,10.0,9.0,8.0,10.0,9.0,8.0,9.0,10.0,8.0,9,8.0
210728,7,7,8,7,8,7.0,7.0,8,6,8,6,8,7,8,7,8.0,9.0,7,7,8,7.0,6.0,8,9,8,7,8,5.0,8,7.0,7,7,8
211955,6.0,7.0,7,5.0,7,6.0,7.0,7,7,8.0,5.0,7,6.0,5,6,6.0,6.0,6,6,8.0,6.0,8.0,7,8.0,7,7.0,7,7.0,6.0,7.0,5.0,4,7
212177,5.0,6.0,7,5.0,7,7.0,5.0,7,6,6.0,5,7,5.0,4,6,5.0,6.0,6,6,6.0,6.0,7.0,7,8.0,7,6.0,7,6.0,6.0,6.0,6.0,5,7
211571,8.0,10.0,9,8.0,9,7.0,7.0,9,10,9.0,7.0,9,7.0,8,8,7.0,8.0,8,8,8.0,9.0,9.0,9,10.0,9,7.0,9,8.0,8.0,8.0,8.0,9,9
211137,7,7,8,7,8,7.0,6.0,8,8,8,6,8,7,8,7,8.0,6.0,7,7,8,8.0,8.0,8,9,8,7,8,7.0,8,9.0,7,7,8
212476,6.0,6.0,8,8.0,8,7.0,7.0,8,7,7.0,6.0,8,6.0,8,7,8.0,8.0,7,7,7.0,8.0,7.0,8,9.0,8,7.0,8,7.0,7.0,7.0,6.0,6,8
210467,6,6,7,6,7,7.0,7.0,7,5,7,5,7,6,5,6,6.0,7.0,6,6,7,6.0,6.0,7,8,7,6,7,7.0,7,5.0,6,6,7
212163,8.0,7.0,8,8.0,8,8.0,8.0,8,7,7.0,7.0,8,6.0,9,7,9.0,9.0,7,7,8.0,8.0,7.0,8,9.0,8,6.0,8,7.0,8.0,8.0,6.0,6,8
211511,6,6,7,6,7,6.0,6.0,7,7,7,5,7,6,5,6,6.0,6.0,6,6,7,7.0,8.0,7,8,7,6,7,6.0,7,8.0,6,6,7
210433,6,6,7,6,7,7.0,6.0,7,4,7,5,7,6,5,6,6.0,8.0,6,6,7,5.0,5.0,7,8,7,6,7,5.0,7,6.0,6,6,7
210190,8,8,9,8,9,8.0,8.0,9,10,9,7,9,8,9,8,8.0,8.0,8,8,9,10.0,9.0,9,10,9,8,9,7.0,9,8.0,8,8,9
211545,5.0,6.0,7,7.0,7,7.0,6.0,7,6,4.0,5.0,7,6.0,5,6,6.0,6.0,6,6,7,6.0,7.0,7,6.0,7,7.0,7,5.0,8.0,7.0,6,6,7
210152,8,8,9,8,9,9.0,10.0,9,9,9,7,9,8,9,8,8.0,8.0,8,8,9,8.0,8.0,9,10,9,8,9,9.0,9,7.0,8,8,9
210937,6,6,7,6,7,7.0,7.0,7,5,7,5,7,6,5,6,6.0,7.0,6,6,7,6.0,6.0,7,8,7,6,7,5.0,7,7.0,6,6,7
210867,6,6,7,6,7,7.0,7.0,7,6,7,5,7,6,6,6,7.0,7.0,6,6,7,5.0,7.0,7,8,7,6,7,6.0,7,5.0,6,6,7
210834,8,8,9,8,9,9.0,8.0,9,11,9,7,9,8,8,8,7.0,7.0,8,8,9,9.0,10.0,9,10,9,8,9,9.0,9,8.0,8,8,9
212075,7.0,8.0,9,7.0,9,8.0,8.0,9,10,8.0,8.0,9,8.0,8,8,7.0,7.0,8,8,9.0,8.0,9.0,9,9.0,9,9.0,9,9.0,9.0,9.0,9.0,10,9
212100,6.0,8.0,8,7.0,8,7.0,7.0,8,7,7.0,5.0,8,6.0,8,7,8.0,9.0,7,7,7.0,7.0,7.0,8,9.0,8,7.0,8,7.0,8.0,7.0,6.0,6,8
210411,7,7,8,7,8,7.0,6.0,8,10,8,6,8,7,7,7,7.0,6.0,7,7,8,9.0,10.0,8,9,8,7,8,8.0,8,9.0,7,7,8
211829,7.0,7.0,8,7.0,8,7.0,7.0,8,9,8.0,7.0,8,8.0,7,7,7.0,6.0,7,7,8.0,9.0,9.0,8,8.0,8,8.0,8,8.0,8.0,7.0,7.0,7,8
211870,6.0,6.0,7,6.0,7,6.0,6.0,7,6,6.0,6.0,7,5.0,5,6,6.0,6.0,6,6,6.0,7.0,7.0,7,7.0,7,5.0,7,6.0,7.0,7.0,6.0,5,7
210827,7,7,8,7,8,9.0,7.0,8,8,8,6,8,7,7,7,7.0,7.0,7,7,8,8.0,8.0,8,9,8,7,8,7.0,8,8.0,7,7,8
210918,7,7,8,7,8,8.0,7.0,8,9,8,6,8,7,8,7,8.0,7.0,7,7,8,8.0,9.0,8,9,8,7,8,7.0,8,7.0,7,7,8
212404,5.0,6.0,7,6.0,7,7.0,5.0,7,8,6.0,6.0,7,7.0,5,6,6.0,6.0,6,6,7.0,7.0,9.0,7,6.0,7,7.0,7,7.0,8.0,7.0,6.0,5,7
213228,7.0,8.0,8.0,7.0,8.0,8.0,7.0,10.0,9,8.0,6.0,8,6.0,8,7.0,8.0,6.0,8.0,7.0,8.0,9.0,9.0,8.0,10.0,8.0,7.0,9.0,8.0,8.0,8.0,7.0,7,8.0
210059,7,7,8,7,8,6.0,7.0,8,8,8,6,8,7,7,7,7.0,6.0,7,7,8,8.0,8.0,8,9,8,7,8,7.0,8,7.0,7,7,8
211628,6.0,7.0,8,6.0,8,8.0,6.0,8,9,8.0,7.0,8,7.0,6,7,6.0,6.0,7,7,8.0,8.0,9.0,8,8.0,8,9.0,8,6.0,7.0,7.0,7.0,7,8
210725,7,7,8,7,8,7.0,8.0,8,7,8,6,8,7,6,7,6.0,8.0,7,7,8,7.0,7.0,8,9,8,7,8,7.0,8,6.0,7,7,8
211005,7,7,8,7,8,8.0,6.0,8,8,8,6,8,7,7,7,7.0,7.0,7,7,8,9.0,8.0,8,9,8,7,8,9.0,8,7.0,7,7,8
212715,6.0,6.0,8.0,5.0,6.0,6.0,6.0,7.0,6,7.0,4.0,6.0,6.0,5,3.0,6.0,6.0,6.0,6.0,7.0,7.0,7.0,7.0,8.0,6.0,6.0,5.0,6.0,6.0,6.0,6.0,5,7
211784,7.0,7.0,7,7.0,7,8.0,7.0,7,6,7.0,4.0,7,5.0,7,6,8.0,8.0,6,6,6.0,7.0,7.0,7,9.0,7,6.0,7,6.0,7.0,8.0,6.0,5,7
210478,8,8,9,8,9,9.0,8.0,9,10,9,7,9,8,8,8,7.0,8.0,8,8,9,9.0,9.0,9,10,9,8,9,9.0,9,7.0,8,8,9
210113,6,6,7,6,7,7.0,7.0,7,6,7,5,7,6,6,6,7.0,6.0,6,6,7,6.0,7.0,7,8,7,6,7,7.0,7,7.0,6,6,7
212442,6.0,9.0,9,9.0,9,9.0,9.0,9,8,9.0,6.0,9,8.0,10,8,9.0,10.0,8,8,9.0,7.0,7.0,9,10.0,9,8.0,9,8.0,10.0,9.0,8.0,9,9
212898,7.0,9.0,8.0,8.0,6.0,9.0,8.0,9.0,8,9.0,6.0,8.0,6.0,7,5.0,7.0,8.0,6.0,7.0,8.0,7.0,8.0,9.0,10.0,8.0,8.0,7.0,8.0,8.0,6.0,6.0,6,7.0
211101,6,6,7,6,7,6.0,5.0,7,6,7,5,7,6,4,6,5.0,6.0,6,6,7,6.0,7.0,7,8,7,6,7,6.0,7,6.0,6,6,7
211982,7.0,6.0,7,7.0,7,7.0,6.0,7,6,8.0,4.0,7,6.0,6,6,7.0,6.0,6,6,8.0,8.0,7.0,7,8.0,7,6.0,7,7.0,6.0,7.0,6.0,5,7
210294,9,9,10,9,10,8.0,8.0,10,11,10,8,10,9,11,9,9.0,8.0,9,9,10,10.0,9.0,10,11,10,9,10,9.0,10,10.0,9,9,10
211531,8.0,8.0,9,8.0,9,8.0,9.0,9,9,8.0,7.0,9,5.0,10,8,9.0,9.0,8,8,7.0,9.0,8.0,9,10.0,9,6.0,9,8.0,9.0,8.0,7.0,8,9
211534,6.0,6.0,8,8.0,8,6.0,7.0,8,7,6.0,7.0,8,6.0,7,7,7.0,8.0,7,7,8.0,7.0,7.0,8,8.0,8,8.0,8,6.0,8.0,8.0,8.0,8,8
211304,7,7,8,7,8,8.0,6.0,8,8,8,6,8,7,7,7,7.0,7.0,7,7,8,8.0,8.0,8,9,8,7,8,6.0,8,8.0,7,7,8
212974,7.0,6.0,7.0,5.0,7.0,6.0,6.0,8.0,6,6.0,5.0,5.0,5.0,6,6.0,7.0,6.0,6.0,6.0,6.0,8.0,7.0,6.0,8.0,6.0,5.0,7.0,6.0,6.0,7.0,6.0,5,7
212671,7.0,6.0,8.0,6.0,9.0,8.0,6.0,10.0,9,7.0,7.0,7.0,8.0,7,7.0,7.0,6.0,7.0,7.0,7.0,10.0,9.0,7.0,9.0,8.0,7.0,8.0,7.0,8.0,8.0,7.0,7,7.0
213337,8.0,9.0,8.0,8.0,8.0,8.0,9.0,9.0,9,10.0,7.0,9.0,8.0,8,5.0,7.0,9.0,8.0,9.0,9.0,8.0,8.0,10.0,10.0,9.0,10.0,8.0,9.0,9.0,6.0,8.0,9,8.0
211919,6.0,6.0,7,7.0,7,6.0,6.0,7,6,6.0,6.0,7,7.0,5,6,6.0,6.0,6,6,8.0,7.0,7.0,7,8.0,7,7.0,7,7.0,7.0,6.0,5.0,4,7
210809,7,7,8,7,8,8.0,7.0,8,7,8,6,8,7,7,7,7.0,8.0,7,7,8,7.0,7.0,8,9,8,7,8,6.0,8,8.0,7,7,8
211481,9,9,10,9,10,9.0,9.0,10,11,10,8,10,9,11,9,9.0,7.0,9,9,10,10.0,9.0,10,11,10,9,10,9.0,10,9.0,9,9,10
213180,6.0,7.0,5.0,8.0,6.0,8.0,8.0,6.0,6,7.0,6.0,6.0,6.0,7,7.0,7.0,8.0,7.0,8.0,6.0,6.0,6.0,7.0,8.0,7.0,7.0,6.0,6.0,9.0,7.0,6.0,6,9.0
210609,8,8,9,8,9,8.0,9.0,9,10,9,7,9,8,9,8,8.0,8.0,8,8,9,6.0,9.0,9,10,9,8,9,9.0,9,6.0,8,8,9
212791,6.0,6.0,7.0,7.0,7.0,8.0,8.0,8.0,6,8.0,6.0,8.0,6.0,7,6.0,7.0,7.0,7.0,7.0,8.0,7.0,6.0,8.0,9.0,7.0,8.0,7.0,6.0,7.0,7.0,7.0,7,8.0
211458,7,7,8,7,8,7.0,6.0,8,8,8,6,8,7,7,7,7.0,6.0,7,7,8,9.0,8.0,8,9,8,7,8,8.0,8,8.0,7,7,8
212220,7.0,7.0,7,7.0,7,6.0,6.0,7,5,7.0,4.0,7,5.0,5,6,6.0,6.0,6,6,7.0,7.0,6.0,7,8.0,7,6.0,7,6.0,7.0,6.0,5.0,4,7
212486,8.0,8.0,9,7.0,9,9.0,8.0,9,11,9.0,8.0,9,9.0,9,8,8.0,7.0,8,8,10.0,9.0,10.0,9,10.0,9,9.0,9,9.0,9.0,9.0,8.0,9,9
212883,4.0,6.0,7,7.0,7,6.0,6.0,7,5,6.0,6.0,7,7.0,5,6,6.0,6.0,6,8.0,6.0,6.0,6.0,7.0,7.0,7,8.0,7,6.0,8.0,7.0,6.0,5,7.0
210904,7,7,8,7,8,8.0,7.0,8,9,8,6,8,7,7,7,7.0,6.0,7,7,8,9.0,9.0,8,9,8,7,8,8.0,8,7.0,7,7,8
210622,6,6,7,6,7,7.0,6.0,7,4,7,5,7,6,5,6,6.0,7.0,6,6,7,6.0,5.0,7,8,7,6,7,6.0,7,7.0,6,6,7
211650,6.0,6.0,7,6.0,7,6.0,6.0,7,5,5.0,5.0,7,5.0,5,6,6.0,7.0,6,6,5.0,7.0,6.0,7,7.0,7,6.0,7,6.0,7.0,6.0,6.0,5,7
211334,6,6,7,6,7,7.0,5.0,7,7,7,5,7,6,5,6,6.0,4.0,6,6,7,8.0,8.0,7,8,7,6,7,6.0,7,7.0,6,6,7
210353,7,7,8,7,8,7.0,7.0,8,7,8,6,8,7,9,7,9.0,7.0,7,7,8,8.0,7.0,8,9,8,7,8,7.0,8,10.0,7,7,8
212953,8.0,7.0,9.0,7.0,10.0,7.0,6.0,10.0,10,8.0,6.0,10.0,8.0,9,8.0,8.0,6.0,7.0,7.0,9.0,10.0,9.0,9.0,8.0,7.0,8.0,10.0,8.0,7.0,9.0,8.0,9,8.0
210072,8,8,9,8,9,9.0,8.0,9,10,9,7,9,8,8,8,7.0,7.0,8,8,9,8.0,9.0,9,10,9,8,9,8.0,9,8.0,8,8,9
211565,5.0,6.0,7,6.0,7,6.0,7.0,7,6,7.0,5.0,7,5.0,5,6,6.0,7.0,6,6,6.0,6.0,7.0,7,8.0,7,7.0,7,6.0,7.0,8.0,5.0,4,7
212429,6.0,6.0,8,6.0,8,7.0,7.0,8,8,6.0,6.0,8,6.0,7,7,7.0,6.0,7,7,7.0,9.0,8.0,8,8.0,8,7.0,8,7.0,8.0,9.0,6.0,6,8
211749,8.0,9.0,9,8.0,9,9.0,8.0,9,10,10.0,7.0,9,8.0,8,8,7.0,8.0,8,8,9.0,9.0,9.0,9,10.0,9,10.0,9,8.0,9.0,8.0,7.0,8,9
212855,9.0,8.0,10.0,8.0,10.0,8.0,7.0,10.0,12,10.0,8.0,10.0,9.0,10,8.0,8.0,7.0,7.0,8.0,9.0,10.0,10.0,9.0,10.0,9.0,9.0,10.0,9.0,10.0,10.0,8.0,10,8.0
211329,8,8,9,8,9,8.0,8.0,9,10,9,7,9,8,10,8,9.0,8.0,8,8,9,8.0,9.0,9,10,9,8,9,7.0,9,10.0,8,8,9
212809,7.0,7.0,8.0,8.0,9.0,9.0,8.0,8.0,10,7.0,7.0,9.0,8.0,9,9.0,8.0,8.0,7.0,8.0,9.0,9.0,9.0,10.0,9.0,8.0,10.0,7.0,7.0,10.0,9.0,9.0,10,9.0
212579,7.0,7.0,8.0,6.0,8.0,7.0,7.0,8.0,8,7.0,6.0,8.0,7.0,6,6.0,6.0,7.0,7.0,7.0,8.0,8.0,8.0,8.0,9.0,6.0,7.0,7.0,7.0,7.0,8.0,8.0,8,7.0
211753,5.0,5.0,7,6.0,7,7.0,6.0,7,7,6.0,5.0,7,5.0,5,6,6.0,6.0,6,6,8.0,7.0,8.0,7,7.0,7,7.0,7,6.0,8.0,7.0,6.0,5,7
212435,7.0,9.0,9,8.0,9,9.0,9.0,9,9,8.0,7.0,9,7.0,10,8,9.0,8.0,8,8,8.0,9.0,8.0,9,10.0,9,8.0,9,8.0,9.0,8.0,8.0,9,9
210574,7,7,8,7,8,8.0,7.0,8,7,8,6,8,7,8,7,8.0,9.0,7,7,8,7.0,7.0,8,9,8,7,8,6.0,8,8.0,7,7,8
213315,6.0,6.0,7,6.0,7,6.0,6.0,7,5,6.0,6.0,7,5.0,6,6,7.0,6.0,6,6.0,7,6.0,6.0,7,7.0,7,5.0,7,5.0,7.0,8.0,6,6,7.0
212308,7.0,8.0,8,7.0,8,7.0,9.0,8,6,8.0,5.0,8,5.0,9,7,9.0,8.0,7,7,7.0,9.0,6.0,8,8.0,8,6.0,8,7.0,8.0,8.0,6.0,6,8
212025,7.0,9.0,9,9.0,9,8.0,8.0,9,11,9.0,8.0,9,9.0,8,8,7.0,8.0,8,8,10.0,8.0,10.0,9,9.0,9,10.0,9,10.0,9.0,9.0,9.0,10,9
210306,6,6,7,6,7,8.0,5.0,7,6,7,5,7,6,5,6,6.0,6.0,6,6,7,7.0,7.0,7,8,7,6,7,7.0,7,6.0,6,6,7
210634,7,7,8,7,8,8.0,8.0,8,9,8,6,8,7,6,7,6.0,7.0,7,7,8,8.0,9.0,8,9,8,7,8,8.0,8,8.0,7,7,8
212391,7.0,7.0,7,5.0,7,7.0,6.0,7,6,7.0,5.0,7,7.0,5,6,6.0,6.0,6,6,7.0,7.0,7.0,7,9.0,7,7.0,7,6.0,6.0,6.0,6.0,5,7
210808,8,8,9,8,9,8.0,8.0,9,11,9,7,9,8,10,8,9.0,7.0,8,8,9,9.0,10.0,9,10,9,8,9,8.0,9,9.0,8,8,9
210093,7,7,8,7,8,7.0,7.0,8,7,8,6,8,7,8,7,8.0,8.0,7,7,8,6.0,7.0,8,9,8,7,8,7.0,8,7.0,7,7,8
211270,6,6,7,6,7,6.0,6.0,7,6,7,5,7,6,5,6,6.0,5.0,6,6,7,7.0,7.0,7,8,7,6,7,6.0,7,6.0,6,6,7
210862,6,6,7,6,7,6.0,5.0,7,6,7,5,7,6,5,6,6.0,5.0,6,6,7,7,7.0,7,8,7,6,7,5.0,7,7.0,6,6,7
212419,6.0,7.0,7,7.0,7,7.0,7.0,7,6,8.0,6.0,7,7.0,6,6,7.0,9.0,6,6,7.0,6.0,7.0,7,8.0,7,6.0,7,6.0,7.0,6.0,5.0,4,7
211910,6.0,6.0,7,7.0,7,7.0,7.0,7,6,6.0,6.0,7,4.0,7,6,8.0,7.0,6,6,5.0,8.0,7.0,7,8.0,7,6.0,7,6.0,8.0,9.0,7.0,6,7
212004,6.0,7.0,8,7.0,8,7.0,6.0,8,7,7.0,6.0,8,6.0,7,7,7.0,8.0,7,7,6.0,8.0,7.0,8,8.0,8,7.0,8,7.0,7.0,7.0,7.0,7,8
210640,8,8,9,8,9,8.0,7.0,9,10,9,7,9,8,10,8,9.0,8.0,8,8,9,9.0,9.0,9,10,9,8,9,8.0,9,9.0,8,8,9
210871,7,7,8,7,8,8.0,7.0,8,8,8,6,8,7,7,7,7.0,7.0,7,7,8,8.0,8.0,8,9,8,7,8,8.0,8,8.0,7,7,8
210404,7,7,8,7,8,8.0,8.0,8,8,8,6,8,7,6,7,6.0,7.0,7,7,8,7.0,8.0,8,9,8,7,8,6.0,8,7.0,7,7,8
213113,7.0,8.0,7.0,6.0,7.0,7.0,8.0,8.0,8,9.0,6.0,7.0,7.0,8,6.0,8.0,8.0,8.0,7.0,8.0,8.0,8.0,9.0,10.0,8.0,7.0,7.0,8.0,7.0,8.0,6.0,6,8.0
213238,6.0,6.0,6.0,7.0,7.0,7.0,6.0,6.0,5,6.0,6.0,6.0,6.0,6,7.0,7.0,8.0,7.0,7.0,6.0,8.0,6.0,7.0,8.0,5.0,7.0,5.0,6.0,8.0,6.0,8.0,7,7.0
212232,6.0,6.0,7,6.0,7,7.0,7.0,7,6,6.0,5.0,7,5.0,6,6,7.0,8.0,6,6,6.0,8.0,7.0,7,8.0,7,4.0,7,6.0,8.0,7.0,7.0,6,7
210569,7,7,8,7,8,8.0,6.0,8,7,8,6,8,7,7,7,7.0,8.0,7,7,8,8,7.0,8,9,8,7,8,7.0,8,7.0,7,7,8
213121,6.0,6.0,6.0,6.0,6.0,7.0,6.0,7.0,5,7.0,5.0,7.0,6.0,5,5.0,6.0,7.0,7.0,6.0,6.0,6.0,6.0,8.0,8.0,6.0,7.0,6.0,6.0,6.0,6.0,6.0,5,7
212533,9.0,9.0,9.0,8.0,8.0,9.0,8.0,10.0,10,10.0,8.0,9.0,7.0,10,7.0,9.0,9.0,9.0,8.0,9.0,8.0,9.0,9.0,10.0,10.0,8.0,8.0,8.0,9.0,8.0,8.0,9,9.0
210513,8,8,9,8,9,9.0,7.0,9,10,9,7,9,8,9,8,8.0,6.0,8,8,9,8.0,9.0,9,10,9,8,9,9.0,9,8.0,8,8,9
210894,7,7,8,7,8,7.0,7.0,8,9,8,6,8,7,7,7,7.0,7.0,7,7,8,8.0,9.0,8,9,8,7,8,7.0,8,8.0,7,7,8
210900,7,7,8,7,8,7.0,8.0,8,7,8,6,8,7,8,7,8.0,8.0,7,7,8,7.0,7.0,8,9,8,7,8,8.0,8,6.0,7,7,8
211852,7.0,7.0,7,6.0,7,7.0,6.0,7,6,7.0,6.0,7,5.0,5,6,6.0,6.0,6,6,6.0,6.0,7.0,7,9.0,7,6.0,7,7.0,6.0,5.0,5.0,4,7
211606,6.0,6.0,7,7.0,7,7.0,8.0,7,7,6.0,5.0,7,6.0,5,6,6.0,8.0,6,6,7.0,7.0,8.0,7,7.0,7,8.0,7,7.0,7.0,6.0,6.0,5,7
210288,7,7,8,7,8,8.0,6.0,8,8,8,6,8,7,9,7,9.0,7.0,7,7,8,10.0,8.0,8,9,8,7,8,7.0,8,7.0,7,7,8
212772,10.0,9.0,10.0,8.0,9.0,8.0,9.0,10.0,10,10.0,7.0,9.0,8.0,10,8.0,9.0,8.0,10.0,8.0,7.0,9.0,9.0,8.0,10.0,8.0,7.0,8.0,9.0,8.0,8.0,8.0,9,9.0
211854,6.0,6.0,7,6.0,7,6.0,6.0,7,7,8.0,5.0,7,7.0,5,6,6.0,6.0,6,6,8.0,8.0,8.0,7,7.0,7,7.0,7,6.0,8.0,7.0,7.0,6,7
211034,8,8,9,8,9,8.0,6.0,9,10,9,7,9,8,9,8,8.0,8.0,8,8,9,9.0,9.0,9,10,9,8,9,8.0,9,9.0,8,8,9
213083,6.0,7.0,8.0,7.0,8.0,7.0,7.0,7.0,6,6.0,6.0,6.0,6.0,6,8.0,7.0,7.0,6.0,8.0,6.0,8.0,7.0,6.0,8.0,5.0,6.0,6.0,6.0,8.0,8.0,6.0,5,8.0
212752,6.0,6.0,7.0,6.0,8.0,7.0,6.0,8.0,7,7.0,5.0,6.0,6.0,6,8.0,7.0,6.0,7.0,7.0,7.0,8.0,8.0,6.0,7.0,7.0,6.0,8.0,7.0,7.0,7.0,6.0,5,7
212195,8.0,8.0,9,8.0,9,9.0,7.0,9,11,10.0,8.0,9,8.0,8,8,7.0,7.0,8,8,10.0,9.0,10.0,9,9.0,9,9.0,9,9.0,8.0,8.0,7.0,8,9
211039,8,8,9,8,9,8.0,8.0,9,9,9,7,9,8,9,8,8.0,8.0,8,8,9,8.0,8.0,9,10,9,8,9,8.0,9,8.0,8,8,9
212822,9.0,9.0,9.0,9.0,8.0,10.0,10.0,10.0,10,10.0,7.0,10.0,8.0,9,6.0,8.0,8.0,9.0,7.0,9.0,9.0,9.0,10.0,10.0,10.0,9.0,9.0,9.0,9.0,7.0,7.0,8,10.0
212563,7.0,8.0,8.0,6.0,7.0,7.0,7.0,9.0,8,7.0,6.0,9.0,8.0,7,6.0,7.0,6.0,7.0,7.0,8.0,8.0,8.0,9.0,9.0,8.0,8.0,7.0,7.0,8.0,7.0,7.0,7,6.0
212909,8.0,8.0,8.0,8.0,8.0,8.0,8.0,9.0,8,7.0,6.0,7.0,6.0,9,8.0,9.0,10.0,8.0,8.0,6.0,7.0,8.0,8.0,10.0,8.0,6.0,8.0,7.0,9.0,8.0,6.0,6,9.0
210995,7,7,8,7,8,7.0,7.0,8,7,8,6,8,7,7,7,7.0,7.0,7,7,8,8.0,7.0,8,9,8,7,8,7.0,8,8.0,7,7,8
212742,9.0,8.0,10.0,8.0,8.0,8.0,8.0,10.0,10,9.0,8.0,8.0,7.0,10,8.0,9.0,7.0,9.0,7.0,9.0,9.0,9.0,9.0,10.0,10.0,8.0,10.0,9.0,8.0,8.0,7.0,8,8.0
211406,6,6,7,6,7,6.0,6.0,7,6,7,5,7,6,5,6,6.0,6.0,6,6,7,6.0,7.0,7,8,7,6,7,6.0,7,7.0,6,6,7
210197,7,7,8,7,8,9.0,8.0,8,8,8,6,8,7,9,7,9.0,7.0,7,7,8,7.0,8.0,8,9,8,7,8,7.0,8,7.0,7,7,8
211106,7,7,8,7,8,8.0,7.0,8,7,8,6,8,7,8,7,8.0,9.0,7,7,8,6.0,7.0,8,9,8,7,8,6.0,8,8.0,7,7,8
212539,6.0,6.0,7.0,6.0,7.0,6.0,6.0,7.0,6,7.0,6.0,7,6.0,5,5.0,6.0,6.0,6.0,6.0,6.0,8.0,7.0,7.0,8.0,5.0,6.0,6.0,6.0,6.0,7.0,7.0,6,6.0
211243,7,7,8,7,8,7.0,8.0,8,7,8,6,8,7,8,7,8.0,8.0,7,7,8,8.0,7.0,8,9,8,7,8,6.0,8,6.0,7,7,8
212464,6.0,7.0,8,7.0,8,7.0,6.0,8,8,8.0,5.0,8,8.0,6,7,6.0,6.0,7,7,9.0,7.0,8.0,8,8.0,8,8.0,8,8.0,7.0,6.0,6.0,6,8
211528,7.0,6.0,8,6.0,8,7.0,7.0,8,9,9.0,7.0,8,9.0,7,7,7.0,6.0,7,7,10.0,9.0,9.0,8,8.0,8,8.0,8,9.0,7.0,9.0,8.0,8,8
212467,8.0,7.0,8,8.0,8,8.0,8.0,8,8,9.0,6.0,8,5.0,8,7,8.0,9.0,7,7,9.0,8.0,8.0,8,10.0,8,7.0,8,8.0,8.0,7.0,8.0,8,8
212052,7.0,7.0,8,7.0,8,9.0,9.0,8,7,8.0,6.0,8,7.0,8,7,8.0,7.0,7,7,8.0,8.0,7.0,8,10.0,8,9.0,8,8.0,7.0,7.0,7.0,7,8
210654,6,6,7,6,7,8.0,7.0,7,4,7,5,7,6,5,6,6.0,8.0,6,6,7,4.0,5.0,7,8,7,6,7,4.0,7,5.0,6,6,7
212199,6.0,7.0,7,6.0,7,6.0,7.0,7,7,7.0,5.0,7,6.0,6,6,7.0,6.0,6,6,7.0,8.0,8.0,7,9.0,7,7.0,7,6.0,6.0,8.0,5.0,4,7
211460,6,6,7,6,7,8.0,6.0,7,5,7,5,7,6,5,6,6.0,6.0,6,6,7,7.0,6.0,7,8,7,6,7,5.0,7,7.0,6,6,7
212608,7.0,9.0,6.0,7.0,7.0,8.0,8.0,7.0,6,8.0,6.0,7.0,6.0,8,6.0,8.0,9.0,8.0,7.0,6.0,6.0,6.0,7.0,9.0,8.0,6.0,6.0,6.0,8.0,6.0,6.0,6,8.0
211425,7,7,8,7,8,7.0,9.0,8,7,8,6,8,7,8,7,8.0,8.0,7,7,8,6.0,7.0,8,9,8,7,8,7.0,8,7.0,7,7,8
212688,6.0,6.0,8.0,7.0,9.0,7.0,7.0,8.0,10,8.0,6.0,9.0,9.0,8,7.0,7.0,7.0,6.0,8.0,9.0,9.0,9.0,9.0,9.0,7.0,9.0,9.0,8.0,9.0,9.0,7.0,8,8.0
212174,4.0,6.0,7,6.0,7,7.0,8.0,7,5,7.0,5.0,7,7.0,5,6,6.0,6.0,6,6,7.0,6.0,6.0,7,8.0,7,7.0,7,6.0,8.0,6.0,5.0,4,7
210254,8,8,9,8,9,8.0,9.0,9,9,9,7,9,8,10,8,9.0,8.0,8,8,9,6.0,8.0,9,10,9,8,9,7.0,9,8.0,8,8,9
211301,9,9,10,9,10,9.0,10.0,10,10,10,8,10,9,11,9,9.0,9.0,9,9,10,9.0,8.0,10,11,10,9,10,8.0,10,9.0,9,9,10
213014,8.0,10.0,7.0,8.0,7.0,8.0,8.0,8.0,8,9.0,6.0,8.0,6.0,10,7.0,9.0,10.0,9.0,8.0,7.0,8.0,7.0,8.0,10.0,9.0,8.0,7.0,8.0,9.0,8.0,7.0,8,9.0
211204,6,6,7,6,7,6.0,6.0,7,6,7,5,7,6,6,6,7.0,5.0,6,6,7,8.0,7.0,7,8,7,6,7,6.0,7,8.0,6,6,7
211721,5.0,5.0,7,7.0,7,6.0,6.0,7,5,6.0,5.0,7,5.0,7,6,8.0,6.0,6,6,7,7.0,6.0,7,8.0,7,6.0,7,5.0,8.0,9.0,6,6,7
211077,7,7,8,7,8,8.0,8.0,8,8,8,6,8,7,7,7,7.0,7.0,7,7,8,7.0,8.0,8,9,8,7,8,7.0,8,7.0,7,7,8
210487,6,6,7,6,7,7.0,5.0,7,7,7,5,7,6,5,6,6.0,4.0,6,6,7,7.0,8.0,7,8,7,6,7,7.0,7,7.0,6,6,7
210146,7,7,8,7,8,8.0,6.0,8,9,8,6,8,7,7,7,7.0,5.0,7,7,8,8.0,9.0,8,9,8,7,8,7.0,8,8.0,7,7,8
212861,6.0,7.0,7.0,7.0,6.0,8.0,7.0,8.0,6,8.0,6.0,7.0,6.0,5,4.0,6.0,6.0,6.0,6.0,7.0,7.0,7.0,8.0,8.0,7.0,7.0,7.0,7.0,7.0,6.0,6.0,5,6.0
211615,5.0,6.0,7,6.0,7,7.0,7.0,7,5,6.0,5.0,7,4.0,6,6,7.0,8.0,6,6,6.0,6.0,6.0,7,9.0,7,6.0,7,6.0,7.0,6.0,5.0,4,7
212663,8.0,10.0,8.0,8.0,10.0,10.0,9.0,10.0,9,10.0,7.0,10.0,8.0,10,7.0,9.0,8.0,9.0,8.0,10.0,8.0,8.0,10.0,10.0,10.0,8.0,10.0,8.0,9.0,8.0,8.0,9,9.0
211863,8.0,8.0,9,8.0,9,9.0,9.0,9,11,10.0,7.0,9,9.0,10,8,9.0,8.0,8,8,10.0,9.0,10.0,9,10.0,9,9.0,9,9.0,8.0,8.0,8.0,9,9
210209,8,8,9,8,9,9.0,8.0,9,10,9,7,9,8,9,8,8.0,8.0,8,8,9,9.0,9.0,9,10,9,8,9,8.0,9,9.0,8,8,9
212555,7.0,7.0,9.0,7.0,9.0,7.0,8.0,10.0,10,8.0,7.0,8.0,8.0,9,7.0,8.0,6.0,8.0,7.0,8.0,10.0,9.0,8.0,9.0,8.0,7.0,9.0,8.0,7.0,9.0,7.0,8,8.0
211867,4.0,6.0,7,6.0,7,6.0,7.0,7,6,8.0,6.0,7,6.0,5,6,6.0,6.0,6,6,7.0,6.0,7.0,7,7.0,7,8.0,7,6.0,8.0,7.0,6.0,5,7
210300,6,6,7,6,7,7.0,7.0,7,6,7,5,7,6,5,6,6.0,7.0,6,6,7,7.0,7.0,7,8,7,6,7,6.0,7,6.0,6,6,7
211935,6.0,6.0,8,7.0,8,6.0,7.0,8,8,7.0,6.0,8,6.0,6,7,6.0,6.0,7,7,7.0,8.0,8.0,8,9.0,8,7.0,8,7.0,8.0,9.0,7.0,7,8
211939,7.0,6.0,9,9.0,9,8.0,7.0,9,10,7.0,8.0,9,8.0,11,8,10.0,7.0,8,8,8.0,9.0,9.0,9,9.0,9,8.0,9,7.0,9.0,10.0,8.0,9,9
210205,6,6,7,6,7,7.0,6.0,7,7,7,5,7,6,4,6,5.0,4.0,6,6,7,8.0,8.0,7,8,7,6,7,7.0,7,8.0,6,6,7
210595,6,6,7,6,7,7.0,4.0,7,7,7,5,7,6,4,6,5.0,6.0,6,6,7,7.0,8.0,7,8,7,6,7,6.0,7,6.0,6,6,7
213298,6.0,6.0,8.0,6.0,8.0,7.0,6.0,8.0,8,6.0,6.0,7.0,6.0,7,6.0,7.0,6.0,5.0,8.0,7.0,9.0,8.0,8.0,7.0,6.0,7.0,7.0,6.0,7.0,7.0,9.0,9,7.0
213115,7.0,8.0,8.0,9.0,8.0,8.0,8.0,7.0,8,6.0,7.0,6.0,6.0,8,8.0,8.0,8.0,7.0,8.0,8.0,9.0,8.0,7.0,9.0,7.0,7.0,7.0,8.0,9.0,9.0,7.0,7,8.0
210453,9,9,10,9,10,7.0,8.0,10,12,10,8,10,9,11,9,9.0,8.0,9,9,10,10.0,10.0,10,11,10,9,10,9,10,10.0,9,9,10
213162,7.0,7.0,7.0,6.0,7.0,6.0,7.0,8.0,6,6.0,5.0,7.0,6.0,7,6.0,8.0,6.0,7.0,6.0,7.0,6.0,7.0,6.0,8.0,7.0,6.0,7.0,6.0,7.0,8.0,6.0,5,7
211356,7,7,8,7,8,8.0,7.0,8,8,8,6,8,7,7,7,7.0,6.0,7,7,8,7.0,8.0,8,9,8,7,8,7.0,8,7.0,7,7,8
212043,6.0,8.0,9,8.0,9,9.0,7.0,9,11,8.0,7.0,9,8.0,8,8,7.0,7.0,8,8,8.0,8.0,10.0,9,10.0,9,9.0,9,8.0,9.0,8.0,8.0,9,9
212352,7.0,7.0,9,8.0,9,8.0,6.0,9,10,8.0,8.0,9,8.0,8,8,7.0,7.0,8,8,9,10.0,9.0,9,9.0,9,9.0,9,8.0,9.0,9.0,9.0,10,9
211098,6,6,7,6,7,7.0,6.0,7,6,7,5,7,6,5,6,6.0,4.0,6,6,7,7.0,7.0,7,8,7,6,7,7.0,7,6.0,6,6,7
211743,7.0,8.0,8,6.0,8,6.0,7.0,8,8,8.0,6.0,8,6.0,8,7,8.0,8.0,7,7,8.0,8.0,8.0,8,9.0,8,5.0,8,8.0,7.0,7.0,6.0,6,8
211392,7,7,8,7,8,8.0,7.0,8,8,8,6,8,7,6,7,6.0,6.0,7,7,8,8.0,8.0,8,9,8,7,8,8.0,8,7.0,7,7,8
212904,7.0,7.0,7.0,7.0,7.0,8.0,6.0,9.0,7,8.0,6.0,7.0,6.0,8,6.0,8.0,6.0,7.0,6.0,8.0,7.0,7.0,8.0,9.0,6.0,6.0,7.0,7.0,7.0,6.0,6.0,6,6.0
211014,8,8,9,8,9,8.0,8.0,9,9,9,7,9,8,10,8,9.0,8.0,8,8,9,8.0,8.0,9,10,9,8,9,7.0,9,9.0,8,8,9
212213,7.0,8.0,9,8.0,9,8.0,7.0,9,11,10.0,7.0,9,9.0,9,8,8.0,8.0,8,8,9.0,9.0,10.0,9,9.0,9,10.0,9,9.0,10.0,9.0,7.0,8,9
212838,8.0,8.0,9.0,8.0,10.0,8.0,8.0,10.0,11,9.0,7.0,9.0,6.0,10,8.0,9.0,7.0,9.0,7.0,8.0,10.0,10.0,9.0,10.0,8.0,8.0,10.0,8.0,8.0,9.0,8.0,9,9.0
212114,7.0,7.0,7,7.0,7,7.0,7.0,7,5,8.0,5.0,7,5.0,5,6,6.0,7.0,6,6,7.0,6.0,6.0,7,10.0,7,6.0,7,6.0,6.0,7.0,5.0,4,7
211461,7,7,8,7,8,7.0,8.0,8,8,8,6,8,7,8,7,8.0,7.0,7,7,8,8.0,8.0,8,9,8,7,8,6.0,8,8.0,7,7,8
211030,6,6,7,6,7,6.0,7.0,7,5,7,5,7,6,5,6,6.0,6.0,6,6,7,6.0,6.0,7,8,7,6,7,6.0,7,6.0,6,6,7
212758,5.0,6.0,7,6.0,7,6.0,6.0,7,7,6.0,6.0,7,6.0,6,6,7.0,6.0,6,7.0,7.0,8.0,8.0,7.0,8.0,7,6.0,7,7.0,7.0,8.0,7.0,6,7.0
212894,6.0,6.0,7,6.0,7,6.0,6.0,7,8,7.0,6.0,7,7.0,5,6,6.0,3.0,6,7.0,8.0,9.0,9.0,8.0,8.0,7,7.0,7,7.0,6.0,8.0,6.0,5,6.0
213071,6.0,8.0,7.0,9.0,7.0,8.0,8.0,6.0,9,8.0,8.0,9.0,7.0,6,6.0,6.0,8.0,7.0,9.0,9.0,7.0,9.0,9.0,9.0,7.0,8.0,7.0,7.0,10.0,8.0,8.0,8,8.0
210517,6,6,7,6,7,6.0,6.0,7,4,7,5,7,6,5,6,6.0,8.0,6,6,7,7.0,5.0,7,8,7,6,7,5.0,7,6.0,6,6,7
210974,6,6,7,6,7,7.0,5.0,7,6,7,5,7,6,4,6,5.0,5.0,6,6,7,7.0,7.0,7,8,7,6,7,6.0,7,6.0,6,6,7
210126,6,6,7,6,7,7.0,6.0,7,5,7,5,7,6,5,6,6.0,6.0,6,6,7,6.0,6.0,7,8,7,6,7,6.0,7,7.0,6,6,7
211407,6,6,7,6,7,7.0,6.0,7,7,7,5,7,6,4,6,5.0,6.0,6,6,7,6.0,8.0,7,8,7,6,7,7.0,7,7.0,6,6,7
210035,8,8,9,8,9,8.0,9.0,9,10,9,7,9,8,10,8,9.0,9.0,8,8,9,8.0,9.0,9,10,9,8,9,8.0,9,9.0,8,8,9
213053,7.0,7.0,8.0,7.0,9.0,8.0,8.0,9.0,8,9.0,6.0,7.0,7.0,8,8.0,8.0,8.0,8.0,6.0,8.0,8.0,8.0,8.0,9.0,9.0,7.0,9.0,6.0,7.0,8.0,7.0,7,8.0
210953,7,7,8,7,8,8.0,7.0,8,8,8,6,8,7,7,7,7.0,8.0,7,7,8,7.0,8.0,8,9,8,7,8,7.0,8,7.0,7,7,8
212729,6.0,7.0,7.0,7.0,5.0,7.0,6.0,8.0,6,6.0,5.0,6.0,6.0,5,6.0,6.0,6.0,6.0,6.0,6.0,6.0,7.0,7.0,7.0,7.0,6.0,6.0,6.0,7.0,6.0,6.0,5,7
210427,8,8,9,8,9,8.0,7.0,9,10,9,7,9,8,8,8,7.0,6.0,8,8,9,10.0,9.0,9,10,9,8,9,10.0,9,10.0,8,8,9
212410,7.0,7.0,8,8.0,8,8.0,8.0,8,7,8.0,6.0,8,6.0,8,7,8.0,9.0,7,7,8.0,7.0,7.0,8,10.0,8,6.0,8,7.0,9.0,7.0,6.0,6,8
211449,7,7,8,7,8,8.0,7.0,8,9,8,6,8,7,7,7,7.0,8.0,7,7,8,6.0,9.0,8,9,8,7,8,7.0,8,7.0,7,7,8
210183,8,8,9,8,9,8.0,8.0,9,10,9,7,9,8,10,8,9.0,7.0,8,8,9,10.0,9.0,9,10,9,8,9,7.0,9,9.0,8,8,9
210303,8,8,9,8,9,9.0,7.0,9,11,9,7,9,8,8,8,7.0,7.0,8,8,9,8.0,10.0,9,10,9,8,9,9.0,9,8.0,8,8,9
212581,7.0,7.0,7.0,9.0,7.0,9.0,9.0,7.0,9,8.0,7.0,7.0,7.0,9,7.0,8.0,9.0,8.0,8.0,7.0,8.0,8.0,7.0,10.0,8.0,9.0,7.0,7.0,10.0,8.0,7.0,8,10.0
212825,8.0,7.0,7.0,8.0,7.0,9.0,9.0,8.0,7,8.0,6.0,8.0,6.0,9,6.0,9.0,10.0,7.0,7.0,8.0,6.0,7.0,7.0,9.0,8.0,6.0,6.0,7.0,8.0,6.0,6.0,6,8.0
211926,5.0,7.0,7,5.0,7,6.0,6.0,7,6,8.0,6.0,7,6.0,5,6,6.0,6.0,6,6,8.0,7.0,7.0,7,7.0,7,8.0,7,6.0,7.0,6.0,6.0,5,7
210650,7,7,8,7,8,7.0,8.0,8,9,8,6,8,7,7,7,7.0,7.0,7,7,8,8.0,9.0,8,9,8,7,8,7.0,8,8.0,7,7,8
212369,6.0,8.0,8,7.0,8,7.0,6.0,8,8,9.0,6.0,8,6.0,6,7,6.0,6.0,7,7,8.0,7.0,8.0,8,8.0,8,7.0,8,7.0,7.0,6.0,6.0,6,8
211641,7.0,7.0,8,8.0,8,8.0,7.0,8,8,7.0,8.0,8,6.0,7,7,7.0,7.0,7,7,7.0,9.0,8.0,8,9.0,8,7.0,8,8.0,9.0,8.0,8.0,8,8
212378,7.0,6.0,7,5.0,7,7.0,5.0,7,6,6.0,6.0,7,5.0,5,6,6.0,3.0,6,6,7.0,9.0,7.0,7,7.0,7,6.0,7,7.0,7.0,7.0,6.0,5,7
211429,7,7,8,7,8,7.0,6.0,8,8,8,6,8,7,7,7,7.0,5.0,7,7,8,8.0,8.0,8,9,8,7,8,7.0,8,7.0,7,7,8
211758,6.0,7.0,7,7.0,7,7.0,6.0,7,6,7.0,6.0,7,7.0,5,6,6.0,6.0,6,6,8.0,7.0,7.0,7,7.0,7,7.0,7,6.0,6.0,7.0,6.0,5,7
211702,8.0,8.0,9,8.0,9,9.0,6.0,9,10,9.0,7.0,9,8.0,9,8,8.0,6.0,8,8,9.0,10.0,9.0,9,9.0,9,8.0,9,7.0,8.0,9.0,8.0,9,9
212548,9.0,9.0,9.0,7.0,9.0,9.0,8.0,10.0,10,9.0,7.0,9.0,8.0,9,7.0,8.0,8.0,9.0,7.0,9.0,9.0,9.0,9.0,10.0,9.0,8.0,9.0,9.0,9.0,9.0,8.0,9,9.0
211874,7.0,6.0,7,7.0,7,8.0,8.0,7,5,7.0,5.0,7,5.0,6,6,7.0,7.0,6,6,6.0,7.0,6.0,7,9.0,7,5.0,7,6.0,7.0,6.0,5.0,4,7
210954,6,6,7,6,7,6.0,5.0,7,5,7,5,7,6,6,6,7.0,5.0,6,6,7,8.0,6.0,7,8,7,6,7,8.0,7,6.0,6,6,7
211187,7,7,8,7,8,8.0,8.0,8,7,8,6,8,7,8,7,8.0,8.0,7,7,8,8.0,7.0,8,9,8,7,8,6.0,8,8.0,7,7,8
211630,7.0,7.0,7,6.0,7,7.0,6.0,7,5,7.0,5.0,7,5.0,5,6,6.0,7.0,6,6,6.0,6.0,6.0,7,8.0,7,6.0,7,6.0,6.0,6.0,5.0,4,7
210194,7,7,8,7,8,8.0,8.0,8,7,8,6,8,7,8,7,8.0,9.0,7,7,8,6.0,7,8,9,8,7,8,6.0,8,7.0,7,7,8
212029,5.0,6.0,7,6.0,7,6.0,6.0,7,7,6.0,5.0,7,6.0,5,6,6.0,5.0,6,6,7.0,8.0,8.0,7,7.0,7,6.0,7,6.0,6.0,8.0,6.0,5,7
213090,5.0,6.0,7,7.0,7,7.0,6.0,7,5,7.0,6.0,7,6.0,5,6,6.0,7.0,6,7.0,6.0,6.0,6.0,6.0,6.0,7,6.0,7,6.0,8.0,7.0,6.0,5,7.0
211584,7.0,7.0,8,7.0,8,7.0,6.0,8,9,8.0,6.0,8,6.0,7,7,7.0,6.0,7,7,8.0,10.0,9.0,8,9.0,8,6.0,8,9.0,7.0,7.0,7.0,7,8
211690,8.0,7.0,9,8.0,9,8.0,8.0,9,10,7.0,7.0,9,6.0,10,8,9.0,8.0,8,8,8.0,9.0,9.0,9,9.0,9,7.0,9,7.0,8.0,9.0,8.0,9,9
212517,7.0,6.0,9.0,8.0,10.0,7.0,8.0,9.0,10,7.0,7.0,9.0,7.0,10,10.0,9.0,8.0,8.0,8.0,9.0,9.0,9.0,8.0,9.0,8.0,8.0,9.0,7.0,10.0,10.0,7.0,8,10.0
211666,7.0,6.0,8,7.0,8,7.0,6.0,8,8,7.0,7.0,8,7.0,8,7,8.0,7.0,7,7,8.0,9.0,8.0,8,8.0,8,7.0,8,7.0,8.0,10.0,7.0,7,8
211752,8.0,9.0,8,7.0,8,9.0,8.0,8,8,9.0,6.0,8,7.0,8,7,8.0,7.0,7,7,7.0,7.0,8.0,8,10.0,8,9.0,8,8.0,7.0,7.0,6.0,6,8
211788,7.0,6.0,8,7.0,8,8.0,7.0,8,8,7.0,6.0,8,8.0,7,7,7.0,6.0,7,7,8.0,9.0,8.0,8,8.0,8,7.0,8,7.0,7.0,7.0,7.0,7,8
211017,8,8,9,8,9,9.0,9.0,9,10,9,7,9,8,9,8,8.0,7.0,8,8,9,9.0,9.0,9,10,9,8,9,8.0,9,10.0,8,8,9
210370,9,9,10,9,10,9.0,9.0,10,11,10,8,10,9,12,9,10.0,9.0,9,9,10,9.0,9.0,10,11,10,9,10,7.0,10,9.0,9,9,10
212848,6.0,7.0,6.0,7.0,6.0,7.0,7.0,8.0,6,6.0,6.0,7.0,6.0,5,5.0,6.0,7.0,7.0,6.0,7.0,7.0,7.0,6.0,8.0,7,7.0,6.0,6.0,8.0,6.0,5.0,4,6.0
211225,7,7,8,7,8,8.0,8.0,8,8,8,6,8,7,8,7,8.0,7.0,7,7,8,7.0,8.0,8,9,8,7,8,8.0,8,6.0,7,7,8
211261,7,7,8,7,8,8.0,7.0,8,8,8,6,8,7,8,7,8.0,7.0,7,7,8,8.0,8.0,8,9,8,7,8,7.0,8,8.0,7,7,8
211131,8,8,9,8,9,7.0,7.0,9,11,9,7,9,8,9,8,8.0,7.0,8,8,9,9.0,10.0,9,10,9,8,9,9.0,9,10.0,8,8,9
211552,5.0,6.0,7,7.0,7,6.0,7.0,7,7,7.0,5.0,7,6.0,5,6,6.0,5.0,6,6,7.0,7.0,8.0,7,6.0,7,7.0,7,7.0,7.0,7.0,6.0,5,7
210696,6,6,7,6,7,7.0,6.0,7,6,7,5,7,6,4,6,5.0,6.0,6,6,7,6.0,7.0,7,8,7,6,7,6.0,7,6.0,6,6,7
212304,7.0,7.0,8,8.0,8,9.0,8.0,8,7,7.0,6.0,8,6.0,9,7,9.0,9.0,7,7,7.0,8.0,7.0,8,9.0,8,6.0,8,8.0,10.0,7.0,7.0,7,8
212458,6.0,8.0,8,8.0,8,7.0,7.0,8,8,7.0,7.0,8,6.0,6,7,6.0,9.0,7,7,8.0,7.0,8.0,8,9.0,8,7.0,8,6.0,9.0,7.0,6.0,6,8
210232,6,6,7,6,7,6.0,7.0,7,7,7,5,7,6,5,6,6.0,5.0,6,6,7,7.0,8.0,7,8,7,6,7,6.0,7,6.0,6,6,7
212338,5.0,5.0,7,6.0,7,6.0,6.0,7,6,6.0,5.0,7,5.0,6,6,7.0,6.0,6,6,5.0,6.0,7.0,7,7.0,7,7.0,7,6.0,7.0,6.0,5.0,4,7
211549,7.0,7.0,7,7.0,7,7.0,6.0,7,7,6.0,7.0,7,5.0,5,6,6.0,6.0,6,6,7.0,8.0,8.0,7,8.0,7,7.0,7,6.0,8.0,7.0,6.0,5,7
210819,8,8,9,8,9,8.0,9.0,9,10,9,7,9,8,8,8,7.0,9.0,8,8,9,8.0,9.0,9,10,9,8,9,8.0,9,8.0,8,8,9
211524,7.0,8.0,9,9.0,9,8.0,9.0,9,9,9.0,6.0,9,7.0,11,8,10.0,9.0,8,8,9.0,8.0,8.0,9,10.0,9,8.0,9,9.0,9.0,9.0,7.0,8,9
212739,4.0,4.0,7,7.0,7,7.0,6.0,7,5,5.0,6.0,7,6.0,6,6,7.0,6.0,6,7.0,6.0,7.0,6.0,7,7.0,7,7.0,7,6.0,8.0,7.0,6.0,5,8.0
212077,6.0,6.0,7,6.0,7,7.0,7.0,7,5,7.0,6.0,7,5.0,8,6,9.0,7.0,6,6,7.0,7.0,6.0,7,9.0,7,6.0,7,7.0,7.0,8.0,5.0,4,7
211698,7.0,6.0,9,8.0,9,8.0,8.0,9,11,7.0,8.0,9,8.0,10,8,9.0,8.0,8,8,8.0,10.0,10.0,9,10.0,9,8.0,9,6.0,9.0,10.0,8.0,9,9
211562,7.0,7.0,8,7.0,8,8.0,7.0,8,7,8.0,6.0,8,7.0,7,7,7.0,7.0,7,7,7.0,7.0,7.0,8,8.0,8,8.0,8,6.0,8.0,7.0,7.0,7,8
211013,6,6,7,6,7,7.0,6.0,7,4,7,5,7,6,7,6,8.0,9.0,6,6,7,7.0,5.0,7,8,7,6,7,6.0,7,6.0,6,6,7
210402,6,6,7,6,7,5.0,7.0,7,6,7,5,7,6,6,6,7.0,7.0,6,6,7,7.0,7.0,7,8,7,6,7,6,7,7.0,6,6,7
212327,6.0,6.0,7,7.0,7,7.0,7.0,7,6,8.0,5.0,7,6.0,5,6,6.0,7.0,6,6,7.0,6.0,7.0,7,8.0,7,7.0,7,6.0,7.0,6.0,6.0,5,7
210708,6,6,7,6,7,7.0,6.0,7,6,7,5,7,6,4,6,5.0,6.0,6,6,7,6.0,7.0,7,8,7,6,7,6.0,7,6.0,6,6,7
211884,6.0,6.0,8,7.0,8,7.0,7.0,8,8,6.0,6.0,8,7.0,7,7,7.0,7.0,7,7,9.0,8.0,8.0,8,8.0,8,8.0,8,7.0,8.0,9.0,7.0,7,8
211413,8,8,9,8,9,8.0,8.0,9,9,9,7,9,8,10,8,9.0,9.0,8,8,9,8.0,8.0,9,10,9,8,9,8.0,9,9.0,8,8,9
210908,6,6,7,6,7,7.0,7.0,7,6,7,5,7,6,5,6,6.0,7.0,6,6,7,5.0,7.0,7,8,7,6,7,7.0,7,7.0,6,6,7
210753,7,7,8,7,8,7.0,6.0,8,9,8,6,8,7,8,7,8.0,5.0,7,7,8,9.0,9.0,8,9,8,7,8,8.0,8,8.0,7,7,8
213303,7.0,7.0,7.0,6.0,7.0,7.0,6.0,7.0,6,8.0,6.0,7.0,6.0,5,4.0,6.0,6.0,6.0,5.0,8.0,8.0,7.0,8.0,8.0,6.0,7.0,7.0,7.0,8.0,6.0,6.0,5,5.0
213329,6.0,7.0,7.0,6.0,7.0,8.0,6.0,8.0,8,8.0,7.0,7.0,7.0,6,4.0,6.0,6.0,6.0,8.0,9.0,7.0,8.0,9.0,9.0,7.0,8.0,7.0,8.0,8.0,7.0,8.0,8,6.0
212764,7.0,7.0,8.0,7.0,8.0,7.0,6.0,8.0,8,7.0,6.0,8.0,8.0,6,7.0,6.0,7.0,7.0,7.0,8.0,9.0,8.0,8.0,8.0,7.0,7.0,7.0,7.0,8.0,8.0,8.0,8,7.0
210220,7,7,8,7,8,7.0,7.0,8,9,8,6,8,7,5,7,5.0,6.0,7,7,8,9.0,9.0,8,9,8,7,8,8.0,8,7.0,7,7,8
211928,5.0,6.0,6,7.0,6,6.0,6.0,6,4,4.0,5.0,6,3.0,4,5,6.0,6.0,5,5,6,7.0,6.0,6,8.0,6,5.0,6,5.0,7.0,7.0,5,5,6
212466,10.0,10.0,9,8,9,9.0,8.0,9,10,10.0,7.0,9,8.0,10,8,9.0,7.0,8,8,8.0,9.0,9.0,9,10.0,9,8.0,9,9.0,8.0,9.0,8.0,9,9
212726,7.0,7.0,8.0,6.0,8.0,7.0,7.0,10.0,8,8.0,6.0,8.0,7.0,8,6.0,8.0,7.0,8.0,7.0,8.0,9.0,8.0,7.0,9.0,7.0,7.0,8.0,7.0,7.0,8.0,7.0,7,7.0
210915,9,9,10,9,10,9.0,9.0,10,11,10,8,10,9,12,9,10.0,8.0,9,9,10,9.0,9.0,10,11,10,9,10,9.0,10,9.0,9,9,10
212260,7.0,8.0,8,7.0,8,8.0,9.0,8,8,8.0,5.0,8,5.0,8,7,8.0,8.0,7,7,6.0,7.0,8.0,8,9.0,8,7.0,8,7.0,8.0,7.0,6.0,6,8
213169,6.0,7.0,5.0,6.0,4.0,7.0,6.0,6.0,5,6.0,4.0,5.0,4.0,5,4.0,6.0,6.0,7.0,7.0,6.0,6.0,6.0,7.0,8.0,6.0,6.0,5.0,6.0,8.0,6.0,5.0,4,7
212944,7.0,8.0,7.0,8.0,7.0,10.0,8.0,8.0,9,8.0,6.0,7.0,8.0,9,7.0,8.0,9.0,7.0,9.0,8.0,8.0,8.0,9.0,10.0,7.0,7.0,7.0,8.0,10.0,9.0,8.0,9,9.0
211693,6.0,8.0,8,7.0,8,9.0,8.0,8,7,8.0,6.0,8,5.0,6,7,6.0,8.0,7,7,6.0,8.0,7.0,8,8.0,8,7.0,8,6.0,8.0,6.0,6.0,6,8
210310,8,8,9,8,9,9.0,9.0,9,7,9,7,9,8,9,8,8.0,10.0,8,8,9,8.0,6.0,9,10,9,8,9,8.0,9,7.0,8,8,9
212387,6.0,6.0,6,6.0,6,6.0,6.0,6,4,7.0,5.0,6,5.0,4,5,6.0,6.0,5,5,5.0,6.0,6.0,6,7.0,6,5.0,6,6.0,7.0,5.0,4.0,2,6
212638,6.0,6.0,8.0,8.0,7.0,9.0,7.0,7.0,9,7.0,7.0,8.0,8.0,8,8.0,8.0,7.0,7.0,8.0,8.0,9.0,9.0,7.0,9.0,7.0,8.0,7.0,7.0,9.0,9.0,8.0,8,8.0
213335,6.0,5.0,7,6.0,7,6.0,6.0,7,7,6.0,6.0,7,6.0,6,6,7.0,6.0,6,6.0,7.0,8.0,8.0,7,8.0,7,7.0,7,6.0,7.0,7.0,6.0,5,6.0
210890,6,6,7,6,7,6.0,5.0,7,6,7,5,7,6,6,6,7.0,7.0,6,6,7,7.0,7.0,7,8,7,6,7,6.0,7,6.0,6,6,7
210097,8,8,9,8,9,8.0,9.0,9,11,9,7,9,8,9,8,8.0,8.0,8,8,9,9.0,10.0,9,10,9,8,9,9.0,9,9.0,8,8,9
210788,8,8,9,8,9,8.0,8.0,9,9,9,7,9,8,9,8,8.0,10.0,8,8,9,8.0,8.0,9,10,9,8,9,7.0,9,8.0,8,8,9
210705,8,8,9,8,9,10.0,10.0,9,9,9,7,9,8,10,8,9.0,10.0,8,8,9,7.0,8.0,9,10,9,8,9,8.0,9,8.0,8,8,9
210346,7,7,8,7,8,9.0,8.0,8,8,8,6,8,7,7,7,7.0,8.0,7,7,8,7.0,8.0,8,9,8,7,8,7,8,7.0,7,7,8
213259,7.0,6.0,8.0,6.0,8.0,6.0,6.0,8.0,8,6.0,6.0,7.0,6.0,7,7.0,7.0,7.0,7.0,7.0,6.0,9.0,8.0,6.0,9.0,6.0,6.0,7.0,8.0,8.0,7.0,6.0,6,7.0
210275,8,8,9,8,9,9.0,8.0,9,9,9,7,9,8,9,8,8.0,9.0,8,8,9,7.0,8.0,9,10,9,8,9,7.0,9,7.0,8,8,9
211712,7.0,8.0,8,7.0,8,8.0,8.0,8,8,9.0,6.0,8,7.0,7,7,7.0,6.0,7,7,9.0,9.0,8.0,8,10.0,8,8.0,8,8.0,7.0,7.0,6.0,6,8
212440,6.0,6.0,7,6.0,7,6.0,7.0,7,5,5.0,4.0,7,3.0,5,6,6.0,7.0,6,6,6.0,7.0,6.0,7,8.0,7,4.0,7,7.0,6.0,6.0,6.0,5,7
211569,8.0,9.0,9,8.0,9,8.0,7.0,9,10,10.0,8.0,9,8.0,8,8,7.0,8.0,8,8,10.0,9.0,9.0,9,9.0,9,8.0,9,9.0,9.0,7.0,8.0,9,9
210771,8,8,9,8,9,9.0,8.0,9,9,9,7,9,8,9,8,8.0,9.0,8,8,9,8.0,8.0,9,10,9,8,9,7.0,9,8.0,8,8,9
212716,7.0,7.0,8.0,8.0,8.0,8.0,10.0,9.0,9,9.0,7.0,8.0,6.0,10,7.0,9.0,9.0,9.0,7.0,8.0,9.0,8.0,8.0,10.0,8.0,7.0,8.0,8.0,9.0,8.0,6.0,7,9.0
212186,6.0,6.0,7,7.0,7,7.0,7.0,7,6,5.0,6.0,7,5.0,6,6,7.0,7.0,6,6,6.0,7.0,7.0,7,8.0,7,6.0,7,6.0,8.0,8.0,8.0,7,7
212940,6.0,6.0,8.0,7.0,7.0,7.0,6.0,7.0,9,6.0,7.0,7.0,7.0,6,5.0,6.0,6.0,5.0,7.0,7.0,8.0,9.0,8.0,8.0,6.0,8.0,6.0,8.0,8.0,7.0,7.0,7,7.0
212236,9.0,9.0,9,9.0,9,8.0,9.0,9,10,8.0,7.0,9,8.0,10,8,9.0,7.0,8,8,9.0,9.0,9.0,9,10.0,9,9.0,9,8.0,8.0,8.0,7.0,8,9
210701,7,7,8,7,8,6.0,7.0,8,7,8,6,8,7,7,7,7.0,7.0,7,7,8,8.0,7.0,8,9,8,7,8,6.0,8,8.0,7,7,8
211080,8,8,9,8,9,9.0,8.0,9,9,9,7,9,8,10,8,9.0,10.0,8,8,9,7.0,8.0,9,10,9,8,9,7.0,9,8.0,8,8,9
212160,6.0,5.0,7,7.0,7,7.0,7.0,7,5,6.0,5.0,7,6.0,7,6,8.0,6.0,6,6,7,6.0,6.0,7,7.0,7,6.0,7,5.0,7.0,7.0,6,6,7
212829,7.0,7.0,8.0,9.0,9.0,7.0,8.0,8.0,10,7.0,6.0,8.0,7.0,10,8.0,9.0,9.0,8.0,8.0,9.0,9.0,9.0,8.0,9.0,8.0,8.0,8.0,8.0,10.0,9.0,8.0,9,9.0
212383,5.0,4.0,7,5.0,7,7.0,5.0,7,5,5.0,6.0,7,5.0,6,6,7.0,6.0,6,6,7.0,7.0,6.0,7,6.0,7,5.0,7,6.0,7.0,7.0,7.0,6,7
210945,8,8,9,8,9,8.0,7.0,9,11,9,7,9,8,8,8,7.0,6.0,8,8,9,10.0,10.0,9,10,9,8,9,9.0,9,9.0,8,8,9
212332,6.0,7.0,8,8.0,8,7.0,7.0,8,8,8.0,8.0,8,7.0,8,7,8.0,8.0,7,7,8.0,8.0,8.0,8,10.0,8,8.0,8,7.0,9.0,9.0,8.0,8,8
210886,7,7,8,7,8,6.0,5.0,8,9,8,6,8,7,7,7,7.0,7.0,7,7,8,9.0,9.0,8,9,8,7,8,9.0,8,8.0,7,7,8
211835,5.0,7.0,8,7.0,8,8.0,7.0,8,7,7.0,7.0,8,7.0,8,7,8.0,7.0,7,7,8.0,8.0,7.0,8,8.0,8,8.0,8,6.0,9.0,8.0,8.0,8,8
210276,8,8,9,8,9,9.0,7.0,9,11,9,7,9,8,8,8,7.0,6.0,8,8,9,10.0,10.0,9,10,9,8,9,8.0,9,9.0,8,8,9
210414,6,6,7,6,7,7.0,7.0,7,5,7,5,7,6,5,6,6.0,6.0,6,6,7,6.0,6.0,7,8,7,6,7,6.0,7,7.0,6,6,7
213299,7.0,7.0,7.0,6.0,7.0,6.0,6.0,9.0,8,7.0,6.0,7.0,6.0,7,5.0,7.0,7.0,6.0,6.0,8.0,7.0,8.0,9.0,9.0,7.0,8.0,7.0,7.0,7.0,7.0,6.0,6,6.0
211473,7,7,8,7,8,8.0,8.0,8,7,8,6,8,7,9,7,9.0,8.0,7,7,8,8.0,7.0,8,9,8,7,8,7.0,8,7.0,7,7,8
212455,8.0,8.0,9,8.0,9,9.0,7.0,9,10,8.0,7.0,9,7.0,8,8,7.0,7.0,8,8,9.0,9.0,9.0,9,9.0,9,7.0,9,8.0,8.0,8.0,9.0,10,9
211556,6.0,6.0,7,6.0,7,7.0,6.0,7,6,6.0,5.0,7,6.0,5,6,6.0,6.0,6,6,7.0,7.0,7.0,7,7.0,7,5.0,7,6.0,7.0,8.0,6.0,5,7
211652,7.0,6.0,8,7.0,8,8.0,7.0,8,8,8.0,6.0,8,6.0,8,7,8.0,8.0,7,7,7.0,8.0,8.0,8,9.0,8,5.0,8,7.0,8.0,9.0,6.0,6,8
212886,6.0,8.0,8.0,8.0,8.0,9.0,8.0,7.0,8,7.0,8.0,7.0,7.0,8,8.0,8.0,7.0,7.0,8.0,8.0,10.0,8.0,8.0,9.0,6.0,8.0,7.0,8.0,9.0,9.0,8.0,8,7.0
213230,7.0,7.0,7.0,7.0,8.0,8.0,7.0,8.0,10,9.0,8.0,9.0,8.0,8,6.0,7.0,6.0,7.0,9.0,10.0,10.0,9.0,10.0,8.0,7.0,9.0,8.0,9.0,8.0,7.0,8.0,9,7.0
210837,8,8,9,8,9,9.0,9.0,9,11,9,7,9,8,7,8,6.0,7.0,8,8,9,9.0,10.0,9,10,9,8,9,8.0,9,9.0,8,8,9
211989,7.0,6.0,8,7.0,8,7.0,6.0,8,8,7.0,7.0,8,7.0,7,7,7.0,6.0,7,7,8.0,9.0,8.0,8,9.0,8,7.0,8,7.0,8.0,8.0,8.0,8,8
210671,8,8,9,8,9,9.0,8.0,9,10,9,7,9,8,8,8,7.0,9.0,8,8,9,10.0,9.0,9,10,9,8,9,8.0,9,7.0,8,8,9
211421,6,6,7,6,7,7.0,7.0,7,5,7,5,7,6,6,6,7.0,7.0,6,6,7,6.0,6.0,7,8,7,6,7,7.0,7,7.0,6,6,7
210233,6,6,7,6,7,6.0,6.0,7,6,7,5,7,6,6,6,7.0,6.0,6,6,7,8.0,7.0,7,8,7,6,7,6.0,7,8.0,6,6,7
212123,6.0,7.0,7,6.0,7,7.0,6.0,7,6,7.0,5.0,7,6.0,6,6,7.0,8.0,6,6,7.0,6.0,7.0,7,9.0,7,6.0,7,6.0,6.0,6.0,5.0,4,7
212684,6.0,7.0,8.0,7.0,8.0,8.0,7.0,7.0,8,8.0,6.0,8.0,7.0,7,7,7.0,8.0,7.0,8.0,9.0,8.0,8.0,8.0,9.0,7.0,8.0,7.0,7.0,8.0,8.0,7.0,7,8.0
212680,8.0,9.0,8.0,7.0,9.0,9.0,8.0,9.0,10,9.0,7.0,9.0,10.0,9,8.0,8.0,7.0,9.0,8.0,10.0,9.0,9.0,10.0,10.0,9.0,9.0,9.0,9.0,9.0,9.0,8.0,9,8.0
212664,7.0,7.0,9.0,8.0,8.0,8.0,8.0,8.0,8,7.0,7.0,6.0,6.0,8,8.0,8.0,8.0,7.0,8.0,7.0,10.0,8.0,8.0,10.0,8.0,7.0,7.0,6.0,9.0,9.0,8.0,8,9.0
210332,7,7,8,7,8,8.0,7.0,8,9,8,6,8,7,7,7,7.0,7.0,7,7,8,8.0,9.0,8,9,8,7,8,8.0,8,7.0,7,7,8
213201,5.0,6.0,7,7.0,7,7.0,7.0,7,5,6.0,4.0,7,4.0,5,6,6.0,9.0,6,7.0,6.0,6.0,6.0,7.0,8.0,7,5.0,7,6.0,7.0,6.0,6.0,5,7
211192,7,7,8,7,8,9.0,7.0,8,8,8,6,8,7,6,7,6.0,7.0,7,7,8,8.0,8.0,8,9,8,7,8,6.0,8,8.0,7,7,8
212270,7.0,9.0,8,7.0,8,8.0,7.0,8,9,9.0,5.0,8,7.0,8,7,8.0,8.0,7,7,8.0,8.0,9.0,8,10.0,8,5.0,8,8.0,7.0,8.0,7.0,7,8
212520,9.0,7.0,9.0,9.0,9.0,8.0,9.0,10.0,9,8.0,7.0,7.0,6.0,11,8.0,10.0,9.0,8.0,7.0,6.0,9.0,8.0,7.0,9.0,8.0,6.0,8.0,7.0,9.0,8.0,7.0,8,9.0
212203,8.0,9.0,9,9.0,9,9.0,10.0,9,9,8.0,7.0,9,8.0,10,8,9.0,9.0,8,8,9.0,8.0,8.0,9,10.0,9,7.0,9,8.0,9.0,8.0,7.0,8,9
211737,7.0,8.0,8,8.0,8,7.0,6.0,8,8,8.0,7.0,8,8.0,7,7,7.0,7.0,7,7,9.0,8.0,8.0,8,9.0,8,8.0,8,8.0,8.0,7.0,6.0,6,8
212345,6.0,6.0,7,5.0,7,6.0,7.0,7,6,6.0,4.0,7,5.0,6,6,7.0,8.0,6,6,7,7.0,7.0,7,10.0,7,6.0,7,6.0,7.0,6.0,6.0,5,7
210580,6,6,7,6,7,6.0,7.0,7,6,7,5,7,6,5,6,6.0,6.0,6,6,7,7.0,7.0,7,8,7,6,7,6.0,7,7.0,6,6,7
210540,7,7,8,7,8,8.0,7.0,8,9,8,6,8,7,6,7,6.0,6.0,7,7,8,8.0,9.0,8,9,8,7,8,7.0,8,8.0,7,7,8
212844,6.0,6.0,5.0,7.0,6.0,7.0,7.0,5.0,5,6.0,5.0,5.0,6.0,5,6.0,6.0,7.0,5.0,7.0,6.0,8.0,6.0,6.0,7.0,5.0,6.0,4.0,6.0,7.0,7.0,6.0,5,7
210543,6,6,7,6,7,8.0,7.0,7,7,7,5,7,6,5,6,6.0,7.0,6,6,7,6.0,8.0,7,8,7,6,7,5.0,7,6.0,6,6,7
212493,6.0,6.0,7,7.0,7,7.0,7.0,7,6,6.0,6.0,7,6.0,6,6,7.0,8.0,6,6,6.0,7.0,7.0,7,8.0,7,6.0,7,6.0,9.0,7.0,7.0,6,7
211073,6,6,7,6,7,7.0,6.0,7,7,7,5,7,6,4,6,5.0,6.0,6,6,7,6.0,8.0,7,8,7,6,7,6.0,7,6.0,6,6,7
211893,8.0,7.0,9,9.0,9,9.0,9.0,9,10,10.0,7.0,9,8.0,10,8,9.0,9.0,8,8,8.0,9.0,9.0,9,10.0,9,9.0,9,7.0,10.0,10.0,7.0,8,9
210291,7,7,8,7,8,7.0,7.0,8,7,8,6,8,7,7,7,7.0,7.0,7,7,8,8.0,7.0,8,9,8,7,8,7.0,8,7.0,7,7,8
212245,6.0,5.0,7,6.0,7,6.0,5.0,7,7,5.0,6.0,7,6.0,5,6,6.0,5.0,6,6,6.0,8.0,8.0,7,7.0,7,6.0,7,6.0,6.0,8.0,6.0,5,7
213163,6.0,6.0,6.0,7.0,6.0,6.0,8.0,7.0,6,6.0,4.0,6.0,5.0,7,6.0,8.0,7.0,8.0,6.0,6.0,6.0,7.0,6.0,8.0,7.0,6.0,7.0,6.0,7.0,7.0,5.0,4,7
211970,6.0,7.0,7,6.0,7,7.0,6.0,7,7,7.0,6.0,7,6.0,5,6,6.0,5.0,6,6,8.0,7.0,8.0,7,8.0,7,7.0,7,6.0,7.0,6.0,6.0,5,7
213240,6.0,8.0,6.0,7.0,6.0,8.0,8.0,8.0,7,6.0,6.0,6.0,5.0,8,6.0,8.0,8.0,6.0,7.0,7.0,6.0,7.0,7.0,9.0,7.0,6.0,6.0,6.0,9.0,7.0,7.0,7,8.0
213153,6.0,6.0,6.0,7.0,6.0,7.0,6.0,8.0,7,6.0,6.0,7.0,6.0,5,4.0,6.0,7.0,6.0,6.0,7.0,7.0,8.0,8.0,8.0,7.0,6.0,7.0,6.0,6.0,6.0,6.0,5,6.0
210458,8,8,9,8,9,9.0,9.0,9,11,9,7,9,8,9,8,8.0,8.0,8,8,9,9.0,10.0,9,10,9,8,9,9.0,9,8.0,8,8,9
211347,6,6,7,6,7,7.0,5.0,7,5,7,5,7,6,5,6,6.0,6.0,6,6,7,6.0,6.0,7,8,7,6,7,5.0,7,7.0,6,6,7
212978,8.0,8.0,10.0,9.0,9.0,9.0,9.0,10.0,11,9.0,8.0,9.0,8.0,11,9.0,9.0,9.0,9.0,8.0,9.0,9.0,9.0,8.0,10.0,9.0,9.0,9.0,9.0,10.0,9.0,7.0,9,10.0
212449,7.0,6.0,8,6.0,8,6.0,6.0,8,8,7.0,6.0,8,7.0,7,7,7.0,6.0,7,7,8.0,10.0,8.0,8,10.0,8,7.0,8,8.0,8.0,7.0,8.0,8,8
210350,7,7,8,7,8,7.0,5.0,8,9,8,6,8,7,6,7,6.0,5.0,7,7,8,9.0,9.0,8,9,8,7,8,7.0,8,8.0,7,7,8
210579,6,6,7,6,7,6.0,7.0,7,4,7,5,7,6,6,6,7.0,7.0,6,6,7,6.0,5.0,7,8,7,6,7,6,7,7.0,6,6,7
210423,6,6,7,6,7,7.0,7.0,7,6,7,5,7,6,5,6,6.0,6.0,6,6,7,7.0,7.0,7,8,7,6,7,7.0,7,5.0,6,6,7
211023,7,7,8,7,8,7.0,6.0,8,7,8,6,8,7,8,7,8.0,6.0,7,7,8,8.0,7.0,8,9,8,7,8,5.0,8,9.0,7,7,8
211622,6.0,6.0,8,8.0,8,9.0,7.0,8,9,7.0,8.0,8,6.0,8,7,8.0,8.0,7,7,7.0,9.0,9.0,8,9.0,8,7.0,8,7.0,9.0,10.0,8.0,8,8
211980,6.0,5.0,7,6.0,7,6.0,6.0,7,5,7.0,5.0,7,5.0,5,6,6.0,6.0,6,6,6.0,8.0,6.0,7,8.0,7,6.0,7,7.0,6.0,7.0,6.0,5,7
212692,7.0,6.0,7.0,7.0,8.0,7.0,7.0,7.0,7,6.0,6.0,5.0,5.0,7,7.0,7.0,8.0,7.0,6.0,6.0,9.0,7.0,7.0,9.0,6.0,5.0,7.0,6.0,8.0,8.0,7.0,7,8.0
213189,9.0,8.0,8.0,8.0,10.0,8.0,8.0,9.0,9,7.0,7.0,7.0,7.0,10,8.0,9.0,10.0,8.0,8.0,7.0,9.0,8.0,7.0,9.0,8.0,6.0,8.0,8.0,8.0,9.0,8.0,9,10.0
212643,5.0,6.0,7,7.0,7,7.0,6.0,7,5,6.0,6.0,7,5.0,6,6,7.0,7.0,6,6.0,6.0,6.0,6.0,6.0,7.0,7,6.0,7,6.0,8.0,7.0,6.0,5,8.0
211962,7.0,7.0,8,7.0,8,8.0,7.0,8,8,9.0,6.0,8,8.0,7,7,7.0,6.0,7,7,9.0,8.0,8.0,8,9.0,8,8.0,8,9.0,8.0,8.0,8.0,8,8
210550,6,6,7,6,7,6.0,5.0,7,6,7,5,7,6,4,6,5.0,5.0,6,6,7,8.0,7.0,7,8,7,6,7,7.0,7,7.0,6,6,7
213237,8.0,7.0,9.0,8.0,9.0,8.0,6.0,8.0,11,8.0,7.0,9.0,9.0,9,7.0,8.0,7.0,7.0,8.0,8.0,10.0,10.0,10.0,10.0,8.0,8.0,7.0,8.0,8.0,8.0,8.0,9,7.0
210605,7,7,8,7,8,8.0,7.0,8,7,8,6,8,7,7,7,7.0,7.0,7,7,8,7.0,7.0,8,9,8,7,8,6.0,8,7.0,7,7,8
212034,8.0,8.0,9,8.0,9,9.0,9.0,9,10,9.0,7.0,9,8.0,8,8,7.0,9.0,8,8,9.0,7.0,9.0,9,10.0,9,8.0,9,9.0,9.0,7.0,8.0,9,9
212551,6.0,7.0,7.0,6.0,7.0,7.0,7.0,9.0,6,7.0,4.0,7.0,6.0,6,7.0,7.0,6.0,7.0,6.0,6.0,7.0,7.0,5.0,9.0,6.0,6.0,8.0,6.0,7.0,7.0,5.0,4,7
210192,6,6,7,6,7,7.0,6.0,7,5,7,5,7,6,5,6,6.0,8.0,6,6,7,7.0,6.0,7,8,7,6,7,7.0,7,6.0,6,6,7
210576,7,7,8,7,8,7.0,5.0,8,9,8,6,8,7,7,7,7.0,5.0,7,7,8,9.0,9.0,8,9,8,7,8,6.0,8,8.0,7,7,8
212001,6.0,6.0,7,6.0,7,7.0,5.0,7,7,6.0,6.0,7,6.0,4,6,5.0,5.0,6,6,7.0,8.0,8.0,7,7.0,7,7.0,7,7.0,7.0,7.0,7.0,6,7
211341,8,8,9,8,9,7.0,7.0,9,10,9,7,9,8,8,8,7.0,7.0,8,8,9,10.0,9.0,9,10,9,8,9,8.0,9,9.0,8,8,9
210368,7,7,8,7,8,8.0,7.0,8,6,8,6,8,7,7,7,7.0,8.0,7,7,8,6.0,6.0,8,9,8,7,8,7.0,8,7.0,7,7,8
212911,7.0,8.0,8.0,7.0,6.0,8.0,6.0,7.0,9,8.0,6.0,9.0,7.0,6,4.0,6.0,7.0,6.0,8.0,9.0,7.0,9.0,8.0,9.0,7.0,9.0,6.0,7.0,8.0,7.0,8.0,8,7.0
211845,8.0,9.0,9,8.0,9,8.0,9.0,9,10,9.0,8.0,9,7.0,9,8,8.0,10.0,8,8,8.0,7.0,9.0,9,10.0,9,9.0,9,8.0,9.0,8.0,7.0,8,9
212031,6.0,5.0,7,6.0,7,6.0,5.0,7,7,6.0,6.0,7,7.0,5,6,6.0,4.0,6,6,7.0,9.0,8.0,7,8.0,7,6.0,7,7.0,6.0,6.0,6.0,5,7
210406,6,6,7,6,7,6.0,5.0,7,6,7,5,7,6,5,6,6.0,6.0,6,6,7,7.0,7.0,7,8,7,6,7,5.0,7,8.0,6,6,7
212754,6.0,7.0,6.0,7.0,7.0,7.0,8.0,8.0,7,7.0,7.0,6.0,7.0,8,7.0,8.0,7.0,8.0,6.0,7.0,8.0,7.0,7.0,9.0,7.0,7.0,6.0,6.0,8.0,7.0,6.0,6,8.0
211951,6.0,7.0,7,6.0,7,6.0,6.0,7,7,7.0,5.0,7,6.0,5,6,6.0,6.0,6,6,7.0,8.0,8.0,7,9.0,7,6.0,7,7.0,6.0,7.0,6.0,5,7
212042,6.0,6.0,7,6.0,7,7.0,7.0,7,5,5.0,6.0,7,5.0,6,6,7.0,7.0,6,6,6.0,9.0,6.0,7,9.0,7,5.0,7,6.0,9.0,8.0,7.0,6,7
211416,8,8,9,8,9,8.0,7.0,9,9,9,7,9,8,8,8,7.0,9.0,8,8,9,9.0,8.0,9,10,9,8,9,7.0,9,9.0,8,8,9
210341,7,7,8,7,8,7.0,6.0,8,8,8,6,8,7,7,7,7.0,7.0,7,7,8,8.0,8.0,8,9,8,7,8,7.0,8,8.0,7,7,8
210741,7,7,8,7,8,8.0,7.0,8,9,8,6,8,7,8,7,8.0,6.0,7,7,8,9.0,9.0,8,9,8,7,8,8.0,8,7.0,7,7,8
