StudentID,Arkonian Warfare Tactics,ExoGenetics Evolution,Transdimensional Navigation,Warp Field Theory,Dark Matter Biophysics,Zarnithian Philosophy,Drakthon Linguistics,Xynthium Material Sciences,Holo-Temporal Engineering,Helio-Bio Interface,Luminarian Art Theory,Stellar Cartography,Chrono-Kinetics,Nebulon Astrophysics,Cybernetic Ethics,Nebulon Astrophysics,Quasar Dynamics,Glacial Holo-Architecture,Aether Resonance,Gravix Planetary Studies,Vortex Quantum Mechanics,Holo-Temporal Engineering,Psi-Energy Manipulation,Plasmawave Analysis,Neutronia Metallurgy,Syntho-Chemical Engineering,Sublight Propulsion Systems,Krythos Biomechanics,Flux Capacitor Management,Xyloprax Computation,Yridium Power Systems,Yridium Power Systems,Zyglon Neurology
210333,7,7,8,7,8,8.0,7.0,8,8.0,8,6,8,7,8.0,7,8.0,8.0,7,7,8,8.0,8.0,8,9,8,7,8,8.0,8,8.0,7,7,8
210124,7,7,8,7,8,7.0,6.0,8,7.0,8,6,8,7,5.0,7,5.0,6.0,7,7,8,7.0,7.0,8,9,8,7,8,8.0,8,6.0,7,7,8
211219,7,7,8,7,8,8.0,7.0,8,10.0,8,6,8,7,9.0,7,9.0,6.0,7,7,8,10.0,10.0,8,9,8,7,8,9.0,8,10.0,7,7,8
211210,7,7,8,7,8,9.0,8.0,8,9.0,8,6,8,7,8.0,7,8.0,8.0,7,7,8,8.0,9.0,8,9,8,7,8,8.0,8,8.0,7,7,8
210129,7,7,8,7,8,7.0,8.0,8,7.0,8,6,8,7,7.0,7,7.0,8.0,7,7,8,7.0,7.0,8,9,8,7,8,6.0,8,7.0,7,7,8
211803,4.0,6.0,8,6.0,8,6.0,6.0,8,6.0,6.0,4.0,8,5.0,6.0,7,6.0,6.0,7,7,6.0,6.0,6.0,8,7.0,8,6.0,8,6.0,8.0,7.0,6.0,6.0,8
212055,6.0,8.0,8,6.0,8,7.0,6.0,8,7.0,7.0,5.0,8,5.0,7.0,7,7.0,7.0,7,7,6.0,6.0,7.0,8,8.0,8,6.0,8,6.0,7.0,6.0,5.0,5.0,8
211974,7.0,7.0,8,7.0,8,8.0,8.0,8,7.0,8.0,5.0,8,5.0,7.0,7,7.0,7.0,7,7,8.0,7.0,7.0,8,10.0,8,6.0,8,7.0,7.0,7.0,6.0,6.0,8
211831,6.0,6.0,8,8.0,8,7.0,8.0,8,8.0,7.0,7.0,8,6.0,7.0,7,7.0,8.0,7,7,7.0,8.0,8.0,8,8.0,8,7.0,8,6.0,9.0,9.0,7.0,7.0,8
211603,6.0,6.0,8,6.0,8,6.0,6.0,8,8.0,8.0,6.0,8,7.0,6.0,7,6.0,4.0,7,7,8.0,9.0,8.0,8,7.0,8,8.0,8,7.0,7.0,8.0,6.0,6.0,8
212488,8.0,9.0,8,8.0,8,9.0,7.0,8,10.0,10.0,8.0,8,8.0,7.0,7,7.0,7.0,7,7,9.0,9.0,10.0,8,8.0,8,10.0,8,9.0,9.0,8.0,9.0,9.0,8
211229,7,7,8,7,8,8.0,8.0,8,9.0,8,6,8,7,8.0,7,8.0,8.0,7,7,8,8.0,9.0,8,9,8,7,8,8.0,8,8.0,7,7,8
211060,7,7,8,7,8,7.0,7.0,8,6.0,8,6,8,7,7.0,7,7.0,7.0,7,7,8,7.0,6.0,8,9,8,7,8,6.0,8,6.0,7,7,8
211830,7.0,7.0,8,8.0,8,7.0,8.0,8,6.0,7.0,4.0,8,5.0,6.0,7,6.0,8.0,7,7,7.0,6.0,6.0,8,8.0,8,5.0,8,6.0,8.0,6.0,5.0,5.0,8
211826,8.0,8.0,8,8.0,8,9.0,8.0,8,8.0,7.0,6.0,8,7.0,9.0,7,9.0,8.0,7,7,8.0,10.0,8.0,8,10.0,8,6.0,8,8.0,9.0,8.0,7.0,7.0,8
211820,5.0,7.0,8,7.0,8,7.0,6.0,8,7.0,8.0,5.0,8,6.0,7.0,7,7.0,6.0,7,7,7.0,6.0,7.0,8,7.0,8,6.0,8,6.0,7.0,6.0,6.0,6.0,8
211133,7,7,8,7,8,9.0,8.0,8,9.0,8,6,8,7,9.0,7,9.0,9.0,7,7,8,8.0,9.0,8,9,8,7,8,7.0,8,10.0,7,7,8
210465,7,7,8,7,8,7.0,10.0,8,8.0,8,6,8,7,10.0,7,10.0,9.0,7,7,8,8.0,8.0,8,9,8,7,8,8.0,8,9.0,7,7,8
210962,7,7,8,7,8,8.0,6.0,8,10.0,8,6,8,7,8.0,7,8.0,7.0,7,7,8,10.0,10.0,8,9,8,7,8,8.0,8,9.0,7,7,8
212506,6.0,7.0,8,7.0,8,8.0,7.0,8,8.0,7.0,6.0,8,6.0,7.0,7,7.0,7.0,7,7,7.0,8.0,8.0,8,10.0,8,9.0,8,7.0,9.0,8.0,6.0,6.0,8
212038,6.0,7.0,8,5.0,8,7.0,6.0,8,7.0,7.0,5.0,8,5.0,4.0,7,4.0,5.0,7,7,7.0,6.0,7.0,8,7.0,8,7.0,8,7.0,7.0,5.0,6.0,6.0,8
212868,5.0,7.0,8,7.0,8,9.0,7.0,8,7.0,7.0,6.0,8,6.0,7.0,7,7.0,8.0,7,7.0,7.0,7.0,7.0,7.0,8.0,8,7.0,8,6.0,9.0,7.0,8.0,8.0,7.0
210831,7,7,8,7,8,7.0,7.0,8,9.0,8,6,8,7,8.0,7,8.0,5.0,7,7,8,8.0,9.0,8,9,8,7,8,8.0,8,9.0,7,7,8
211230,7,7,8,7,8,7.0,6.0,8,8.0,8,6,8,7,6.0,7,6.0,5.0,7,7,8,8.0,8.0,8,9,8,7,8,6.0,8,7.0,7,7,8
212093,6.0,6.0,8,6.0,8,6.0,7.0,8,6.0,6.0,6.0,8,4.0,8.0,7,8.0,7.0,7,7,6.0,6.0,6.0,8,8.0,8,6.0,8,6.0,7.0,8.0,6.0,6.0,8
212640,7.0,7.0,9.0,9.0,10.0,9.0,8.0,10.0,9.0,7.0,7.0,9.0,8.0,8.0,9.0,8.0,8.0,8.0,9.0,8.0,9.0,9.0,8.0,9.0,8.0,9.0,8.0,8.0,9.0,10.0,8.0,8.0,10.0
210311,7,7,8,7,8,8.0,6.0,8,7.0,8,6,8,7,7.0,7,7.0,6.0,7,7,8,7.0,7.0,8,9,8,7,8,7.0,8,7.0,7,7,8
211262,7,7,8,7,8,7.0,8.0,8,7.0,8,6,8,7,7.0,7,7.0,8.0,7,7,8,6.0,7.0,8,9,8,7,8,8.0,8,6.0,7,7,8
212156,8.0,7.0,8,8.0,8,9.0,7.0,8,9.0,8.0,7.0,8,7.0,8.0,7,8.0,8.0,7,7,7.0,8.0,9.0,8,10.0,8,7.0,8,7.0,9.0,7.0,8.0,8.0,8
210547,7,7,8,7,8,9.0,7.0,8,10.0,8,6,8,7,8.0,7,8.0,8.0,7,7,8,9.0,10.0,8,9,8,7,8,9.0,8,9.0,7,7,8
210748,7,7,8,7,8,9.0,9.0,8,8.0,8,6,8,7,8.0,7,8.0,9.0,7,7,8,8.0,8.0,8,9,8,7,8,8.0,8,8.0,7,7,8
210693,7,7,8,7,8,6.0,6.0,8,7.0,8,6,8,7,7.0,7,7.0,5.0,7,7,8,6.0,7.0,8,9,8,7,8,6.0,8,5.0,7,7,8
210714,7,7,8,7,8,6.0,6.0,8,7.0,8,6,8,7,7.0,7,7.0,6.0,7,7,8,8.0,7.0,8,9,8,7,8,6.0,8,8.0,7,7,8
210774,7,7,8,7,8,6.0,6.0,8,7.0,8,6,8,7,5.0,7,5.0,6.0,7,7,8,7.0,7.0,8,9,8,7,8,6.0,8,7.0,7,7,8
211708,6.0,6.0,8,6.0,8,6.0,6.0,8,7.0,6.0,6.0,8,6.0,5.0,7,5.0,6.0,7,7,7.0,8.0,7.0,8,8.0,8,6.0,8,7.0,6.0,7.0,6.0,6.0,8
210646,7,7,8,7,8,6.0,6.0,8,8.0,8,6,8,7,6.0,7,6.0,6.0,7,7,8,7.0,8.0,8,9,8,7,8,7.0,8,7.0,7,7,8
212998,7.0,6.0,10.0,8.0,8,8.0,7.0,10.0,9.0,8.0,7.0,8.0,7.0,8.0,8.0,8.0,7.0,8.0,8.0,9.0,8.0,9.0,7.0,10.0,7.0,8.0,8.0,8.0,8.0,8.0,8.0,8.0,7.0
212170,8.0,8.0,8,7.0,8,7.0,7.0,8,8.0,7.0,7.0,8,6.0,8.0,7,8.0,7.0,7,7,8.0,8.0,8.0,8,9.0,8,6.0,8,8.0,7.0,7.0,6.0,6.0,8
212556,8.0,8.0,9.0,8.0,9.0,9.0,7.0,8,10.0,7.0,7.0,9.0,6.0,8.0,7.0,8.0,7.0,8.0,8.0,7.0,10.0,10.0,8.0,10.0,8.0,6.0,9.0,8.0,8.0,7.0,7.0,7.0,8.0
210187,7,7,8,7,8,7.0,8.0,8,6.0,8,6,8,7,6.0,7,6.0,6.0,7,7,8,6.0,6.0,8,9,8,7,8,6.0,8,6.0,7,7,8
211452,7,7,8,7,8,6.0,5.0,8,7.0,8,6,8,7,6.0,7,6.0,6.0,7,7,8,7.0,7.0,8,9,8,7,8,5.0,8,8.0,7,7,8
212470,6.0,6.0,8,7.0,8,7.0,8.0,8,8.0,7.0,7.0,8,7.0,8.0,7,8.0,8.0,7,7,8.0,8.0,8.0,8,9.0,8,7.0,8,7.0,9.0,9.0,6.0,6.0,8
212903,8.0,8.0,8.0,8.0,7.0,9.0,7.0,9.0,9.0,9.0,7.0,9.0,7.0,7.0,6.0,7.0,7.0,7.0,7.0,7.0,9.0,9.0,8.0,10.0,8.0,8.0,7.0,8.0,8.0,7.0,7.0,7.0,6.0
212947,6.0,4.0,8,6.0,8,6.0,6.0,8,8.0,7.0,6.0,8,6.0,6.0,7,6.0,4.0,7,7.0,7.0,9.0,8.0,8,8.0,8,7.0,8,7.0,7.0,7.0,7.0,7.0,6.0
213339,7.0,7.0,7.0,8.0,7.0,7.0,7.0,7.0,8.0,8.0,7.0,9.0,9.0,7.0,7.0,7.0,8.0,7.0,8.0,9.0,7.0,8.0,8.0,9.0,8.0,9.0,7.0,7.0,10.0,8.0,7.0,7.0,8.0
212307,7.0,8.0,8,7.0,8,7.0,7.0,8,8.0,8.0,5.0,8,5.0,6.0,7,6.0,7.0,7,7,8.0,7.0,8.0,8,8.0,8,7.0,8,7.0,7.0,6.0,5.0,5.0,8
210308,7,7,8,7,8,7.0,7.0,8,6.0,8,6,8,7,8.0,7,8.0,7.0,7,7,8,7.0,6.0,8,9,8,7,8,6.0,8,8.0,7,7,8
210258,7,7,8,7,8,9.0,7.0,8,9.0,8,6,8,7,7.0,7,7.0,8.0,7,7,8,8,9.0,8,9,8,7,8,9.0,8,7.0,7,7,8
210582,7,7,8,7,8,6.0,6.0,8,8.0,8,6,8,7,7.0,7,7.0,6.0,7,7,8,7.0,8.0,8,9,8,7,8,5.0,8,7.0,7,7,8
212780,7.0,7.0,8.0,7.0,10.0,9.0,7.0,8,10.0,9.0,8.0,9.0,9.0,8.0,7.0,8.0,7.0,7.0,8.0,9.0,10.0,10.0,8.0,10.0,7.0,9.0,8.0,8.0,8.0,8.0,8.0,8.0,8.0
211734,8.0,7.0,8,7.0,8,7.0,7.0,8,7.0,6.0,6.0,8,4.0,6.0,7,6.0,8.0,7,7,6.0,7.0,7.0,8,8.0,8,5.0,8,6.0,8.0,7.0,6.0,6.0,8
211291,7,7,8,7,8,7.0,8.0,8,8.0,8,6,8,7,8.0,7,8.0,8.0,7,7,8,8.0,8.0,8,9,8,7,8,6.0,8,9.0,7,7,8
212518,8.0,9.0,8.0,9.0,8.0,9.0,7.0,8.0,8.0,9.0,7.0,8.0,7.0,6.0,6.0,6.0,8.0,8.0,7.0,8.0,9.0,8.0,8.0,10.0,8.0,8.0,7.0,8.0,9.0,8.0,7.0,7.0,9.0
210135,7,7,8,7,8,9.0,8.0,8,8.0,8,6,8,7,7.0,7,7.0,8.0,7,7,8,9.0,8.0,8,9,8,7,8,7.0,8,8.0,7,7,8
210824,7,7,8,7,8,8.0,8.0,8,9.0,8,6,8,7,9.0,7,9.0,8.0,7,7,8,9.0,9.0,8,9,8,7,8,7.0,8,9.0,7,7,8
210328,7,7,8,7,8,6.0,6.0,8,7.0,8,6,8,7,6.0,7,6.0,6.0,7,7,8,7.0,7.0,8,9,8,7,8,6.0,8,6.0,7,7,8
210318,7,7,8,7,8,8.0,8.0,8,9.0,8,6,8,7,7.0,7,7.0,8.0,7,7,8,10.0,9.0,8,9,8,7,8,7.0,8,9.0,7,7,8
210763,7,7,8,7,8,8.0,6.0,8,9.0,8,6,8,7,6.0,7,6.0,6.0,7,7,8,9.0,9.0,8,9,8,7,8,7.0,8,8.0,7,7,8
211909,7.0,8.0,8,8.0,8,7.0,8.0,8,7.0,9.0,6.0,8,6.0,9.0,7,9.0,8.0,7,7,8.0,7.0,7.0,8,9.0,8,7.0,8,7.0,9.0,8.0,6.0,6.0,8
211593,7.0,8.0,8,9.0,8,10.0,9.0,8,8.0,9.0,6.0,8,7.0,9.0,7,9.0,9.0,7,7,9.0,9.0,8.0,8,10.0,8,8.0,8,7.0,10.0,8.0,8.0,8.0,8
210170,7,7,8,7,8,7.0,7.0,8,8.0,8,6,8,7,7.0,7,7.0,6.0,7,7,8,8.0,8.0,8,9,8,7,8,7.0,8,7.0,7,7,8
212155,6.0,6.0,8,5.0,8,6.0,6.0,8,8.0,7.0,6.0,8,7.0,7.0,7,7.0,6.0,7,7,7.0,8.0,8.0,8,8.0,8,7.0,8,7.0,7.0,7.0,6.0,6.0,8
212257,6.0,6.0,8,6.0,8,7.0,7.0,8,6.0,6.0,4.0,8,5.0,7.0,7,7.0,7.0,7,7,6.0,6.0,6.0,8,8.0,8,6.0,8,6.0,8.0,7.0,5.0,5.0,8
212634,6.0,7.0,6.0,6.0,8.0,6.0,6.0,6.0,7.0,8.0,6.0,7.0,6.0,7.0,6.0,7.0,7.0,6.0,7.0,7.0,6.0,7.0,8.0,7.0,7.0,7.0,6.0,6.0,8.0,7.0,7.0,7.0,7.0
212805,6.0,6.0,8,7.0,8.0,7.0,7.0,7.0,7.0,5.0,6.0,5.0,6.0,8.0,8.0,8.0,7.0,7.0,7.0,6.0,9.0,7.0,6.0,8.0,6.0,6.0,7.0,7.0,8.0,9.0,7.0,7.0,8.0
210586,7,7,8,7,8,8.0,7.0,8,9.0,8,6,8,7,9.0,7,9.0,7.0,7,7,8,9.0,9.0,8,9,8,7,8,8.0,8,9.0,7,7,8
211920,7.0,9.0,8,8.0,8,8.0,9.0,8,8.0,8.0,6.0,8,7.0,10.0,7,10.0,9.0,7,7,9.0,9.0,8.0,8,10.0,8,8.0,8,7.0,10.0,8.0,6.0,6.0,8
210946,7,7,8,7,8,8.0,8.0,8,8.0,8,6,8,7,7.0,7,7.0,7.0,7,7,8,8.0,8.0,8,9,8,7,8,8.0,8,8.0,7,7,8
210361,7,7,8,7,8,6.0,6.0,8,6.0,8,6,8,7,6.0,7,6.0,6.0,7,7,8,7.0,6.0,8,9,8,7,8,5.0,8,7.0,7,7,8
210244,7,7,8,7,8,6.0,6.0,8,8.0,8,6,8,7,7.0,7,7.0,7.0,7,7,8,7.0,8.0,8,9,8,7,8,7.0,8,6.0,7,7,8
212787,6.0,6.0,7.0,6.0,7.0,6.0,6.0,8.0,7.0,6.0,6.0,6.0,7.0,6.0,6.0,6.0,6.0,6.0,6.0,7.0,7.0,7.0,6.0,7.0,6.0,7.0,5.0,6.0,7.0,7.0,6.0,6.0,7.0
210951,7,7,8,7,8,6.0,6.0,8,9.0,8,6,8,7,5.0,7,5.0,4.0,7,7,8,8.0,9.0,8,9,8,7,8,7.0,8,8.0,7,7,8
213061,6.0,7.0,5.0,7.0,6.0,7.0,6.0,6.0,7.0,6.0,5.0,6.0,6.0,7.0,4.0,7.0,6.0,5.0,6.0,6.0,7.0,7.0,7.0,8.0,6.0,6.0,5.0,6.0,7.0,6.0,6.0,6.0,8
212146,7.0,7.0,8,6.0,8,7.0,6.0,8,9.0,7.0,5.0,8,6.0,8.0,7,8.0,7.0,7,7,7.0,8.0,9.0,8,8.0,8,7.0,8,7.0,7.0,9.0,8.0,8.0,8
212431,7.0,8.0,8,8.0,8,7.0,7.0,8,9.0,8.0,5.0,8,7.0,7.0,7,7.0,7.0,7,7,9.0,8.0,9.0,8,9.0,8,7.0,8,8.0,8.0,8.0,7.0,7.0,8
211908,7.0,7.0,8,7.0,8,7.0,7.0,8,9.0,8.0,7.0,8,8.0,8.0,7,8.0,6.0,7,7,9.0,8.0,9.0,8,8.0,8,8.0,8,7.0,7.0,8.0,7.0,7.0,8
212374,6.0,7.0,8,7.0,8,6.0,6.0,8,8.0,7.0,5.0,8,5.0,7.0,7,7.0,6.0,7,7,6.0,6.0,8.0,8,8.0,8,7.0,8,6.0,6.0,6.0,5.0,5.0,8
211046,7,7,8,7,8,10.0,9.0,8,9.0,8,6,8,7,7.0,7,7.0,8.0,7,7,8,8.0,9.0,8,9,8,7,8,7.0,8,7.0,7,7,8
211903,5.0,7.0,8,7.0,8,6.0,7.0,8,6.0,6.0,4.0,8,4.0,6.0,7,6.0,7.0,7,7,6.0,6.0,6.0,8,8.0,8,5.0,8,6.0,7.0,6.0,5.0,5.0,8
213317,9.0,9.0,9.0,7.0,9.0,9.0,8.0,10.0,8.0,9.0,7.0,8.0,6.0,9.0,8.0,9.0,9.0,8.0,7.0,7.0,8.0,8.0,7.0,10.0,8.0,6.0,9.0,8.0,9.0,8.0,7.0,7.0,9.0
210797,7,7,8,7,8,8.0,6.0,8,8.0,8,6,8,7,7.0,7,7.0,5.0,7,7,8,9.0,8.0,8,9,8,7,8,7.0,8,8.0,7,7,8
211119,7,7,8,7,8,9.0,8.0,8,9.0,8,6,8,7,8.0,7,8.0,8.0,7,7,8,10.0,9.0,8,9,8,7,8,9.0,8,8.0,7,7,8
210448,7,7,8,7,8,8.0,8.0,8,8.0,8,6,8,7,8.0,7,8.0,9.0,7,7,8,6.0,8.0,8,9,8,7,8,6.0,8,7.0,7,7,8
211677,7.0,6.0,8,7.0,8,8.0,6.0,8,8.0,6.0,6.0,8,6.0,8.0,7,8.0,8.0,7,7,6.0,8.0,8.0,8,9.0,8,6.0,8,6.0,8.0,7.0,6.0,6.0,8
210496,7,7,8,7,8,8.0,7.0,8,8.0,8,6,8,7,7.0,7,7.0,7.0,7,7,8,8.0,8.0,8,9,8,7,8,6.0,8,7.0,7,7,8
211514,7,7,8,7,8,8.0,7.0,8,7.0,8,6,8,7,7.0,7,7.0,8.0,7,7,8,6.0,7.0,8,9,8,7,8,6.0,8,6.0,7,7,8
211687,7.0,8.0,8,7,8,8.0,8.0,8,8.0,7.0,7.0,8,9.0,7.0,7,7.0,8.0,7,7,10.0,9.0,8.0,8,9.0,8,10.0,8,8.0,10.0,9.0,8.0,8.0,8
212169,7.0,8.0,8,7.0,8,8.0,8.0,8,8.0,7.0,7.0,8,7.0,9.0,7,9.0,8.0,7,7,8.0,9.0,8.0,8,9.0,8,7.0,8,7.0,9.0,9.0,8.0,8.0,8
210410,7,7,8,7,8,6.0,6.0,8,7.0,8,6,8,7,6.0,7,6.0,4.0,7,7,8,7.0,7.0,8,9,8,7,8,6.0,8,8.0,7,7,8
212302,6.0,6.0,8,8.0,8,7.0,6.0,8,7.0,6.0,7.0,8,6.0,7.0,7,7.0,8.0,7,7,6.0,7.0,7.0,8,7.0,8,5.0,8,6.0,9.0,8.0,8.0,8.0,8
213068,7.0,8.0,7.0,8.0,7.0,8.0,7.0,6.0,7.0,7.0,8.0,6.0,7.0,8.0,8.0,8.0,10.0,7.0,8.0,8.0,8.0,7.0,8.0,8.0,6.0,8.0,6.0,7.0,9.0,9.0,8.0,8.0,9.0
211386,7,7,8,7,8,6.0,6.0,8,6.0,8,6,8,7,7.0,7,7.0,6.0,7,7,8,6.0,6.0,8,9,8,7,8,5.0,8,7.0,7,7,8
213058,6.0,7.0,6.0,8.0,8.0,7.0,7.0,8.0,7.0,7.0,6.0,7.0,6.0,8.0,8.0,8.0,8.0,8.0,8.0,7.0,8.0,7.0,7.0,8.0,7.0,7.0,7.0,7.0,8.0,7.0,6.0,6.0,9.0
211509,7,7,8,7,8,7.0,5.0,8,7.0,8,6,8,7,5.0,7,5.0,5.0,7,7,8,6.0,7.0,8,9,8,7,8,6.0,8,7.0,7,7,8
212625,8.0,8.0,8.0,8.0,9.0,9.0,7.0,9.0,10.0,8.0,7.0,9.0,8.0,7.0,7.0,7.0,7.0,7.0,8.0,8.0,9.0,10.0,9.0,10.0,7.0,8.0,9.0,8.0,8.0,8.0,9.0,9.0,8.0
210715,7,7,8,7,8,7.0,7.0,8,8.0,8,6,8,7,6.0,7,6.0,6.0,7,7,8,9.0,8.0,8,9,8,7,8,8.0,8,7.0,7,7,8
211308,7,7,8,7,8,8.0,9.0,8,9.0,8,6,8,7,9.0,7,9.0,9.0,7,7,8,10.0,9.0,8,9,8,7,8,9.0,8,9.0,7,7,8
211266,7,7,8,7,8,9.0,9.0,8,9.0,8,6,8,7,10.0,7,10.0,9.0,7,7,8,8.0,9.0,8,9,8,7,8,8.0,8,9.0,7,7,8
213323,6.0,6.0,7.0,6.0,7.0,6.0,6.0,8.0,8.0,6.0,6.0,7.0,6.0,7.0,6.0,7.0,6.0,6.0,6.0,6.0,8.0,8.0,6.0,7.0,5.0,6.0,6.0,7.0,6.0,7.0,7.0,7.0,7.0
212994,7.0,8.0,7.0,7.0,6.0,8.0,8.0,7.0,7.0,8.0,6.0,8.0,6.0,6.0,4.0,6.0,8.0,7.0,8.0,7.0,7.0,7.0,8.0,9.0,7.0,7.0,7.0,7.0,8.0,6.0,7.0,7.0,7.0
212711,4.0,7.0,8,6.0,8,7.0,6.0,8,8.0,8.0,6.0,8,7.0,4.0,7,4.0,5.0,7,7.0,8.0,8.0,8.0,9.0,6.0,8,8.0,8,6.0,8.0,7.0,7.0,7.0,6.0
211253,7,7,8,7,8,7.0,5.0,8,6.0,8,6,8,7,6.0,7,6.0,6.0,7,7,8,6.0,6.0,8,9,8,7,8,6.0,8,7.0,7,7,8
211292,7,7,8,7,8,8.0,8.0,8,9.0,8,6,8,7,10.0,7,10.0,8.0,7,7,8,9.0,9.0,8,9,8,7,8,9.0,8,9.0,7,7,8
210474,7,7,8,7,8,9.0,8.0,8,10.0,8,6,8,7,7.0,7,7.0,6.0,7,7,8,9.0,10.0,8,9,8,7,8,8.0,8,8.0,7,7,8
212652,6.0,7.0,8.0,7.0,8.0,8.0,7.0,7.0,7.0,7.0,6.0,6.0,6.0,7.0,7.0,7.0,9.0,8.0,6.0,7.0,7.0,7.0,6.0,9.0,7.0,6.0,7.0,6.0,8.0,7.0,7.0,7.0,8.0
212587,9.0,8.0,10.0,9.0,9.0,9.0,9.0,10.0,9.0,10.0,7.0,9.0,8.0,9.0,8.0,9.0,9.0,9.0,8.0,9.0,9.0,9.0,8.0,10.0,9.0,9.0,9.0,7.0,9.0,9.0,8.0,8.0,10.0
213217,5.0,6.0,8,7.0,8,7.0,6.0,8,7.0,7.0,6.0,8,7.0,6.0,7,6.0,6.0,7,7.0,7.0,6.0,7.0,8.0,8.0,8,7.0,8,7.0,8.0,6.0,6.0,6.0,6.0
212176,8.0,8.0,8,8.0,8,7.0,7.0,8,8.0,9.0,6.0,8,7.0,7.0,7,7.0,7.0,7,7,9.0,8.0,8.0,8,10.0,8,8.0,8,7.0,7.0,7.0,7.0,7.0,8
212066,7.0,6.0,8,6.0,8,6.0,7.0,8,6.0,6.0,4.0,8,3.0,8.0,7,8.0,7.0,7,7,8,8.0,6.0,8,8.0,8,3.0,8,5.0,7.0,6.0,7,7,8
211020,7,7,8,7,8,6.0,5.0,8,8.0,8,6,8,7,7.0,7,7.0,6.0,7,7,8,9.0,8.0,8,9,8,7,8,6.0,8,8.0,7,7,8
210384,7,7,8,7,8,9.0,9.0,8,8.0,8,6,8,7,8.0,7,8.0,7.0,7,7,8,7.0,8.0,8,9,8,7,8,8.0,8,7.0,7,7,8
210745,7,7,8,7,8,10.0,9.0,8,7.0,8,6,8,7,10.0,7,10.0,9.0,7,7,8,8.0,7.0,8,9,8,7,8,8.0,8,9.0,7,7,8
211899,8.0,9.0,8,8.0,8,8.0,8.0,8,9.0,9.0,7.0,8,9.0,8.0,7,8.0,7.0,7,7,9.0,10.0,9.0,8,10.0,8,9.0,8,9.0,9.0,9.0,8.0,8.0,8
213111,7.0,9.0,9.0,7.0,10.0,8.0,7.0,10.0,10.0,8.0,7.0,8.0,8.0,8.0,8.0,8.0,7.0,7.0,7.0,9.0,10.0,10.0,9.0,10.0,7.0,9.0,9.0,9.0,8.0,9.0,8.0,8.0,8.0
212852,8.0,8.0,8.0,8.0,9.0,9.0,9.0,9.0,9.0,8.0,7.0,7.0,4.0,8.0,8.0,8.0,8.0,8.0,7.0,7.0,8.0,9.0,7.0,10.0,8.0,6.0,8.0,7.0,8.0,8.0,7.0,7.0,8.0
212020,4.0,5.0,8,6.0,8,7.0,6.0,8,6.0,5.0,5.0,8,5.0,6.0,7,6.0,6.0,7,7,8,8.0,6.0,8,6.0,8,6.0,8,5.0,8.0,7.0,7,7,8
212602,7.0,7.0,7.0,6.0,7.0,6.0,8.0,10.0,6.0,8.0,5.0,6.0,7.0,8.0,5.0,8.0,8.0,8.0,6.0,7.0,7.0,6.0,7.0,8.0,7.0,6.0,6.0,6.0,6.0,6.0,6.0,6.0,8
210865,7,7,8,7,8,8.0,7.0,8,7.0,8,6,8,7,7.0,7,7.0,7.0,7,7,8,9.0,7.0,8,9,8,7,8,7.0,8,9.0,7,7,8
210201,7,7,8,7,8,7.0,7.0,8,8.0,8,6,8,7,7.0,7,7.0,7.0,7,7,8,8.0,8.0,8,9,8,7,8,7.0,8,6.0,7,7,8
212481,6.0,6.0,8,6.0,8,6.0,6.0,8,7.0,7.0,5.0,8,4.0,6.0,7,6.0,6.0,7,7,5.0,7.0,7.0,8,8.0,8,5.0,8,6.0,7.0,7.0,5.0,5.0,8
213102,7.0,6.0,8.0,8.0,9.0,7.0,7.0,9.0,7.0,6.0,6.0,7.0,6.0,8.0,8.0,8.0,7.0,8.0,7.0,7.0,7.0,7.0,6.0,9.0,7.0,6.0,8.0,6.0,8.0,9.0,6.0,6.0,9.0
210630,7,7,8,7,8,6.0,6.0,8,6.0,8,6,8,7,6.0,7,6.0,6.0,7,7,8,7.0,6.0,8,9,8,7,8,6.0,8,6.0,7,7,8
211502,7,7,8,7,8,7.0,6.0,8,10.0,8,6,8,7,7.0,7,7.0,6.0,7,7,8,8.0,10.0,8,9,8,7,8,9.0,8,8.0,7,7,8
212424,5.0,7.0,8,7.0,8,8.0,7.0,8,8.0,6.0,6.0,8,6.0,7.0,7,7.0,7.0,7,7,7.0,7.0,8.0,8,8.0,8,8.0,8,6.0,9.0,7.0,7.0,7.0,8
212618,6.0,6.0,7.0,6.0,7.0,7.0,6.0,7.0,7.0,6.0,6.0,7.0,7.0,6.0,4.0,6.0,6.0,6.0,6.0,8.0,7.0,7.0,8.0,7.0,7.0,8.0,6.0,6.0,7.0,6.0,6.0,6.0,7.0
211802,5.0,6.0,8,7.0,8,6.0,6.0,8,6.0,6.0,5.0,8,4.0,6.0,7,6.0,7.0,7,7,8,6.0,6.0,8,8.0,8,5.0,8,5.0,7.0,6.0,7,7,8
211770,6.0,7.0,8,7.0,8,7.0,6.0,8,9.0,8.0,6.0,8,8.0,6.0,7,6.0,6.0,7,7,10.0,8.0,9.0,8,9.0,8,10.0,8,8.0,7.0,7.0,8.0,8.0,8
213197,6.0,6.0,6.0,6.0,7.0,6.0,6.0,8.0,7.0,8.0,6.0,7.0,6.0,6.0,5.0,6.0,6.0,5.0,7.0,7.0,7.0,7.0,7.0,8.0,6.0,7.0,7.0,6.0,6.0,7.0,6.0,6.0,6.0
213075,6.0,8.0,8.0,8.0,7.0,8.0,8.0,9.0,10.0,9.0,8.0,8.0,8.0,7.0,7.0,7.0,8.0,7.0,9.0,9.0,9.0,10.0,9.0,9.0,8.0,9.0,7.0,7.0,10.0,8.0,8.0,8.0,9.0
211879,8.0,9.0,8,8.0,8,9.0,9.0,8,8.0,9.0,7.0,8,5.0,7.0,7,7.0,9.0,7,7,6.0,8.0,8.0,8,10.0,8,7.0,8,7.0,8.0,8.0,7.0,7.0,8
210860,7,7,8,7,8,7.0,6.0,8,8.0,8,6,8,7,7.0,7,7.0,6.0,7,7,8,9.0,8.0,8,9,8,7,8,6.0,8,9.0,7,7,8
211897,6.0,8.0,8,8.0,8,8.0,7.0,8,10.0,8.0,8.0,8,8.0,9.0,7,9.0,7.0,7,7,9.0,9.0,10.0,8,9.0,8,9.0,8,8.0,10.0,10.0,8.0,8.0,8
210117,7,7,8,7,8,7.0,8.0,8,6.0,8,6,8,7,7.0,7,7.0,7.0,7,7,8,5.0,6.0,8,9,8,7,8,7.0,8,6.0,7,7,8
213253,7.0,7.0,10.0,8.0,9.0,8.0,8.0,10.0,10.0,9.0,8.0,10.0,9.0,7.0,8.0,7.0,7.0,9.0,9.0,10.0,9.0,10.0,10.0,10.0,10.0,10.0,9.0,8.0,9.0,9.0,8.0,8.0,7.0
210757,7,7,8,7,8,7.0,5.0,8,8.0,8,6,8,7,6.0,7,6.0,6.0,7,7,8,7.0,8.0,8,9,8,7,8,7.0,8,7.0,7,7,8
211322,7,7,8,7,8,7.0,7.0,8,5.0,8,6,8,7,6.0,7,6.0,8.0,7,7,8,5.0,5.0,8,9,8,7,8,5.0,8,6.0,7,7,8
212857,7.0,8.0,8.0,8.0,9.0,9.0,9.0,9.0,8.0,7.0,7.0,7.0,7.0,9.0,9.0,9.0,9.0,9.0,8.0,9.0,9.0,8.0,8.0,10.0,8.0,9.0,9.0,8.0,10.0,8.0,7.0,7.0,10.0
210662,7,7,8,7,8,9.0,7.0,8,9.0,8,6,8,7,6.0,7,6.0,6.0,7,7,8,7.0,9.0,8,9,8,7,8,8.0,8,7.0,7,7,8
210043,7,7,8,7,8,8.0,8.0,8,10.0,8,6,8,7,8.0,7,8.0,8.0,7,7,8,9.0,10.0,8,9,8,7,8,10.0,8,9.0,7,7,8
210400,7,7,8,7,8,6.0,6.0,8,8.0,8,6,8,7,8.0,7,8.0,7.0,7,7,8,8.0,8.0,8,9,8,7,8,5.0,8,8.0,7,7,8
212311,6.0,7.0,8,7.0,8,8.0,6.0,8,7.0,7.0,7.0,8,6.0,7.0,7,7.0,7.0,7,7,6.0,8.0,7.0,8,8.0,8,6.0,8,7.0,8.0,7.0,7.0,7.0,8
210437,7,7,8,7,8,7.0,4.0,8,7.0,8,6,8,7,6.0,7,6.0,5.0,7,7,8,8.0,7.0,8,9,8,7,8,6.0,8,7.0,7,7,8
212102,5.0,8.0,8,6.0,8,7.0,6.0,8,6.0,8.0,5.0,8,5.0,7.0,7,7.0,6.0,7,7,6.0,7.0,6.0,8,8.0,8,7.0,8,7.0,7.0,7.0,6.0,6.0,8
210166,7,7,8,7,8,7.0,8.0,8,6.0,8,6,8,7,8.0,7,8.0,9.0,7,7,8,7.0,6.0,8,9,8,7,8,7.0,8,7.0,7,7,8
212010,7.0,7.0,8,7.0,8,8.0,7.0,8,9.0,8.0,6.0,8,7.0,8.0,7,8.0,6.0,7,7,8.0,8.0,9.0,8,9.0,8,8.0,8,7.0,8.0,8.0,8.0,8.0,8
210462,7,7,8,7,8,8.0,8.0,8,7.0,8,6,8,7,8.0,7,8.0,8.0,7,7,8,7.0,7.0,8,9,8,7,8,8.0,8,7.0,7,7,8
212696,7.0,8.0,6.0,7.0,8.0,8.0,9.0,9.0,7.0,9.0,6.0,8.0,7.0,8.0,6.0,8.0,8.0,7.0,7.0,9.0,7.0,7.0,9.0,9.0,8.0,9.0,8.0,7.0,9.0,7.0,6.0,6.0,8.0
213254,7.0,9.0,9.0,7.0,6.0,8.0,7.0,10.0,8.0,8.0,6.0,7.0,6.0,7.0,6.0,7.0,8.0,7.0,7.0,9.0,8.0,8.0,7.0,10.0,8.0,7.0,8.0,7.0,7.0,6.0,7.0,7.0,7.0
213107,9.0,9.0,9.0,9.0,10.0,9.0,10.0,10.0,8.0,10.0,8.0,9.0,8.0,10.0,8.0,10.0,8.0,10.0,7.0,9.0,10.0,8.0,9.0,10.0,10.0,8.0,8.0,9.0,9.0,9.0,7.0,7.0,10.0
211256,7,7,8,7,8,7.0,6.0,8,6.0,8,6,8,7,6.0,7,6.0,8.0,7,7,8,6.0,6.0,8,9,8,7,8,6.0,8,6.0,7,7,8
210325,7,7,8,7,8,8.0,8.0,8,9.0,8,6,8,7,8.0,7,8.0,8.0,7,7,8,9.0,9.0,8,9,8,7,8,8.0,8,9.0,7,7,8
210982,7,7,8,7,8,8.0,6.0,8,9.0,8,6,8,7,7.0,7,7.0,5.0,7,7,8,9.0,9.0,8,9,8,7,8,7.0,8,7.0,7,7,8
211165,7,7,8,7,8,7.0,7.0,8,7.0,8,6,8,7,7.0,7,7.0,7.0,7,7,8,7.0,7.0,8,9,8,7,8,7.0,8,7.0,7,7,8
211195,7,7,8,7,8,8.0,7.0,8,7.0,8,6,8,7,7.0,7,7.0,7.0,7,7,8,7.0,7.0,8,9,8,7,8,5.0,8,8.0,7,7,8
211275,7,7,8,7,8,7.0,8.0,8,6.0,8,6,8,7,8.0,7,8.0,8.0,7,7,8,7.0,6.0,8,9,8,7,8,6.0,8,7.0,7,7,8
210430,7,7,8,7,8,10.0,9.0,8,8.0,8,6,8,7,10.0,7,10.0,9.0,7,7,8,8.0,8.0,8,9,8,7,8,8.0,8,7.0,7,7,8
213030,7.0,9.0,8.0,7.0,8.0,9.0,8.0,9.0,10.0,8.0,6.0,8.0,8.0,7.0,7.0,7.0,7.0,7.0,8.0,9.0,10.0,10.0,10.0,9.0,8.0,9.0,8.0,8.0,10.0,8.0,8.0,8.0,8.0
211085,7,7,8,7,8,9.0,9.0,8,8.0,8,6,8,7,8.0,7,8.0,9.0,7,7,8,8.0,8.0,8,9,8,7,8,8.0,8,9.0,7,7,8
210670,7,7,8,7,8,8.0,8.0,8,10.0,8,6,8,7,8.0,7,8.0,7.0,7,7,8,10.0,10.0,8,9,8,7,8,8.0,8,10.0,7,7,8
212108,4.0,6.0,8,5.0,8,6.0,6.0,8,7.0,5.0,6.0,8,5.0,6.0,7,6.0,6.0,7,7,6.0,6.0,7.0,8,7.0,8,6.0,8,6.0,8.0,7.0,7.0,7.0,8
211310,7,7,8,7,8,6.0,6.0,8,8.0,8,6,8,7,7.0,7,7.0,5.0,7,7,8,8.0,8.0,8,9,8,7,8,7.0,8,7.0,7,7,8
211224,7,7,8,7,8,10.0,8.0,8,9.0,8,6,8,7,9.0,7,9.0,8.0,7,7,8,10.0,9.0,8,9,8,7,8,8.0,8,8.0,7,7,8
210038,7,7,8,7,8,8.0,9.0,8,9.0,8,6,8,7,9.0,7,9.0,8.0,7,7,8,10.0,9.0,8,9,8,7,8,8.0,8,9.0,7,7,8
212963,7.0,8.0,9.0,9.0,9.0,8.0,10.0,10.0,9.0,9.0,7.0,9.0,8.0,10.0,8.0,10.0,9.0,10.0,8.0,9.0,8.0,9.0,9.0,10.0,10.0,8.0,10.0,9.0,10.0,9.0,7.0,7.0,10.0
212615,5.0,7.0,8,6.0,8,7.0,6.0,8,7.0,7.0,6.0,8,5.0,6.0,7,6.0,6.0,7,6.0,7.0,6.0,7.0,7.0,6.0,8,6.0,8,6.0,7.0,6.0,6.0,6.0,6.0
211634,6.0,7.0,8,6.0,8,7.0,6.0,8,9.0,8.0,6.0,8,6.0,6.0,7,6.0,6.0,7,7,8.0,7.0,9.0,8,8.0,8,8.0,8,8.0,7.0,6.0,6.0,6.0,8
210976,7,7,8,7,8,9.0,9.0,8,7.0,8,6,8,7,9.0,7,9.0,10.0,7,7,8,8.0,7.0,8,9,8,7,8,8.0,8,8.0,7,7,8
210510,7,7,8,7,8,8.0,8.0,8,9.0,8,6,8,7,8.0,7,8.0,8.0,7,7,8,9.0,9.0,8,9,8,7,8,7.0,8,9.0,7,7,8
213275,7.0,8.0,9.0,8.0,9.0,9.0,8.0,10.0,9.0,9.0,6.0,8.0,7.0,9.0,8.0,9.0,8.0,10.0,7.0,9.0,9.0,9.0,8.0,10.0,8.0,7.0,9.0,8.0,7.0,9.0,8.0,8.0,9.0
212509,6.0,8.0,8,8.0,8,8.0,8.0,8,8.0,8.0,6.0,8,8.0,8.0,7,8.0,7.0,7,7,9.0,8.0,8.0,8,8.0,8,8.0,8,8.0,9.0,9.0,7.0,7.0,8
211427,7,7,8,7,8,7.0,7.0,8,7.0,8,6,8,7,8.0,7,8.0,7.0,7,7,8,8.0,7.0,8,9,8,7,8,8.0,8,6.0,7,7,8
211623,9.0,9.0,8,8.0,8,9.0,9.0,8,8.0,10.0,7.0,8,8.0,7.0,7,7.0,8.0,7,7,10.0,8.0,8.0,8,10.0,8,9.0,8,8.0,9.0,7.0,8.0,8.0,8
212217,7.0,8.0,8,7.0,8,8.0,8.0,8,7.0,8.0,6.0,8,7.0,8.0,7,8.0,7.0,7,7,9.0,8.0,7.0,8,10.0,8,8.0,8,8.0,8.0,7.0,7.0,7.0,8
212403,6.0,7.0,8,7.0,8,8.0,6.0,8,7.0,6.0,5.0,8,5.0,8.0,7,8.0,7.0,7,7,8.0,6.0,7.0,8,7.0,8,7.0,8,7.0,7.0,6.0,5.0,5.0,8
212659,6.0,7.0,7.0,8.0,7.0,7.0,6.0,7.0,7.0,7.0,7.0,7.0,7.0,7.0,7.0,7.0,7.0,6.0,7.0,7.0,7.0,7.0,7.0,8.0,6.0,8.0,6.0,7.0,8.0,8.0,7.0,7.0,8.0
212249,6.0,6.0,8,7.0,8,8.0,6.0,8,8.0,6.0,6.0,8,7.0,7.0,7,7.0,6.0,7,7,8.0,8.0,8.0,8,8.0,8,7.0,8,6.0,9.0,8.0,7.0,7.0,8
211542,8.0,9.0,8,8.0,8,10.0,8.0,8,10.0,10.0,8.0,8,9.0,7.0,7,7.0,8.0,7,7,10.0,9.0,10.0,8,9.0,8,10.0,8,8.0,9.0,9.0,8.0,8.0,8
211471,7,7,8,7,8,7.0,8.0,8,9.0,8,6,8,7,7.0,7,7.0,7.0,7,7,8,9.0,9.0,8,9,8,7,8,7.0,8,6.0,7,7,8
211184,7,7,8,7,8,9.0,8.0,8,9.0,8,6,8,7,8.0,7,8.0,7.0,7,7,8,9.0,9.0,8,9,8,7,8,8.0,8,7.0,7,7,8
211957,7.0,6.0,8,5.0,8,7.0,6.0,8,6.0,7.0,4.0,8,5.0,6.0,7,6.0,6.0,7,7,6.0,7.0,6.0,8,8.0,8,6.0,8,7.0,7.0,6.0,5.0,5.0,8
213118,7.0,8.0,7.0,8.0,9.0,9.0,9.0,7.0,8.0,8.0,7.0,8.0,8.0,9.0,9.0,9.0,8.0,8.0,8.0,8.0,8.0,8.0,8.0,10.0,9.0,10.0,8.0,7.0,9.0,10.0,8.0,8.0,10.0
213176,6.0,6.0,8,6.0,8,7.0,5.0,8,7.0,6.0,6.0,8,6.0,5.0,7,5.0,6.0,7,6.0,7.0,8.0,7.0,7.0,7.0,8,7.0,8,7.0,7.0,7.0,7.0,7.0,6.0
212737,6.0,6.0,8,6.0,8,7.0,7.0,8,6.0,6.0,4.0,8,3.0,6.0,7,6.0,8.0,7,6.0,8,6.0,6.0,8,7.0,8,5.0,8,5.0,7.0,6.0,7,7,8
211306,7,7,8,7,8,8.0,7.0,8,9.0,8,6,8,7,8.0,7,8.0,7.0,7,7,8,8.0,9.0,8,9,8,7,8,8.0,8,8.0,7,7,8
210961,7,7,8,7,8,8.0,8.0,8,6.0,8,6,8,7,7.0,7,7.0,9.0,7,7,8,7.0,6.0,8,9,8,7,8,6.0,8,5.0,7,7,8
211296,7,7,8,7,8,8.0,8.0,8,9.0,8,6,8,7,8.0,7,8.0,8.0,7,7,8,7.0,9.0,8,9,8,7,8,8.0,8,6.0,7,7,8
210858,7,7,8,7,8,8.0,9.0,8,7.0,8,6,8,7,8.0,7,8.0,9.0,7,7,8,8.0,7.0,8,9,8,7,8,7.0,8,8.0,7,7,8
212631,8.0,8.0,7.0,9.0,8.0,9.0,8.0,9.0,7.0,6.0,6.0,7.0,5.0,8.0,7.0,8.0,10.0,8.0,8.0,6.0,8.0,7.0,7.0,10.0,8.0,7.0,7.0,7.0,9.0,7.0,6.0,6.0,10.0
212116,6.0,7.0,8,7.0,8,7.0,7.0,8,7.0,7.0,7.0,8,7.0,7.0,7,7.0,7.0,7,7,7.0,8.0,7.0,8,9.0,8,8.0,8,7.0,7.0,7.0,7.0,7.0,8
212300,8.0,8.0,8,9.0,8,9.0,8.0,8,10.0,9.0,7.0,8,10.0,8.0,7,8.0,6.0,7,7,10.0,10.0,10.0,8,10.0,8,10.0,8,9.0,9.0,10.0,9.0,9.0,8
213265,8.0,8.0,7.0,6.0,7.0,8.0,8.0,9.0,8.0,9.0,7.0,7.0,7.0,6.0,5.0,6.0,8.0,7.0,7.0,9.0,8.0,8.0,7.0,10.0,8.0,8.0,7.0,8.0,7.0,8.0,7.0,7.0,7.0
210983,7,7,8,7,8,9.0,8.0,8,9.0,8,6,8,7,8.0,7,8.0,7.0,7,7,8,10.0,9.0,8,9,8,7,8,8.0,8,9.0,7,7,8
211705,6.0,6.0,8,7.0,8,6.0,8.0,8,6.0,7.0,5.0,8,5.0,8.0,7,8.0,6.0,7,7,7.0,6.0,6.0,8,9.0,8,7.0,8,6.0,7.0,6.0,4.0,4.0,8
210174,7,7,8,7,8,7.0,5.0,8,8.0,8,6,8,7,6.0,7,6.0,4.0,7,7,8,8.0,8.0,8,9,8,7,8,6.0,8,6.0,7,7,8
211947,7.0,9.0,8,7.0,8,8.0,8.0,8,6.0,9.0,6.0,8,6.0,8.0,7,8.0,9.0,7,7,8.0,7.0,6.0,8,9.0,8,7.0,8,7.0,9.0,7.0,5.0,5.0,8
210483,7,7,8,7,8,7.0,9.0,8,8.0,8,6,8,7,8.0,7,8.0,7.0,7,7,8,8.0,8.0,8,9,8,7,8,6.0,8,8.0,7,7,8
211236,7,7,8,7,8,7.0,6.0,8,8.0,8,6,8,7,5.0,7,5.0,5.0,7,7,8,8.0,8.0,8,9,8,7,8,6.0,8,5.0,7,7,8
210950,7,7,8,7,8,7.0,7.0,8,8.0,8,6,8,7,7.0,7,7.0,7,7,7,8,9.0,8.0,8,9,8,7,8,7.0,8,9.0,7,7,8
210500,7,7,8,7,8,8.0,8.0,8,9.0,8,6,8,7,9.0,7,9.0,7.0,7,7,8,7.0,9.0,8,9,8,7,8,7.0,8,8.0,7,7,8
210542,7,7,8,7,8,7.0,5.0,8,7.0,8,6,8,7,5.0,7,5.0,6.0,7,7,8,6.0,7.0,8,9,8,7,8,6.0,8,6.0,7,7,8
210250,7,7,8,7,8,7.0,7.0,8,8.0,8,6,8,7,6.0,7,6.0,6.0,7,7,8,8.0,8.0,8,9,8,7,8,7.0,8,8.0,7,7,8
212086,7.0,7.0,8,9.0,8,8.0,8.0,8,8.0,8.0,6.0,8,6.0,7.0,7,7.0,9.0,7,7,7.0,9.0,8.0,8,9.0,8,8.0,8,8.0,9.0,8.0,7.0,7.0,8
212814,6.0,7.0,5.0,6.0,5.0,6.0,7.0,7.0,7.0,8.0,4.0,7.0,6.0,6.0,4.0,6.0,7.0,6.0,7.0,7.0,6.0,7.0,8.0,9.0,7.0,6.0,6.0,6.0,7.0,6.0,6.0,6.0,8
212104,6.0,6.0,8,7.0,8,7.0,6.0,8,8.0,7.0,6.0,8,7.0,6.0,7,6.0,7.0,7,7,8.0,7.0,8.0,8,9.0,8,7.0,8,8.0,8.0,6.0,7.0,7.0,8
213246,6.0,7.0,7.0,9.0,9.0,7.0,8.0,7.0,8.0,7.0,6.0,7.0,7.0,8.0,8.0,8.0,7.0,8.0,8.0,8.0,7.0,8.0,8.0,9.0,7.0,8.0,7.0,7.0,9.0,8.0,7.0,7.0,9.0
212021,8.0,10.0,8,9.0,8,9.0,9.0,8,9.0,9.0,7.0,8,8.0,9.0,7,9.0,9.0,7,7,10.0,9.0,9.0,8,10.0,8,8.0,8,8.0,9.0,8.0,7.0,7.0,8
212689,9.0,9.0,8.0,7.0,9.0,9.0,7.0,10.0,10.0,9.0,8.0,10.0,8.0,8.0,7.0,8.0,7.0,9.0,8.0,8.0,9.0,10.0,9.0,10.0,8.0,8.0,10.0,9.0,9.0,8.0,8.0,8.0,8.0
212254,7.0,7.0,8,7.0,8,6.0,6.0,8,7.0,7.0,6.0,8,6.0,7.0,7,7.0,6.0,7,7,7.0,7.0,7.0,8,8.0,8,7.0,8,7.0,7.0,7.0,7.0,7.0,8
211382,7,7,8,7,8,7.0,6.0,8,6.0,8,6,8,7,6.0,7,6.0,6.0,7,7,8,6.0,6.0,8,9,8,7,8,5.0,8,5.0,7,7,8
211780,6.0,8.0,8,6.0,8,7.0,7.0,8,6.0,6.0,5.0,8,4.0,6.0,7,6.0,6.0,7,7,5.0,6.0,6.0,8,8.0,8,5.0,8,6.0,6.0,6.0,5.0,5.0,8
213213,9.0,8.0,10.0,8.0,10.0,8.0,8.0,10.0,9.0,9.0,8.0,9.0,7.0,9.0,8.0,9.0,9.0,9.0,7.0,8.0,9.0,9.0,8.0,10.0,10.0,8.0,10.0,9.0,8.0,9.0,7.0,7.0,10.0
213040,6.0,7.0,7.0,7.0,6.0,8.0,6.0,6.0,7.0,7.0,7.0,7.0,8.0,6.0,4.0,6.0,6.0,5.0,8.0,7.0,8.0,7.0,8.0,8.0,6.0,9.0,5.0,7.0,8.0,7.0,8.0,8.0,6.0
212724,8.0,8.0,8.0,8.0,9.0,9.0,8.0,10.0,10.0,10.0,9.0,9.0,10.0,7.0,7.0,7.0,6.0,8.0,9.0,10.0,9.0,10.0,10.0,10.0,9.0,10.0,9.0,9.0,9.0,9.0,8.0,8.0,8.0
213183,7.0,6.0,8.0,8.0,8.0,8.0,7.0,8.0,7.0,6.0,6.0,7.0,6.0,8.0,7.0,8.0,8.0,7.0,7.0,6.0,7.0,7.0,6.0,8.0,8.0,5.0,7.0,7.0,8.0,8.0,7.0,7.0,8.0
210372,7,7,8,7,8,7.0,7.0,8,7.0,8,6,8,7,9.0,7,9.0,8.0,7,7,8,7.0,7.0,8,9,8,7,8,7.0,8,8.0,7,7,8
210914,7,7,8,7,8,8.0,7.0,8,9.0,8,6,8,7,5.0,7,5.0,5.0,7,7,8,8.0,9.0,8,9,8,7,8,8.0,8,7.0,7,7,8
210040,7,7,8,7,8,7.0,7.0,8,9.0,8,6,8,7,7.0,7,7.0,7.0,7,7,8,8.0,9.0,8,9,8,7,8,9.0,8,8.0,7,7,8
210801,7,7,8,7,8,7.0,5.0,8,7.0,8,6,8,7,7.0,7,7.0,5.0,7,7,8,7.0,7.0,8,9,8,7,8,6.0,8,7.0,7,7,8
210179,7,7,8,7,8,8.0,7.0,8,9.0,8,6,8,7,7.0,7,7.0,6.0,7,7,8,9.0,9.0,8,9,8,7,8,8.0,8,8.0,7,7,8
211445,7,7,8,7,8,8.0,8.0,8,10.0,8,6,8,7,9.0,7,9.0,7.0,7,7,8,10.0,10.0,8,9,8,7,8,9.0,8,9.0,7,7,8
212918,8.0,8.0,8.0,8.0,9.0,10.0,9.0,9.0,8.0,9.0,7.0,8.0,7.0,9.0,8.0,9.0,9.0,9.0,8.0,8.0,8.0,8.0,8.0,9.0,9.0,8.0,9.0,8.0,9.0,8.0,7.0,7.0,9.0
212866,7.0,7.0,8.0,8.0,6.0,8.0,8.0,7.0,7.0,7.0,6.0,6.0,6.0,7.0,5.0,7.0,8.0,7.0,7.0,7.0,7.0,7.0,7.0,8.0,7.0,6.0,7.0,7.0,8.0,7.0,6.0,6.0,7.0
212931,6.0,6.0,8.0,7.0,8.0,6.0,7.0,8.0,6.0,7.0,6.0,7.0,6.0,8.0,7,8.0,6.0,7.0,6.0,7.0,7.0,6.0,6.0,8.0,7.0,6.0,7.0,7.0,7.0,8.0,6.0,6.0,7.0
211349,7,7,8,7,8,7.0,5.0,8,9.0,8,6,8,7,6.0,7,6.0,6.0,7,7,8,8.0,9.0,8,9,8,7,8,8.0,8,7.0,7,7,8
212504,7.0,6.0,8,7.0,8,7.0,8.0,8,9.0,7.0,7.0,8,7.0,7.0,7,7.0,6.0,7,7,8.0,9.0,9.0,8,8.0,8,7.0,8,7.0,7.0,8.0,8.0,8.0,8
210878,7,7,8,7,8,7.0,6.0,8,7.0,8,6,8,7,5.0,7,5.0,6.0,7,7,8,7.0,7.0,8,9,8,7,8,6.0,8,6.0,7,7,8
212862,7.0,8.0,8.0,9.0,7.0,8.0,7.0,8.0,8.0,8.0,6.0,7.0,7.0,8.0,7.0,8.0,9.0,8.0,9.0,8.0,8.0,8.0,8.0,9.0,9.0,7.0,7.0,8.0,10.0,8.0,8.0,8.0,9.0
212398,6.0,6.0,8,7.0,8,7.0,6.0,8,8.0,8.0,5.0,8,7.0,6.0,7,6.0,6.0,7,7,8.0,7.0,8.0,8,8.0,8,8.0,8,6.0,7.0,7.0,6.0,6.0,8
212905,7.0,6.0,9.0,7.0,9.0,7.0,6.0,9.0,9.0,7.0,6.0,8.0,8.0,6.0,6.0,6.0,6.0,7.0,7.0,8.0,10.0,9.0,8.0,8.0,6.0,8.0,8.0,8.0,8.0,8.0,7.0,7.0,7.0
211151,7,7,8,7,8,8.0,7.0,8,7.0,8,6,8,7,6.0,7,6.0,8.0,7,7,8,7.0,7.0,8,9,8,7,8,7.0,8,6.0,7,7,8
211691,8.0,9.0,8,8.0,8,9.0,9.0,8,8.0,8.0,6.0,8,5.0,9.0,7,9.0,10.0,7,7,8.0,8.0,8.0,8,10.0,8,7.0,8,8.0,9.0,9.0,7.0,7.0,8
211444,7,7,8,7,8,8.0,7.0,8,7.0,8,6,8,7,8.0,7,8.0,8.0,7,7,8,8.0,7.0,8,9,8,7,8,6.0,8,8.0,7,7,8
211813,7.0,8.0,8,7.0,8,7.0,8.0,8,8.0,9.0,6.0,8,8.0,6.0,7,6.0,8.0,7,7,9.0,8.0,8.0,8,9.0,8,9.0,8,8.0,8.0,7.0,8.0,8.0,8
212088,6.0,6.0,8,6.0,8,6.0,7.0,8,6.0,6.0,5.0,8,6.0,7.0,7,7.0,6.0,7,7,6.0,7.0,6.0,8,8.0,8,7.0,8,7.0,7.0,7.0,7.0,7.0,8
211588,7.0,8.0,8,7.0,8,7.0,6.0,8,8.0,8.0,5.0,8,6.0,6.0,7,6.0,6.0,7,7,8.0,7.0,8.0,8,9.0,8,8.0,8,6.0,6.0,6.0,6.0,6.0,8
212153,7.0,7.0,8,7.0,8,8.0,8.0,8,9.0,8.0,7.0,8,7.0,9.0,7,9.0,8.0,7,7,9.0,10.0,9.0,8,10.0,8,9.0,8,8.0,9.0,10.0,9.0,9.0,8
211768,7.0,9.0,8,6.0,8,7.0,7.0,8,7.0,9.0,5.0,8,6.0,6.0,7,6.0,7.0,7,7,8.0,6.0,7.0,8,10.0,8,8.0,8,7.0,7.0,6.0,5.0,5.0,8
210554,7,7,8,7,8,6.0,6.0,8,8.0,8,6,8,7,5.0,7,5.0,5.0,7,7,8,7.0,8.0,8,9,8,7,8,6.0,8,7.0,7,7,8
212484,6.0,7.0,8,6.0,8,7.0,6.0,8,6.0,8.0,5.0,8,6.0,7.0,7,7.0,6.0,7,7,8.0,6.0,6.0,8,8.0,8,7.0,8,7.0,7.0,6.0,6.0,6.0,8
211400,7,7,8,7,8,8.0,7.0,8,8.0,8,6,8,7,5.0,7,5.0,7.0,7,7,8,7.0,8.0,8,9,8,7,8,8.0,8,7.0,7,7,8
211857,8.0,10.0,8,8.0,8,8.0,8.0,8,9.0,10.0,7.0,8,9.0,8.0,7,8.0,8.0,7,7,10.0,9.0,9.0,8,10.0,8,9.0,8,9.0,9.0,8.0,8.0,8.0,8
213031,6.0,8.0,8.0,7.0,6.0,8.0,7.0,9.0,8.0,8.0,6.0,7.0,6.0,7.0,6.0,7.0,7.0,8.0,7.0,7.0,7.0,8.0,8.0,10.0,8.0,6.0,7.0,7.0,8.0,7.0,6.0,6.0,7.0
210229,7,7,8,7,8,8.0,8.0,8,7.0,8,6,8,7,8.0,7,8.0,8.0,7,7,8,8.0,7.0,8,9,8,7,8,8.0,8,7.0,7,7,8
211205,7,7,8,7,8,7.0,7.0,8,9.0,8,6,8,7,8.0,7,8.0,6.0,7,7,8,10.0,9.0,8,9,8,7,8,8.0,8,8.0,7,7,8
211558,7.0,9.0,8,9.0,8,9.0,9.0,8,9.0,9.0,6.0,8,8.0,9.0,7,9.0,8.0,7,7,9.0,8.0,9.0,8,9.0,8,9.0,8,7.0,10.0,8.0,7.0,7.0,8
210707,7,7,8,7,8,8.0,7.0,8,9.0,8,6,8,7,7.0,7,7.0,8.0,7,7,8,9.0,9.0,8,9,8,7,8,8.0,8,8.0,7,7,8
210167,7,7,8,7,8,7.0,8.0,8,6.0,8,6,8,7,7.0,7,7.0,8.0,7,7,8,7.0,6.0,8,9,8,7,8,6.0,8,7.0,7,7,8
211354,7,7,8,7,8,8.0,7.0,8,7.0,8,6,8,7,7.0,7,7.0,8.0,7,7,8,7.0,7.0,8,9,8,7,8,7.0,8,7.0,7,7,8
213167,8.0,10.0,8.0,8.0,8.0,9.0,9.0,10.0,9.0,10.0,7.0,9.0,7.0,9.0,6.0,9.0,9.0,9.0,8.0,9.0,7.0,9.0,10.0,10.0,10.0,9.0,8.0,8.0,9.0,8.0,7.0,7.0,8.0
210760,7,7,8,7,8,8.0,7.0,8,7.0,8,6,8,7,6.0,7,6.0,7.0,7,7,8,7.0,7.0,8,9,8,7,8,7.0,8,7.0,7,7,8
210577,7,7,8,7,8,6.0,6.0,8,7.0,8,6,8,7,8.0,7,8.0,7.0,7,7,8,7.0,7.0,8,9,8,7,8,5.0,8,7.0,7,7,8
211405,7,7,8,7,8,8.0,7.0,8,9.0,8,6,8,7,8.0,7,8.0,8.0,7,7,8,8.0,9.0,8,9,8,7,8,6.0,8,7.0,7,7,8
211912,9.0,10.0,8,8.0,8,9.0,8.0,8,9.0,9.0,6.0,8,8.0,8.0,7,8.0,8.0,7,7,8.0,9.0,9.0,8,10.0,8,8.0,8,9.0,8.0,9.0,7.0,7.0,8
210160,7,7,8,7,8,7.0,5.0,8,10.0,8,6,8,7,5.0,7,5.0,5.0,7,7,8,8.0,10.0,8,9,8,7,8,7.0,8,7.0,7,7,8
212988,8.0,8.0,9.0,8.0,8.0,8.0,8.0,9.0,8.0,8.0,7.0,8.0,7.0,9.0,8.0,9.0,8.0,9.0,8.0,8.0,8.0,8.0,7.0,10.0,10.0,7.0,8.0,8.0,10.0,8.0,7.0,7.0,9.0
210380,7,7,8,7,8,6.0,6.0,8,7.0,8,6,8,7,7.0,7,7.0,5.0,7,7,8,8.0,7.0,8,9,8,7,8,7.0,8,8.0,7,7,8
211878,8.0,8.0,8,7.0,8,10.0,8.0,8,9.0,9.0,6.0,8,8.0,7.0,7,7.0,10.0,7,7,10.0,8.0,9.0,8,10.0,8,9.0,8,8.0,8.0,7.0,7.0,7.0,8
212700,7.0,6.0,8,6.0,8,7.0,6.0,8,8.0,7.0,6.0,8,6.0,6.0,7,6.0,5.0,7,6.0,8.0,8.0,8.0,7.0,8.0,8,7.0,8,7.0,6.0,6.0,6.0,6.0,6.0
212402,8.0,9.0,8,8.0,8,9.0,9.0,8,10.0,10.0,7.0,8,9.0,7.0,7,7.0,7.0,7,7,10.0,10.0,10.0,8,10.0,8,10.0,8,9.0,9.0,8.0,8.0,8.0,8
213233,5.0,6.0,8,6.0,8,7.0,7.0,8,6.0,7.0,5.0,8,5.0,7.0,7,7.0,9.0,7,6.0,8,6.0,6.0,8,8.0,8,6.0,8,5.0,7.0,7.0,7,7,8
212610,8.0,9.0,8.0,8.0,7.0,10.0,8.0,9.0,9.0,10.0,7.0,9.0,7.0,8.0,5.0,8.0,8.0,8.0,8.0,9.0,9.0,9.0,10.0,10.0,10.0,8.0,7.0,8.0,9.0,7.0,6.0,6.0,7.0
210039,7,7,8,7,8,6.0,7.0,8,7.0,8,6,8,7,5.0,7,5.0,5.0,7,7,8,6.0,7.0,8,9,8,7,8,7.0,8,7,7,7,8
212351,7.0,6.0,8,7.0,8,7.0,6.0,8,8.0,6.0,7.0,8,7.0,7.0,7,7.0,6.0,7,7,9.0,9.0,8.0,8,8.0,8,8.0,8,8.0,7.0,9.0,8.0,8.0,8
213305,8.0,7.0,9.0,8.0,9.0,8.0,8.0,10.0,9.0,8.0,6.0,8.0,7.0,9.0,8.0,9.0,8.0,9.0,8.0,8.0,9.0,9.0,7.0,10.0,8.0,7.0,8.0,8.0,9.0,10.0,7.0,7.0,9.0
211008,7,7,8,7,8,7.0,6.0,8,6.0,8,6,8,7,6.0,7,6.0,6.0,7,7,8,6.0,6.0,8,9,8,7,8,5.0,8,6.0,7,7,8
212229,8.0,9.0,8,9.0,8,9.0,9.0,8,8.0,9.0,7.0,8,8.0,9.0,7,9.0,9.0,7,7,9.0,9.0,8.0,8,10.0,8,8.0,8,9.0,9.0,8.0,7.0,7.0,8
211158,7,7,8,7,8,9.0,10.0,8,8.0,8,6,8,7,9.0,7,9.0,10.0,7,7,8,7.0,8.0,8,9,8,7,8,8.0,8,9.0,7,7,8
213051,7.0,7.0,8,6.0,8,6.0,6.0,8,8.0,7.0,6.0,8,6.0,6.0,7,6.0,5.0,7,6.0,7.0,8.0,8.0,7.0,7.0,8,6.0,8,7.0,7.0,6.0,6.0,6.0,4.0
211724,6.0,8.0,8,8.0,8,8.0,7.0,8,7.0,8.0,7.0,8,6.0,8.0,7,8.0,8.0,7,7,8.0,7.0,7.0,8,9.0,8,7.0,8,8.0,9.0,7.0,5.0,5.0,8
212149,6.0,7.0,8,6.0,8,7.0,6.0,8,8.0,6.0,5.0,8,5.0,6.0,7,6.0,6.0,7,7,6.0,9.0,8.0,8,8.0,8,6.0,8,6.0,7.0,7.0,7.0,7.0,8
212768,6.0,6.0,7.0,6.0,8.0,6.0,7.0,8.0,8.0,6.0,6.0,7.0,6.0,6.0,7.0,6.0,6.0,7.0,6.0,7.0,8.0,8.0,7.0,8.0,8.0,6.0,7.0,6.0,7.0,7.0,6.0,6.0,7.0
212864,8.0,9.0,9.0,8.0,8.0,8.0,8.0,9.0,9.0,9.0,7.0,9.0,7.0,7.0,6.0,7.0,7.0,9.0,8.0,9.0,9.0,9.0,9.0,10.0,9.0,8.0,9.0,9.0,8.0,7.0,8.0,8.0,8.0
212141,8.0,7.0,8,8.0,8,8.0,7.0,8,9.0,7.0,8.0,8,7.0,9.0,7,9.0,8.0,7,7,7.0,9.0,9.0,8,8.0,8,7.0,8,7.0,9.0,8.0,8.0,8.0,8
210173,7,7,8,7,8,8.0,9.0,8,8.0,8,6,8,7,8.0,7,8.0,9.0,7,7,8,8.0,8.0,8,9,8,7,8,9.0,8,9.0,7,7,8
211764,6.0,7.0,8,8.0,8,8.0,8.0,8,8.0,6.0,5.0,8,6.0,9.0,7,9.0,8.0,7,7,7.0,8.0,8.0,8,9.0,8,6.0,8,6.0,9.0,8.0,6.0,6.0,8
212970,5.0,6.0,8,7.0,8,6.0,6.0,8,8.0,7.0,6.0,8,6.0,6.0,7,6.0,7.0,7,7.0,7.0,8.0,8.0,7.0,7.0,8,7.0,8,6.0,8.0,7.0,7.0,7.0,6.0
213037,6.0,7.0,7.0,7.0,8.0,8.0,8.0,7.0,8.0,7.0,7.0,8.0,6.0,7.0,6.0,7.0,6.0,7.0,7.0,7.0,7.0,8.0,8.0,9.0,7.0,8.0,6.0,7.0,8.0,8.0,7.0,7.0,7.0
212380,8.0,8.0,8,9.0,8,9.0,9.0,8,10.0,9.0,8.0,8,8.0,8.0,7,8.0,8.0,7,7,10.0,10.0,10.0,8,9.0,8,10.0,8,9.0,8.0,9.0,8.0,8.0,8
213247,6.0,7.0,8.0,7.0,9.0,7.0,6.0,9.0,10.0,8.0,7.0,9.0,8.0,7.0,7.0,7.0,6.0,5.0,8.0,9.0,9.0,10.0,9.0,8.0,7.0,10.0,8.0,7.0,7.0,8.0,8.0,8.0,8.0
210789,7,7,8,7,8,7.0,6.0,8,7.0,8,6,8,7,6.0,7,6.0,5.0,7,7,8,7.0,7.0,8,9,8,7,8,7.0,8,6.0,7,7,8
210356,7,7,8,7,8,7.0,7.0,8,7.0,8,6,8,7,8.0,7,8.0,6.0,7,7,8,6.0,7.0,8,9,8,7,8,6.0,8,6.0,7,7,8
213206,6.0,5.0,8,6.0,8,6.0,6.0,8,7.0,5.0,5.0,8,5.0,7.0,7,7.0,6.0,7,7.0,8,7.0,7.0,8,6.0,8,4.0,8,5.0,7.0,7.0,7,7,8
211610,7.0,7.0,8,7.0,8,9.0,7.0,8,9.0,9.0,6.0,8,8.0,6.0,7,6.0,6.0,7,7,8.0,7.0,9.0,8,9.0,8,9.0,8,8.0,8.0,7.0,7.0,7.0,8
213012,6.0,6.0,8,5.0,8,6.0,6.0,8,9.0,7.0,6.0,8,7.0,6.0,7,6.0,4.0,7,7.0,7.0,8.0,9.0,7.0,7.0,8,7.0,8,6.0,6.0,8.0,7.0,7.0,7.0
210599,7,7,8,7,8,8.0,6.0,8,9.0,8,6,8,7,8.0,7,8.0,7.0,7,7,8,8.0,9.0,8,9,8,7,8,6.0,8,8.0,7,7,8
210392,7,7,8,7,8,6.0,5.0,8,9.0,8,6,8,7,6.0,7,6.0,5.0,7,7,8,9.0,9.0,8,9,8,7,8,8.0,8,7.0,7,7,8
212761,6.0,6.0,5.0,6.0,6.0,7.0,7.0,7.0,6.0,6.0,6.0,6.0,4.0,6.0,6.0,6.0,7.0,5.0,6.0,6.0,6.0,6.0,6.0,8.0,5.0,6.0,5.0,6.0,7.0,7.0,6.0,6.0,6.0
212028,7.0,8.0,8,7.0,8,8.0,8.0,8,6.0,7.0,6.0,8,5.0,7.0,7,7.0,9.0,7,7,7.0,7.0,6.0,8,9.0,8,6.0,8,8.0,9.0,7.0,6.0,6.0,8
210687,7,7,8,7,8,7.0,7.0,8,8.0,8,6,8,7,7.0,7,7.0,7.0,7,7,8,8.0,8.0,8,9,8,7,8,7.0,8,8.0,7,7,8
211946,4.0,5.0,8,7.0,8,7.0,6.0,8,7.0,6.0,6.0,8,7.0,7.0,7,7.0,7.0,7,7,8.0,6.0,7.0,8,8.0,8,8.0,8,6.0,8.0,8.0,7.0,7.0,8
211997,6.0,5.0,8,7.0,8,6.0,6.0,8,8.0,5.0,6.0,8,6.0,6.0,7,6.0,5.0,7,7,7.0,8.0,8.0,8,7.0,8,6.0,8,7.0,6.0,8.0,7.0,7.0,8
210555,7,7,8,7,8,6.0,6.0,8,6.0,8,6,8,7,6.0,7,6.0,5.0,7,7,8,8.0,6.0,8,9,8,7,8,6.0,8,6.0,7,7,8
213140,8.0,9.0,7.0,9.0,8.0,9.0,9.0,10.0,8.0,10.0,8.0,10.0,9.0,9.0,7.0,9.0,8.0,9.0,8.0,10.0,8.0,8.0,9.0,10.0,9.0,9.0,8.0,9.0,9.0,8.0,6.0,6.0,8.0
210023,7,7,8,7,8,7.0,6.0,8,8.0,8,6,8,7,5.0,7,5.0,5.0,7,7,8,7.0,8.0,8,9,8,7,8,6.0,8,6.0,7,7,8
213278,8.0,8.0,9.0,8.0,9.0,9.0,9.0,9.0,9.0,9.0,7.0,10.0,9.0,8.0,8.0,8.0,8.0,9.0,8.0,9.0,10.0,9.0,9.0,10.0,9.0,9.0,9.0,8.0,7.0,9.0,8.0,8.0,8.0
212933,7.0,9.0,8.0,8.0,8.0,9.0,8.0,9.0,10.0,10.0,8.0,9.0,9.0,8.0,6.0,8.0,8.0,8.0,8.0,9.0,8.0,10.0,9.0,10.0,8.0,10.0,9.0,8.0,10.0,9.0,8.0,8.0,9.0
212126,8.0,9.0,8,7.0,8,8.0,8.0,8,7.0,8.0,5.0,8,6.0,6.0,7,6.0,9.0,7,7,9.0,7.0,7.0,8,10.0,8,7.0,8,7.0,8.0,6.0,5.0,5.0,8
213287,5.0,6.0,8,6.0,8,7.0,6.0,8,7.0,7.0,6.0,8,6.0,6.0,7,6.0,6.0,7,7.0,8.0,6.0,7.0,8.0,7.0,8,8.0,8,7.0,7.0,7.0,7.0,7.0,7.0
211888,5.0,6.0,8,7.0,8,6.0,6.0,8,7.0,7.0,6.0,8,6.0,6.0,7,6.0,6.0,7,7,7.0,7.0,7.0,8,6.0,8,8.0,8,6.0,9.0,7.0,5.0,5.0,8
213034,8.0,8.0,8.0,8.0,10.0,10.0,7.0,9.0,9.0,8.0,8.0,9.0,8.0,9.0,8.0,9.0,8.0,8.0,9.0,8.0,10.0,9.0,9.0,9.0,8.0,9.0,9.0,8.0,9.0,9.0,8.0,8.0,8.0
211381,7,7,8,7,8,6.0,4.0,8,8.0,8,6,8,7,6.0,7,6.0,4.0,7,7,8,8.0,8.0,8,9,8,7,8,6.0,8,7.0,7,7,8
210283,7,7,8,7,8,7.0,6.0,8,8.0,8,6,8,7,8.0,7,8.0,8.0,7,7,8,9.0,8.0,8,9,8,7,8,6.0,8,9.0,7,7,8
210316,7,7,8,7,8,7.0,7.0,8,6.0,8,6,8,7,8.0,7,8.0,7.0,7,7,8,6.0,6.0,8,9,8,7,8,6.0,8,8.0,7,7,8
213069,7.0,7.0,8.0,7.0,7.0,7.0,6.0,7.0,9.0,7.0,7.0,7.0,7.0,6.0,6.0,6.0,7.0,6.0,8.0,8.0,9.0,9.0,8.0,8.0,6.0,7.0,5.0,7.0,7.0,7.0,7.0,7.0,6.0
212483,8.0,10.0,8,9.0,8,10.0,9.0,8,9.0,10.0,7.0,8,8.0,8.0,7,8.0,9.0,7,7,9.0,8.0,9.0,8,10.0,8,9.0,8,9.0,9.0,8.0,8.0,8.0,8
212167,7.0,7.0,8,8.0,8,7.0,8.0,8,8.0,8.0,5.0,8,6.0,9.0,7,9.0,8.0,7,7,6.0,7.0,8.0,8,9.0,8,6.0,8,7.0,7.0,8.0,5.0,5.0,8
211921,6.0,7.0,8,7.0,8,8.0,7.0,8,7.0,5.0,6.0,8,5.0,7.0,7,7.0,7.0,7,7,6.0,8.0,7.0,8,8.0,8,6.0,8,7.0,9.0,7.0,7.0,7.0,8
210026,7,7,8,7,8,8.0,8.0,8,8.0,8,6,8,7,8.0,7,8.0,7.0,7,7,8,7.0,8.0,8,9,8,7,8,8.0,8,7.0,7,7,8
211515,7,7,8,7,8,8.0,7.0,8,8.0,8,6,8,7,7.0,7,7.0,7.0,7,7,8,7.0,8.0,8,9,8,7,8,7.0,8,7.0,7,7,8
210394,7,7,8,7,8,7.0,7.0,8,6.0,8,6,8,7,6.0,7,6.0,7.0,7,7,8,7.0,6.0,8,9,8,7,8,5.0,8,6.0,7,7,8
210875,7,7,8,7,8,9.0,9.0,8,9.0,8,6,8,7,8.0,7,8.0,8.0,7,7,8,8.0,9.0,8,9,8,7,8,7.0,8,8.0,7,7,8
210176,7,7,8,7,8,8.0,8.0,8,9.0,8,6,8,7,8.0,7,8.0,8.0,7,7,8,8.0,9.0,8,9,8,7,8,8.0,8,9.0,7,7,8
211546,7.0,7.0,8,6.0,8,7.0,7.0,8,8.0,6.0,7.0,8,5.0,8.0,7,8.0,8.0,7,7,7.0,8.0,8.0,8,9.0,8,6.0,8,6.0,8.0,8.0,7.0,7.0,8
212813,6.0,6.0,8,7.0,8,6.0,7.0,8,6.0,7.0,5.0,8,4.0,7.0,7,7.0,7.0,7,6.0,8,6.0,6.0,8,8.0,8,4.0,8,5.0,7.0,6.0,7,7,8
211923,6.0,7.0,8,8.0,8,6.0,7.0,8,6.0,7.0,4.0,8,6.0,7.0,7,7.0,7.0,7,7,6.0,6.0,6.0,8,9.0,8,6.0,8,6.0,8.0,7.0,5.0,5.0,8
210262,7,7,8,7,8,7.0,8.0,8,6.0,8,6,8,7,7.0,7,7.0,8.0,7,7,8,8.0,6.0,8,9,8,7,8,6.0,8,6.0,7,7,8
213062,7.0,6.0,7.0,6.0,7.0,7.0,6.0,10.0,7.0,7.0,5.0,7.0,7.0,6.0,6.0,6.0,6.0,7.0,6.0,7.0,8.0,7.0,6.0,9.0,8.0,7.0,8.0,8.0,6.0,6.0,6.0,6.0,8
212071,6.0,5.0,8,6.0,8,7.0,5.0,8,8.0,6.0,5.0,8,6.0,6.0,7,6.0,5.0,7,7,6.0,8.0,8.0,8,7.0,8,7.0,8,6.0,5.0,7.0,7.0,7.0,8
211597,6.0,6.0,8,6.0,8,6.0,7.0,8,6.0,6.0,5.0,8,4.0,7.0,7,7.0,7.0,7,7,6.0,6.0,6.0,8,7.0,8,4.0,8,6.0,6.0,6.0,5.0,5.0,8
211089,7,7,8,7,8,9.0,7.0,8,9.0,8,6,8,7,7.0,7,7.0,8.0,7,7,8,9.0,9.0,8,9,8,7,8,8.0,8,7.0,7,7,8
212359,6.0,8.0,8,9.0,8,10.0,9.0,8,8.0,8.0,8.0,8,7.0,9.0,7,9.0,10.0,7,7,9.0,9.0,8.0,8,9.0,8,8.0,8,8.0,10.0,9.0,7.0,7.0,8
211961,6.0,6.0,8,7.0,8,7.0,6.0,8,7.0,6.0,6.0,8,5.0,7.0,7,7.0,7.0,7,7,7.0,9.0,7.0,8,8.0,8,5.0,8,6.0,9.0,8.0,7.0,7.0,8
211769,6.0,7.0,8,8.0,8,8.0,7.0,8,9.0,6.0,7.0,8,5.0,8.0,7,8.0,8.0,7,7,6.0,10.0,9.0,8,10.0,8,6.0,8,7.0,9.0,9.0,9.0,9.0,8
211346,7,7,8,7,8,9.0,9.0,8,9.0,8,6,8,7,8.0,7,8.0,8.0,7,7,8,8.0,9.0,8,9,8,7,8,9.0,8,8.0,7,7,8
210419,7,7,8,7,8,7.0,6.0,8,5.0,8,6,8,7,6.0,7,6.0,6.0,7,7,8,7.0,5.0,8,9,8,7,8,6.0,8,7.0,7,7,8
211976,6.0,8.0,8,8.0,8,7.0,8.0,8,7.0,8.0,5.0,8,5.0,8.0,7,8.0,8.0,7,7,7.0,5.0,7.0,8,9.0,8,6.0,8,6.0,7.0,7.0,5.0,5.0,8
211388,7,7,8,7,8,6.0,8.0,8,6.0,8,6,8,7,7.0,7,7.0,6.0,7,7,8,7.0,6.0,8,9,8,7,8,6.0,8,6.0,7,7,8
213208,7.0,7.0,8.0,7.0,9.0,7.0,7.0,9.0,8.0,7.0,6.0,8.0,7.0,8.0,7.0,8.0,7.0,8.0,7.0,7.0,9.0,8.0,7.0,9.0,7.0,7.0,8.0,7.0,8.0,9.0,6.0,6.0,9.0
210920,7,7,8,7,8,9.0,7.0,8,8.0,8,6,8,7,6.0,7,6.0,6.0,7,7,8,8.0,8.0,8,9,8,7,8,8.0,8,7.0,7,7,8
211218,7,7,8,7,8,8.0,9.0,8,8.0,8,6,8,7,9.0,7,9.0,7,7,7,8,9.0,8.0,8,9,8,7,8,7.0,8,9.0,7,7,8
210082,7,7,8,7,8,9.0,8.0,8,7.0,8,6,8,7,8.0,7,8.0,7.0,7,7,8,7.0,7.0,8,9,8,7,8,8.0,8,7.0,7,7,8
210565,7,7,8,7,8,8.0,7.0,8,9.0,8,6,8,7,7.0,7,7.0,7.0,7,7,8,9.0,9.0,8,9,8,7,8,9.0,8,8.0,7,7,8
213132,6.0,6.0,8,7.0,6.0,6.0,7.0,8.0,6.0,5.0,5.0,4.0,4.0,8.0,6.0,8.0,6.0,7.0,5.0,5.0,6.0,6.0,4.0,9.0,6.0,5.0,6.0,6.0,7.0,6.0,6.0,6.0,8
212428,6.0,6.0,8,6.0,8,6.0,6.0,8,6.0,5.0,5.0,8,4.0,7.0,7,7.0,6.0,7,7,4.0,7.0,6.0,8,7.0,8,5.0,8,6.0,7.0,7.0,5.0,5.0,8
212362,6.0,6.0,8,5.0,8,6.0,4.0,8,8.0,7.0,5.0,8,6.0,6.0,7,6.0,5.0,7,7,7.0,7.0,8.0,8,8.0,8,5.0,8,8.0,6.0,7.0,7.0,7.0,8
213282,6.0,6.0,6.0,6.0,6.0,6.0,6.0,7.0,6.0,6.0,5.0,6.0,5.0,6.0,7.0,6.0,7.0,6.0,6.0,7.0,7.0,6.0,6.0,7.0,6.0,6.0,6.0,6.0,7.0,6.0,6.0,6.0,8
211123,7,7,8,7,8,8.0,8.0,8,9.0,8,6,8,7,9.0,7,9.0,9.0,7,7,8,9.0,9.0,8,9,8,7,8,8.0,8,9.0,7,7,8
212572,6.0,6.0,7.0,8.0,8.0,7.0,8.0,8.0,6.0,7.0,6.0,7.0,6.0,8.0,9.0,8.0,8.0,7,7.0,7.0,7.0,6.0,6.0,8.0,7.0,7.0,9.0,7.0,8.0,8.0,7.0,7.0,9.0
210794,7,7,8,7,8,7.0,7.0,8,8.0,8,6,8,7,7.0,7,7.0,6.0,7,7,8,9.0,8.0,8,9,8,7,8,8.0,8,9.0,7,7,8
210525,7,7,8,7,8,6.0,6.0,8,5.0,8,6,8,7,8.0,7,8.0,6.0,7,7,8,6.0,5.0,8,9,8,7,8,6.0,8,7.0,7,7,8
212262,7.0,7.0,8,6.0,8,8.0,6.0,8,9.0,7.0,7.0,8,7.0,6.0,7,6.0,6.0,7,7,8.0,8.0,9.0,8,8.0,8,8.0,8,7.0,7.0,7.0,7.0,7.0,8
212322,7.0,7.0,8,6.0,8,8.0,7.0,8,7.0,8.0,5.0,8,7.0,6.0,7,6.0,6.0,7,7,7.0,6.0,7.0,8,8.0,8,7.0,8,6.0,7.0,6.0,5.0,5.0,8
212049,6.0,7.0,8,7.0,8,7.0,7.0,8,8.0,8.0,7.0,8,7.0,7.0,7,7.0,7.0,7,7,8.0,8.0,8.0,8,9.0,8,8.0,8,7.0,8.0,7.0,7.0,7.0,8
210279,7,7,8,7,8,8.0,8.0,8,8.0,8,6,8,7,7.0,7,7.0,8.0,7,7,8,8.0,8.0,8,9,8,7,8,7.0,8,7.0,7,7,8
211111,7,7,8,7,8,6.0,8.0,8,6.0,8,6,8,7,7.0,7,7.0,7.0,7,7,8,6.0,6.0,8,9,8,7,8,6.0,8,5.0,7,7,8
210655,7,7,8,7,8,7.0,5.0,8,9.0,8,6,8,7,6.0,7,6.0,5.0,7,7,8,8.0,9.0,8,9,8,7,8,8.0,8,8.0,7,7,8
211728,6.0,5.0,8,6.0,8,6.0,6.0,8,7.0,6.0,6.0,8,6.0,8.0,7,8.0,6.0,7,7,7.0,9.0,7.0,8,8.0,8,7.0,8,7.0,6.0,8.0,7.0,7.0,8
213011,8.0,9.0,9.0,7.0,8.0,9.0,7.0,7.0,9.0,7.0,7.0,8.0,7.0,7.0,6.0,7.0,8.0,7.0,10.0,9.0,9.0,9.0,9.0,9.0,7.0,10.0,7.0,8.0,9.0,7.0,8.0,8.0,7.0
210625,7,7,8,7,8,8.0,8.0,8,9.0,8,6,8,7,8.0,7,8.0,9.0,7,7,8,8.0,9.0,8,9,8,7,8,8.0,8,8.0,7,7,8
213308,6.0,7.0,5.0,7.0,7.0,9.0,7.0,7.0,7.0,7.0,6.0,7.0,7.0,7.0,6.0,7.0,8.0,7.0,7.0,8.0,6.0,7.0,8.0,8.0,7.0,7.0,6.0,7.0,8.0,7.0,6.0,6.0,8.0
211695,8.0,9.0,8,9.0,8,9.0,8.0,8,8.0,10.0,6.0,8,7.0,8.0,7,8.0,8.0,7,7,9.0,8.0,8.0,8,10.0,8,8.0,8,8.0,9.0,7.0,6.0,6.0,8
211940,8.0,7.0,8,7.0,8,8.0,8.0,8,9.0,8.0,7.0,8,8.0,8.0,7,8.0,8.0,7,7,8.0,9.0,9.0,8,9.0,8,8.0,8,8.0,9.0,9.0,7.0,7.0,8
210541,7,7,8,7,8,7.0,7.0,8,8.0,8,6,8,7,6.0,7,6.0,6.0,7,7,8,7.0,8.0,8,9,8,7,8,7.0,8,6.0,7,7,8
212536,8.0,7.0,8.0,8.0,7.0,8.0,8.0,8.0,8.0,6.0,8.0,7.0,7.0,9.0,8.0,9.0,8.0,8.0,8.0,7.0,9.0,8.0,8.0,8.0,7.0,7.0,7.0,7.0,9.0,8.0,7.0,7.0,9.0
211948,7.0,7.0,8,7.0,8,7.0,7.0,8,8.0,9.0,7.0,8,7.0,7.0,7,7.0,7.0,7,7,9.0,9.0,8.0,8,10.0,8,9.0,8,7.0,8.0,9.0,7.0,7.0,8
212972,5.0,6.0,8,7.0,8,7.0,7.0,8,6.0,6.0,5.0,8,6.0,7.0,7,7.0,7.0,7,6.0,6.0,7.0,6.0,6.0,7.0,8,6.0,8,6.0,6.0,7.0,6.0,6.0,8
211585,5.0,7.0,8,7.0,8,8.0,7.0,8,7.0,6.0,6.0,8,6.0,7.0,7,7.0,8.0,7,7,7.0,7.0,7.0,8,8.0,8,7.0,8,6.0,8.0,7.0,7.0,7.0,8
212677,7.0,8.0,6.0,7.0,7.0,8.0,8.0,8.0,7.0,8.0,6.0,8.0,6.0,6.0,5.0,6.0,9.0,7.0,7.0,8.0,6.0,7.0,7.0,9.0,7.0,7.0,7.0,7.0,8.0,6.0,6.0,6.0,8.0
213220,6.0,6.0,8,6.0,7.0,6.0,6.0,8.0,6.0,5.0,5.0,6.0,6.0,8.0,6.0,8.0,6.0,6.0,6.0,6.0,8.0,6.0,4.0,7.0,6.0,5.0,6.0,6.0,7.0,7.0,6.0,6.0,8
211115,7,7,8,7,8,8.0,6.0,8,8.0,8,6,8,7,6.0,7,6.0,6.0,7,7,8,8.0,8.0,8,9,8,7,8,8.0,8,8.0,7,7,8
210482,7,7,8,7,8,8.0,6.0,8,7.0,8,6,8,7,7.0,7,7.0,7.0,7,7,8,8.0,7.0,8,9,8,7,8,7.0,8,8.0,7,7,8
211469,7,7,8,7,8,5.0,6.0,8,7.0,8,6,8,7,6.0,7,6.0,6.0,7,7,8,7.0,7.0,8,9,8,7,8,7,8,6.0,7,7,8
212092,6.0,6.0,8,7.0,8,7.0,7.0,8,6.0,6.0,4.0,8,5.0,9.0,7,9.0,7.0,7,7,6.0,6.0,6.0,8,9.0,8,6.0,8,6.0,8.0,7.0,5.0,5.0,8
211658,6.0,6.0,8,7.0,8,7.0,7.0,8,7.0,6.0,5.0,8,5.0,7.0,7,7.0,8.0,7,7,6.0,7.0,7.0,8,9.0,8,6.0,8,6.0,8.0,8.0,7.0,7.0,8
212145,7.0,7.0,8,6.0,8,7.0,7.0,8,7.0,8.0,5.0,8,6.0,6.0,7,6.0,7.0,7,7,8.0,6.0,7.0,8,9.0,8,7.0,8,7.0,6.0,7.0,6.0,6.0,8
210501,7,7,8,7,8,9.0,10.0,8,9.0,8,6,8,7,9.0,7,9.0,9.0,7,7,8,9.0,9.0,8,9,8,7,8,9.0,8,9.0,7,7,8
210823,7,7,8,7,8,9.0,9.0,8,9.0,8,6,8,7,8.0,7,8.0,10.0,7,7,8,7.0,9.0,8,9,8,7,8,8.0,8,8.0,7,7,8
211095,7,7,8,7,8,7.0,7.0,8,6.0,8,6,8,7,7.0,7,7.0,7.0,7,7,8,5.0,6.0,8,9,8,7,8,6.0,8,6.0,7,7,8
212061,7.0,6.0,8,6.0,8,7.0,7.0,8,7.0,7.0,5.0,8,7.0,6.0,7,6.0,6.0,7,7,7.0,7.0,7.0,8,8.0,8,6.0,8,6.0,6.0,7.0,7.0,7.0,8
211890,8.0,8.0,8,9.0,8,9.0,9.0,8,9.0,9.0,6.0,8,7.0,9.0,7,9.0,9.0,7,7,7.0,9.0,9.0,8,10.0,8,9.0,8,8.0,9.0,9.0,7.0,7.0,8
210740,7,7,8,7,8,6.0,6.0,8,6.0,8,6,8,7,6.0,7,6.0,6.0,7,7,8,5.0,6.0,8,9,8,7,8,6.0,8,6.0,7,7,8
212027,8.0,8.0,8,6.0,8,8.0,7.0,8,7.0,7.0,5.0,8,7.0,6.0,7,6.0,8.0,7,7,8.0,7.0,7.0,8,9.0,8,7.0,8,7.0,9.0,6.0,6.0,6.0,8
212423,6.0,6.0,8,6.0,8,7.0,6.0,8,7.0,5.0,7.0,8,5.0,7.0,7,7.0,7.0,7,7,7.0,8.0,7.0,8,8.0,8,5.0,8,7.0,8.0,8.0,6.0,6.0,8
211796,6.0,6.0,8,6.0,8,8.0,6.0,8,7.0,6.0,6.0,8,8.0,6.0,7,6.0,6.0,7,7,9.0,8.0,7.0,8,8.0,8,7.0,8,6.0,8.0,9.0,6.0,6.0,8
211816,6.0,7.0,8,9.0,8,9.0,8.0,8,9.0,9.0,8.0,8,9.0,9.0,7,9.0,9.0,7,7,9.0,8.0,9.0,8,9.0,8,9.0,8,8.0,10.0,9.0,8.0,8.0,8
211656,7.0,7.0,8,8.0,8,8.0,8.0,8,8.0,8.0,5.0,8,8.0,9.0,7,9.0,7.0,7,7,9.0,7.0,8.0,8,10.0,8,6.0,8,8.0,8.0,7.0,7.0,7.0,8
211091,7,7,8,7,8,8.0,7.0,8,8.0,8,6,8,7,7.0,7,7.0,6.0,7,7,8,6.0,8.0,8,9,8,7,8,6.0,8,7.0,7,7,8
213047,6.0,6.0,7.0,6.0,5.0,7.0,6.0,7.0,7.0,6.0,6.0,6.0,5.0,6.0,4.0,6.0,6.0,6.0,6.0,7.0,7.0,7.0,6.0,8.0,6.0,6.0,6.0,6.0,7.0,6.0,6.0,6.0,6.0
211364,7,7,8,7,8,7.0,6.0,8,7.0,8,6,8,7,6.0,7,6.0,7.0,7,7,8,6.0,7.0,8,9,8,7,8,7.0,8,5.0,7,7,8
210922,7,7,8,7,8,8.0,8.0,8,9.0,8,6,8,7,7.0,7,7.0,7.0,7,7,8,10.0,9.0,8,9,8,7,8,8.0,8,9.0,7,7,8
210455,7,7,8,7,8,7.0,4.0,8,8.0,8,6,8,7,6.0,7,6.0,4.0,7,7,8,8.0,8.0,8,9,8,7,8,7.0,8,6.0,7,7,8
212612,7.0,7.0,6.0,6.0,6.0,6.0,6.0,6.0,7.0,7.0,6.0,6.0,5.0,6.0,3.0,6.0,7.0,7.0,6.0,7.0,6.0,7.0,7.0,8.0,6.0,6.0,5.0,6.0,6.0,6.0,6.0,6.0,6.0
212871,8.0,8.0,8.0,7.0,8.0,7.0,9.0,10.0,8.0,9.0,7.0,8.0,6.0,8.0,6.0,8.0,7.0,8.0,6.0,8.0,7.0,8.0,7.0,10.0,7.0,6.0,8.0,7.0,7.0,8.0,6.0,6.0,8.0
211103,7,7,8,7,8,8.0,7.0,8,8.0,8,6,8,7,8.0,7,8.0,7.0,7,7,8,8.0,8.0,8,9,8,7,8,8.0,8,9.0,7,7,8
210224,7,7,8,7,8,5.0,6.0,8,7.0,8,6,8,7,7.0,7,7.0,7.0,7,7,8,6.0,7.0,8,9,8,7,8,7,8,7.0,7,7,8
212924,6.0,6.0,6.0,6.0,6.0,7.0,7.0,7.0,6.0,6.0,4.0,6.0,6.0,6.0,6.0,6.0,7.0,6.0,6.0,6.0,8.0,6.0,6.0,8.0,6.0,6.0,7.0,6.0,8.0,7.0,6.0,6.0,8
210942,7,7,8,7,8,8.0,5.0,8,8.0,8,6,8,7,6.0,7,6.0,6.0,7,7,8,8.0,8.0,8,9,8,7,8,6.0,8,8.0,7,7,8
213294,10.0,10.0,8.0,10.0,8.0,9.0,9.0,10.0,9.0,10.0,7.0,10.0,8.0,7.0,6.0,7.0,9.0,9.0,8.0,10.0,8.0,9.0,10.0,10.0,10.0,10.0,10.0,9.0,9.0,8.0,7.0,7.0,8.0
212110,7.0,7.0,8,6.0,8,7.0,8.0,8,8.0,9.0,6.0,8,7.0,7.0,7,7.0,7.0,7,7,8.0,8.0,8.0,8,9.0,8,7.0,8,8.0,7.0,8.0,5.0,5.0,8
212415,6.0,7.0,8,6.0,8,8.0,6.0,8,7.0,8.0,6.0,8,4.0,6.0,7,6.0,7.0,7,7,6.0,6.0,7.0,8,8.0,8,7.0,8,6.0,7.0,6.0,6.0,6.0,8
210570,7,7,8,7,8,8.0,7.0,8,7.0,8,6,8,7,8.0,7,8.0,7.0,7,7,8,8.0,7.0,8,9,8,7,8,7.0,8,8.0,7,7,8
211233,7,7,8,7,8,7.0,6.0,8,7.0,8,6,8,7,9.0,7,9.0,7.0,7,7,8,9.0,7.0,8,9,8,7,8,6.0,8,9.0,7,7,8
212703,6.0,6.0,7.0,8.0,8.0,7.0,6.0,8.0,10.0,8.0,6.0,9.0,9.0,7.0,6.0,7.0,6.0,7.0,8.0,10.0,9.0,10.0,9.0,7.0,7.0,10.0,8.0,7.0,8.0,9.0,7.0,7.0,7.0
211070,7,7,8,7,8,8.0,9.0,8,8.0,8,6,8,7,7.0,7,7.0,7.0,7,7,8,7.0,8.0,8,9,8,7,8,7.0,8,6.0,7,7,8
212210,5.0,6.0,8,7.0,8,7.0,6.0,8,7.0,6.0,6.0,8,7.0,8.0,7,8.0,6.0,7,7,8.0,8.0,7.0,8,8.0,8,7.0,8,7.0,7.0,8.0,6.0,6.0,8
210418,7,7,8,7,8,7.0,6.0,8,7.0,8,6,8,7,8.0,7,8.0,7.0,7,7,8,7.0,7.0,8,9,8,7,8,5.0,8,7.0,7,7,8
211377,7,7,8,7,8,7.0,6.0,8,7,8,6,8,7,6.0,7,6.0,7.0,7,7,8,6.0,7,8,9,8,7,8,6.0,8,7.0,7,7,8
212607,7.0,7.0,7.0,6.0,7.0,7.0,6.0,8.0,7.0,8.0,5.0,8.0,6.0,6.0,5.0,6.0,6.0,7.0,6.0,7.0,7.0,7.0,7.0,8.0,7.0,6.0,7.0,6.0,7.0,6.0,6.0,6.0,8
211211,7,7,8,7,8,6.0,5.0,8,7.0,8,6,8,7,6.0,7,6.0,7.0,7,7,8,7.0,7.0,8,9,8,7,8,7.0,8,6.0,7,7,8
210109,7,7,8,7,8,7.0,6.0,8,7.0,8,6,8,7,6.0,7,6.0,5.0,7,7,8,7.0,7.0,8,9,8,7,8,6.0,8,5.0,7,7,8
213269,6.0,6.0,8,7.0,8,7.0,7.0,8,6.0,6.0,5.0,8,4.0,6.0,7,6.0,7.0,7,6.0,8,6.0,6.0,8,9.0,8,6.0,8,5.0,8.0,6.0,7,7,8
211853,5.0,7.0,8,5.0,8,6.0,7.0,8,8.0,9.0,5.0,8,7.0,6.0,7,6.0,6.0,7,7,9.0,7.0,8.0,8,8.0,8,8.0,8,7.0,7.0,6.0,5.0,5.0,8
212896,6.0,6.0,7.0,7.0,8.0,8.0,7.0,7.0,8.0,6.0,6.0,7.0,7.0,9.0,8.0,9.0,6.0,7.0,7.0,7.0,7.0,8.0,7.0,8.0,7.0,7.0,7.0,6.0,8.0,8.0,7.0,7.0,9.0
211647,6.0,7.0,8,7.0,8,7.0,7.0,8,9.0,9.0,6.0,8,7.0,8.0,7,8.0,6.0,7,7,8.0,8.0,9.0,8,9.0,8,8.0,8,8.0,8.0,8.0,6.0,6.0,8
210236,7,7,8,7,8,8.0,6.0,8,7.0,8,6,8,7,7.0,7,7.0,7.0,7,7,8,8.0,7.0,8,9,8,7,8,7.0,8,7.0,7,7,8
211361,7,7,8,7,8,8.0,8.0,8,10.0,8,6,8,7,8.0,7,8.0,7.0,7,7,8,9.0,10.0,8,9,8,7,8,9.0,8,8.0,7,7,8
211850,6.0,6.0,8,6.0,8,6.0,6.0,8,6.0,6.0,5.0,8,4.0,9.0,7,9.0,7.0,7,7,8,6.0,6.0,8,9.0,8,5.0,8,5.0,7.0,8.0,7,7,8
210926,7,7,8,7,8,7.0,6.0,8,7.0,8,6,8,7,7.0,7,7.0,6.0,7,7,8,7.0,7.0,8,9,8,7,8,5.0,8,7.0,7,7,8
210673,7,7,8,7,8,7.0,6.0,8,6.0,8,6,8,7,6.0,7,6.0,6.0,7,7,8,6.0,6.0,8,9,8,7,8,5.0,8,7.0,7,7,8
211026,7,7,8,7,8,9.0,8.0,8,9.0,8,6,8,7,7.0,7,7.0,9.0,7,7,8,8.0,9.0,8,9,8,7,8,8.0,8,7.0,7,7,8
210863,7,7,8,7,8,7.0,7.0,8,8.0,8,6,8,7,8.0,7,8.0,8.0,7,7,8,7.0,8.0,8,9,8,7,8,6.0,8,7.0,7,7,8
213045,7.0,7.0,8.0,7.0,7.0,8.0,7.0,8.0,8.0,8.0,7.0,8.0,7.0,7.0,6.0,7.0,7.0,6.0,7.0,8.0,7.0,8.0,8.0,8.0,6.0,8.0,6.0,7.0,7.0,7.0,7.0,7.0,8.0
212808,7.0,6.0,6.0,6.0,7.0,7.0,7.0,7.0,7.0,6.0,7.0,6.0,5.0,7.0,8.0,7.0,8.0,7.0,7.0,7.0,8.0,7.0,6.0,8.0,6.0,6.0,7.0,7.0,8.0,7.0,6.0,6.0,8.0
213128,6.0,7.0,6.0,6.0,7.0,7.0,6.0,7.0,8.0,7.0,6.0,7.0,6.0,6.0,6.0,6.0,6.0,5.0,6.0,7.0,7.0,8.0,6.0,7.0,6.0,7.0,7.0,6.0,7.0,8.0,6.0,6.0,6.0
210664,7,7,8,7,8,8.0,8.0,8,8.0,8,6,8,7,9.0,7,9.0,7.0,7,7,8,8.0,8.0,8,9,8,7,8,7.0,8,8.0,7,7,8
210034,7,7,8,7,8,8.0,7.0,8,8.0,8,6,8,7,5.0,7,5.0,7.0,7,7,8,8.0,8.0,8,9,8,7,8,7.0,8,8.0,7,7,8
212576,6.0,6.0,6.0,7.0,7.0,6.0,6.0,7.0,6.0,6.0,6.0,6.0,4.0,6.0,6.0,6.0,7.0,7.0,7.0,5.0,7.0,6.0,6.0,6.0,6.0,5.0,6.0,6.0,7.0,6.0,6.0,6.0,7.0
210150,7,7,8,7,8,7.0,8.0,8,8.0,8,6,8,7,7.0,7,7.0,7.0,7,7,8,8.0,8.0,8,9,8,7,8,7.0,8,8.0,7,7,8
210076,7,7,8,7,8,9.0,9.0,8,8.0,8,6,8,7,10.0,7,10.0,9.0,7,7,8,9.0,8.0,8,9,8,7,8,7.0,8,9.0,7,7,8
210689,7,7,8,7,8,9.0,8.0,8,9.0,8,6,8,7,8.0,7,8.0,8.0,7,7,8,9.0,9.0,8,9,8,7,8,9.0,8,7.0,7,7,8
210226,7,7,8,7,8,8.0,7.0,8,8.0,8,6,8,7,7.0,7,7.0,7.0,7,7,8,8.0,8.0,8,9,8,7,8,6.0,8,9.0,7,7,8
210966,7,7,8,7,8,7.0,7.0,8,6.0,8,6,8,7,7.0,7,7.0,7.0,7,7,8,6.0,6.0,8,9,8,7,8,6.0,8,6.0,7,7,8
210334,7,7,8,7,8,8.0,7.0,8,8.0,8,6,8,7,7.0,7,7.0,7.0,7,7,8,7.0,8.0,8,9,8,7,8,8.0,8,6.0,7,7,8
211505,7,7,8,7,8,8.0,9.0,8,8.0,8,6,8,7,9.0,7,9.0,8.0,7,7,8,9.0,8.0,8,9,8,7,8,9.0,8,9.0,7,7,8
212292,8.0,9.0,8,7.0,8,9.0,10.0,8,9.0,9.0,5.0,8,7.0,9.0,7,9.0,9.0,7,7,9.0,8.0,9.0,8,10.0,8,8.0,8,9.0,10.0,8.0,8.0,8.0,8
210913,7,7,8,7,8,8.0,6.0,8,7.0,8,6,8,7,7.0,7,7.0,7.0,7,7,8,8.0,7.0,8,9,8,7,8,6.0,8,8.0,7,7,8
211495,7,7,8,7,8,6.0,6.0,8,6.0,8,6,8,7,8.0,7,8.0,6.0,7,7,8,6.0,6.0,8,9,8,7,8,6.0,8,7.0,7,7,8
211700,6.0,6.0,8,7.0,8,7.0,7.0,8,7.0,7.0,5.0,8,4.0,7.0,7,7.0,6.0,7,7,6.0,6.0,7.0,8,7.0,8,7.0,8,6.0,7.0,7.0,5.0,5.0,8
213242,6.0,7.0,8.0,6.0,6.0,7.0,6.0,8.0,7.0,7.0,6.0,6.0,6.0,6.0,5.0,6.0,6.0,7.0,5.0,6.0,7.0,7.0,7.0,9.0,7.0,5.0,7.0,6.0,6.0,6.0,6.0,6.0,6.0
211484,7,7,8,7,8,6.0,6.0,8,7,8,6,8,7,6.0,7,6.0,5.0,7,7,8,8.0,7,8,9,8,7,8,7.0,8,6.0,7,7,8
211220,7,7,8,7,8,10.0,8.0,8,10.0,8,6,8,7,9.0,7,9.0,7.0,7,7,8,9.0,10.0,8,9,8,7,8,9.0,8,9.0,7,7,8
213314,7.0,8.0,8.0,8.0,7.0,8.0,8.0,8.0,9.0,10.0,6.0,9.0,8.0,7.0,5.0,7.0,7.0,7.0,8.0,9.0,8.0,9.0,10.0,9.0,10.0,10.0,8.0,8.0,9.0,7.0,6.0,6.0,8.0
213010,5.0,6.0,8,7.0,8,7.0,6.0,8,6.0,6.0,5.0,8,4.0,6.0,7,6.0,6.0,7,6.0,6.0,7.0,6.0,6.0,8.0,8,6.0,8,6.0,7.0,6.0,6.0,6.0,8
211538,6.0,6.0,8,6.0,8,6.0,6.0,8,6.0,5.0,5.0,8,4.0,6.0,7,6.0,6.0,7,7,6.0,7.0,6.0,8,8.0,8,6.0,8,6.0,6.0,7.0,6.0,6.0,8
211345,7,7,8,7,8,9.0,8.0,8,8.0,8,6,8,7,8.0,7,8.0,9.0,7,7,8,9.0,8.0,8,9,8,7,8,9.0,8,9.0,7,7,8
212508,6.0,7.0,8,8.0,8,8.0,8.0,8,7.0,9.0,6.0,8,7.0,8.0,7,8.0,8.0,7,7,8.0,7.0,7.0,8,9.0,8,9.0,8,7.0,9.0,8.0,6.0,6.0,8
210223,7,7,8,7,8,9.0,8.0,8,10.0,8,6,8,7,8.0,7,8.0,7.0,7,7,8,9.0,10.0,8,9,8,7,8,8.0,8,8.0,7,7,8
211053,7,7,8,7,8,8.0,10.0,8,7.0,8,6,8,7,8.0,7,8.0,10.0,7,7,8,6.0,7.0,8,9,8,7,8,8.0,8,7.0,7,7,8
212048,6.0,8.0,8,7.0,8,8.0,8.0,8,7.0,8.0,6.0,8,7.0,7.0,7,7.0,8.0,7,7,8.0,7.0,7.0,8,9.0,8,8.0,8,7.0,9.0,7.0,7.0,7.0,8
213145,7.0,7.0,7.0,9.0,8.0,9.0,8.0,7.0,7.0,8.0,7.0,8.0,9.0,8.0,7.0,8.0,8.0,9.0,8.0,9.0,9.0,7.0,9.0,9.0,7.0,8.0,6.0,8.0,10.0,9.0,8.0,8.0,10.0
211529,6.0,7.0,8,6.0,8,6.0,7.0,8,6.0,5.0,4.0,8,4.0,7.0,7,7.0,7.0,7,7,4.0,6.0,6.0,8,7.0,8,4.0,8,6.0,7.0,6.0,6.0,6.0,8
212845,6.0,8.0,7.0,7.0,7.0,9.0,6.0,6.0,9.0,8.0,6.0,8.0,8.0,6.0,4.0,6.0,6.0,6.0,8.0,9.0,9.0,9.0,9.0,9.0,6.0,8.0,6.0,7.0,8.0,7.0,8.0,8.0,6.0
212596,7.0,6.0,9.0,7.0,9.0,8.0,6.0,9.0,9.0,7.0,6.0,7.0,7.0,6.0,5.0,6.0,6.0,6.0,7.0,8.0,9.0,9.0,8.0,8.0,6.0,7.0,7.0,8.0,7.0,8.0,8.0,8.0,6.0
210695,7,7,8,7,8,7.0,7.0,8,6.0,8,6,8,7,7.0,7,7.0,6.0,7,7,8,8.0,6.0,8,9,8,7,8,6.0,8,7.0,7,7,8
212818,6.0,6.0,6.0,8.0,7.0,8.0,8.0,7.0,6.0,7.0,6.0,8.0,6.0,8.0,7.0,8.0,8.0,7.0,7.0,7.0,6.0,6.0,8.0,10.0,8.0,8.0,6.0,7.0,8.0,8.0,6.0,6.0,9.0
213263,8.0,10.0,9.0,9.0,7.0,10.0,8.0,10.0,9.0,10.0,7.0,9.0,8.0,8.0,6.0,8.0,7.0,8.0,9.0,10.0,8.0,9.0,10.0,10.0,10.0,10.0,7.0,9.0,8.0,8.0,7.0,7.0,8.0
212315,6.0,6.0,8,8.0,8,8.0,6.0,8,8.0,7.0,6.0,8,7.0,7.0,7,7.0,6.0,7,7,8.0,8.0,8.0,8,9.0,8,6.0,8,6.0,8.0,7.0,8.0,8.0,8
210843,7,7,8,7,8,7.0,7.0,8,8.0,8,6,8,7,8.0,7,8.0,5.0,7,7,8,7.0,8.0,8,9,8,7,8,6.0,8,7.0,7,7,8
212733,6.0,6.0,8,7.0,8.0,8.0,6.0,7.0,7.0,5.0,7.0,6.0,7.0,7.0,9.0,7.0,7.0,7.0,8.0,6.0,8.0,7.0,6.0,7.0,6.0,7.0,6.0,6.0,7.0,8.0,7.0,7.0,8.0
210211,7,7,8,7,8,10.0,9.0,8,8.0,8,6,8,7,8.0,7,8.0,8.0,7,7,8,9.0,8.0,8,9,8,7,8,8.0,8,8.0,7,7,8
212386,7.0,7.0,8,5.0,8,7.0,6.0,8,6.0,8.0,5.0,8,4.0,6.0,7,6.0,6.0,7,7,6.0,7.0,6.0,8,8.0,8,6.0,8,7.0,7.0,5.0,6.0,6.0,8
212451,8.0,6.0,8,7.0,8,7.0,8.0,8,8.0,8.0,6.0,8,6.0,8.0,7,8.0,8.0,7,7,7.0,8.0,8.0,8,9.0,8,6.0,8,7.0,8.0,8.0,7.0,7.0,8
211396,7,7,8,7,8,7.0,6.0,8,7.0,8,6,8,7,6.0,7,6.0,6.0,7,7,8,6.0,7.0,8,9,8,7,8,6.0,8,5.0,7,7,8
210818,7,7,8,7,8,7.0,8.0,8,7.0,8,6,8,7,7.0,7,7.0,8.0,7,7,8,7.0,7.0,8,9,8,7,8,7.0,8,8.0,7,7,8
212661,6.0,6.0,7.0,7.0,9.0,7.0,7.0,8.0,8.0,6.0,6.0,6.0,6.0,8.0,8.0,8.0,7.0,8.0,6.0,6.0,7.0,8.0,6.0,7.0,6.0,6.0,8.0,6.0,8.0,9.0,6.0,6.0,9.0
212745,6.0,6.0,8.0,6.0,7.0,7.0,6.0,8.0,8.0,7.0,5.0,7.0,6.0,7.0,5.0,7.0,6.0,7.0,6.0,7.0,7.0,8.0,7.0,8.0,7.0,7.0,7.0,7.0,7.0,7.0,6.0,6.0,8
212372,8.0,9.0,8,7.0,8,9.0,8.0,8,8.0,8.0,7.0,8,6.0,8.0,7,8.0,8.0,7,7,8.0,8.0,8.0,8,9.0,8,7.0,8,8.0,10.0,9.0,6.0,6.0,8
210958,7,7,8,7,8,6.0,6.0,8,6.0,8,6,8,7,6.0,7,6.0,6.0,7,7,8,6.0,6.0,8,9,8,7,8,6.0,8,6.0,7,7,8
211021,7,7,8,7,8,7.0,6.0,8,9.0,8,6,8,7,6.0,7,6.0,6.0,7,7,8,8.0,9.0,8,9,8,7,8,8.0,8,7.0,7,7,8
211290,7,7,8,7,8,9.0,7.0,8,8.0,8,6,8,7,8.0,7,8.0,7.0,7,7,8,9.0,8.0,8,9,8,7,8,8.0,8,9.0,7,7,8
212411,9.0,9.0,8,8.0,8,8.0,9.0,8,10.0,8.0,7.0,8,8.0,8.0,7,8.0,7.0,7,7,9.0,10.0,10.0,8,10.0,8,8.0,8,9.0,7.0,9.0,8.0,8.0,8
211246,7,7,8,7,8,8.0,8.0,8,7.0,8,6,8,7,7.0,7,7.0,7.0,7,7,8,7.0,7.0,8,9,8,7,8,7.0,8,7.0,7,7,8
213147,7.0,9.0,7.0,7.0,8.0,8.0,8.0,8.0,8.0,9.0,6.0,8.0,6.0,6.0,4.0,6.0,7.0,7.0,8.0,8.0,8.0,8.0,9.0,9.0,8.0,6.0,7.0,7.0,8.0,7.0,7.0,7.0,7.0
212934,7.0,9.0,8.0,9.0,9.0,9.0,8.0,9.0,9.0,10.0,8.0,9.0,9.0,7.0,7.0,7.0,7.0,8.0,9.0,10.0,9.0,9.0,10.0,9.0,8.0,10.0,7.0,9.0,9.0,9.0,9.0,9.0,8.0
212657,6.0,6.0,8,6.0,8,7.0,6.0,8,9.0,8.0,6.0,8,7.0,6.0,7,6.0,4.0,7,7.0,9.0,7.0,9.0,9.0,8.0,8,8.0,8,8.0,8.0,7.0,6.0,6.0,6.0
213026,6.0,8.0,7.0,7.0,7.0,8.0,8.0,8.0,7.0,7.0,6.0,6.0,6.0,9.0,7.0,9.0,9.0,7.0,7.0,7.0,7.0,7.0,7.0,9.0,7.0,7.0,8.0,7.0,8.0,8.0,6.0,6.0,8.0
210852,7,7,8,7,8,6.0,7.0,8,8.0,8,6,8,7,6.0,7,6.0,6.0,7,7,8,7.0,8.0,8,9,8,7,8,6.0,8,8.0,7,7,8
211029,7,7,8,7,8,8.0,8.0,8,7.0,8,6,8,7,7.0,7,7.0,8.0,7,7,8,7.0,7.0,8,9,8,7,8,6.0,8,8.0,7,7,8
213251,7.0,8.0,7.0,8.0,6.0,8.0,7.0,7.0,9.0,8.0,7.0,8.0,7.0,9.0,7.0,9.0,8.0,7.0,8.0,9.0,7.0,9.0,8.0,9.0,8.0,8.0,6.0,8.0,8.0,7.0,7.0,7.0,8.0
212926,7.0,7.0,7.0,7.0,7.0,6.0,8.0,8.0,7.0,7.0,5.0,6.0,5.0,7.0,6.0,7.0,6.0,7.0,6.0,6.0,7.0,7.0,6.0,10.0,8.0,7.0,8.0,7.0,6.0,7.0,6.0,6.0,8
212776,8.0,10.0,8.0,8.0,8.0,9.0,8.0,9.0,9.0,9.0,7.0,9.0,7.0,8.0,8.0,8.0,8.0,7.0,8.0,9.0,9.0,9.0,10.0,9.0,9.0,10.0,9.0,8.0,10.0,7.0,8.0,8.0,9.0
211532,9.0,10.0,8,8.0,8,9.0,9.0,8,9.0,10.0,7.0,8,7.0,8.0,7,8.0,8.0,7,7,10.0,9.0,9.0,8,10.0,8,9.0,8,8.0,9.0,8.0,7.0,7.0,8
210312,7,7,8,7,8,7.0,6.0,8,8.0,8,6,8,7,7.0,7,7.0,7.0,7,7,8,8.0,8.0,8,9,8,7,8,7.0,8,7.0,7,7,8
211629,6.0,7.0,8,6.0,8,6.0,7.0,8,6.0,7.0,5.0,8,4.0,6.0,7,6.0,7.0,7,7,8,5.0,6.0,8,8.0,8,5.0,8,5.0,7.0,5.0,7,7,8
210694,7,7,8,7,8,8.0,6.0,8,8.0,8,6,8,7,7.0,7,7.0,7.0,7,7,8,9.0,8.0,8,9,8,7,8,7.0,8,9.0,7,7,8
212480,8.0,7.0,8,8.0,8,9.0,7.0,8,9.0,7.0,8.0,8,8.0,8.0,7,8.0,7.0,7,7,8.0,10.0,9.0,8,9.0,8,8.0,8,8.0,10.0,10.0,8.0,8.0,8
211180,7,7,8,7,8,8.0,8.0,8,8.0,8,6,8,7,7.0,7,7.0,7.0,7,7,8,8.0,8.0,8,9,8,7,8,6.0,8,8.0,7,7,8
212674,9.0,9.0,9.0,8.0,7.0,9.0,9.0,10.0,9.0,10.0,7.0,7.0,7.0,9.0,7.0,9.0,9.0,8.0,7.0,7.0,8.0,9.0,8.0,10.0,9.0,7.0,9.0,8.0,9.0,8.0,7.0,7.0,9.0
212877,6.0,6.0,7.0,6.0,5.0,7.0,6.0,8.0,6.0,7.0,6.0,6.0,5.0,7.0,4.0,7.0,6.0,7.0,6.0,7.0,7.0,6.0,6.0,8.0,7.0,6.0,7.0,6.0,7.0,6.0,6.0,6.0,7.0
212785,5.0,6.0,8,7.0,8,6.0,6.0,8,8.0,6.0,6.0,8,7.0,6.0,7,6.0,6.0,7,8.0,7.0,6.0,8.0,9.0,7.0,8,8.0,8,6.0,7.0,7.0,7.0,7.0,7.0
213186,6.0,8.0,7.0,6.0,5.0,7.0,7.0,7.0,7.0,7.0,6.0,7.0,6.0,6.0,4.0,6.0,6.0,5.0,6.0,7.0,7.0,7.0,8.0,8.0,6.0,7.0,5.0,7.0,6.0,6.0,6.0,6.0,6.0
210521,7,7,8,7,8,7.0,7.0,8,9.0,8,6,8,7,8.0,7,8.0,6.0,7,7,8,9.0,9.0,8,9,8,7,8,7.0,8,7.0,7,7,8
211333,7,7,8,7,8,8.0,8.0,8,8.0,8,6,8,7,7.0,7,7.0,7.0,7,7,8,7.0,8.0,8,9,8,7,8,7.0,8,8.0,7,7,8
212705,6.0,6.0,6.0,7.0,7.0,7.0,8.0,7.0,8.0,6.0,6.0,7.0,6.0,9.0,7.0,9.0,7.0,8.0,8.0,6.0,8.0,8.0,7.0,8.0,6.0,7.0,7.0,7.0,9.0,8.0,6.0,6.0,9.0
211264,7,7,8,7,8,7.0,7.0,8,8.0,8,6,8,7,9.0,7,9.0,8.0,7,7,8,8.0,8.0,8,9,8,7,8,7.0,8,9.0,7,7,8
210558,7,7,8,7,8,7.0,6.0,8,8.0,8,6,8,7,6.0,7,6.0,5.0,7,7,8,8.0,8.0,8,9,8,7,8,7.0,8,7.0,7,7,8
211358,7,7,8,7,8,7.0,9.0,8,7.0,8,6,8,7,9.0,7,9.0,8.0,7,7,8,8.0,7.0,8,9,8,7,8,6.0,8,7.0,7,7,8
210246,7,7,8,7,8,7.0,7.0,8,5.0,8,6,8,7,6.0,7,6.0,7.0,7,7,8,6.0,5.0,8,9,8,7,8,6.0,8,6.0,7,7,8
212619,7.0,8.0,10.0,8.0,10.0,8.0,8.0,10.0,10.0,9.0,8.0,9.0,9.0,9.0,9.0,9.0,7.0,8.0,7.0,10.0,10.0,10.0,9.0,10.0,9.0,8.0,10.0,9.0,8.0,10.0,8.0,8.0,8.0
213157,9.0,9.0,10.0,8.0,10.0,8.0,8.0,10.0,10.0,9.0,6.0,9.0,8.0,8.0,7.0,8.0,8.0,10.0,8.0,9.0,10.0,10.0,9.0,10.0,9.0,8.0,9.0,9.0,8.0,8.0,7.0,7.0,9.0
212793,7.0,9.0,8.0,8.0,8.0,8.0,8.0,9.0,9.0,10.0,7.0,10.0,9.0,8.0,6.0,8.0,8.0,8.0,9.0,10.0,8.0,9.0,9.0,10.0,9.0,10.0,9.0,9.0,10.0,8.0,9.0,9.0,9.0
212633,7.0,9.0,7.0,8.0,7.0,9.0,7.0,9.0,8.0,10.0,6.0,9.0,7.0,7.0,4.0,7.0,7.0,7.0,7.0,8.0,7.0,8.0,9.0,10.0,8.0,9.0,8.0,7.0,8.0,7.0,7.0,7.0,8.0
211335,7,7,8,7,8,9.0,9.0,8,9.0,8,6,8,7,8.0,7,8.0,8.0,7,7,8,8.0,9.0,8,9,8,7,8,9.0,8,8.0,7,7,8
212676,7.0,7.0,9.0,7.0,9.0,7.0,6.0,9.0,10.0,8.0,7.0,7.0,8.0,7.0,7.0,7.0,6.0,6.0,7.0,8.0,9.0,10.0,8.0,8.0,7.0,9.0,8.0,7.0,8.0,9.0,8.0,8.0,8.0
211314,7,7,8,7,8,7.0,6.0,8,7.0,8,6,8,7,5.0,7,5.0,5.0,7,7,8,7.0,7.0,8,9,8,7,8,7.0,8,6.0,7,7,8
210388,7,7,8,7,8,8.0,8.0,8,9.0,8,6,8,7,8.0,7,8.0,7.0,7,7,8,7.0,9.0,8,9,8,7,8,8.0,8,7.0,7,7,8
211494,7,7,8,7,8,8.0,6.0,8,7.0,8,6,8,7,7.0,7,7.0,6.0,7,7,8,7.0,7.0,8,9,8,7,8,5.0,8,7.0,7,7,8
212672,6.0,8.0,7.0,8.0,9.0,9.0,8.0,7.0,9.0,8.0,7.0,8.0,8.0,8.0,8.0,8.0,8.0,7.0,9.0,9.0,9.0,9.0,9.0,8.0,7.0,10.0,6.0,8.0,10.0,9.0,8.0,8.0,8.0
212802,6.0,6.0,7.0,7.0,8.0,7.0,7.0,9.0,7.0,6.0,6.0,7.0,5.0,8.0,7.0,8.0,7.0,7.0,6.0,7.0,8.0,7.0,6.0,9.0,7.0,6.0,8.0,6.0,6.0,7.0,6.0,6.0,7.0
210712,7,7,8,7,8,7.0,8.0,8,7.0,8,6,8,7,7.0,7,7.0,9.0,7,7,8,7.0,7.0,8,9,8,7,8,6.0,8,7.0,7,7,8
212118,6.0,6.0,8,5.0,8,6.0,4.0,8,8.0,7.0,6.0,8,6.0,5.0,7,5.0,4.0,7,7,7.0,8.0,8.0,8,7.0,8,8.0,8,6.0,5.0,6.0,7.0,7.0,8
212668,8.0,7.0,7.0,8.0,8.0,8.0,8.0,8.0,7.0,7.0,7.0,6.0,6.0,8.0,9.0,8.0,8.0,8.0,8.0,7.0,8.0,7.0,7.0,8.0,8.0,7.0,7.0,7.0,10.0,9.0,8.0,8.0,10.0
210177,7,7,8,7,8,9.0,10.0,8,8.0,8,6,8,7,8.0,7,8.0,8.0,7,7,8,8.0,8.0,8,9,8,7,8,9.0,8,8.0,7,7,8
211171,7,7,8,7,8,9.0,7.0,8,7.0,8,6,8,7,6.0,7,6.0,7.0,7,7,8,8.0,7.0,8,9,8,7,8,7.0,8,6.0,7,7,8
210768,7,7,8,7,8,8.0,8.0,8,7.0,8,6,8,7,7.0,7,7.0,7.0,7,7,8,6.0,7.0,8,9,8,7,8,7.0,8,6.0,7,7,8
211944,7.0,7.0,8,7.0,8,7.0,6.0,8,7.0,7.0,5.0,8,4.0,6.0,7,6.0,7.0,7,7,5.0,6.0,7.0,8,9.0,8,6.0,8,6.0,7.0,5.0,5.0,5.0,8
211082,7,7,8,7,8,9.0,10.0,8,8.0,8,6,8,7,8.0,7,8.0,10.0,7,7,8,7.0,8.0,8,9,8,7,8,7.0,8,8.0,7,7,8
210592,7,7,8,7,8,9.0,9.0,8,8.0,8,6,8,7,8.0,7,8.0,10.0,7,7,8,8.0,8.0,8,9,8,7,8,7.0,8,9.0,7,7,8
212329,6.0,7.0,8,7.0,8,6.0,6.0,8,8.0,7.0,5.0,8,5.0,4.0,7,4.0,5.0,7,7,7.0,7.0,8.0,8,8.0,8,6.0,8,6.0,7.0,6.0,5.0,5.0,8
213226,6.0,6.0,7.0,9.0,8.0,7.0,7.0,7.0,8.0,7.0,6.0,7.0,8.0,8.0,8.0,8.0,7.0,7.0,8.0,8.0,8.0,8.0,8.0,7.0,7.0,9.0,7.0,7.0,7.0,9.0,8.0,8.0,8.0
211064,7,7,8,7,8,8.0,7.0,8,9.0,8,6,8,7,7.0,7,7.0,8.0,7,7,8,9.0,9.0,8,9,8,7,8,8.0,8,7.0,7,7,8
211931,6.0,6.0,8,6.0,8,8.0,6.0,8,8.0,7.0,5.0,8,9.0,6.0,7,6.0,5.0,7,7,9.0,7.0,8.0,8,7.0,8,9.0,8,7.0,7.0,6.0,6.0,6.0,8
213073,7.0,6.0,8.0,8.0,10.0,9.0,8.0,8.0,9.0,7.0,7.0,8.0,7.0,9.0,10.0,9.0,8.0,9.0,9.0,7.0,10.0,9.0,8.0,8.0,6.0,8.0,7.0,7.0,9.0,10.0,9.0,9.0,9.0
212562,8.0,9.0,8.0,8.0,9.0,10.0,8.0,9.0,9.0,10.0,7.0,10.0,8.0,8.0,6.0,8.0,9.0,8.0,8.0,10.0,9.0,9.0,10.0,10.0,9.0,9.0,8.0,9.0,9.0,8.0,8.0,8.0,8.0
211108,7,7,8,7,8,8.0,9.0,8,7.0,8,6,8,7,8.0,7,8.0,8.0,7,7,8,6.0,7.0,8,9,8,7,8,6.0,8,7.0,7,7,8
211127,7,7,8,7,8,8.0,8.0,8,8.0,8,6,8,7,8.0,7,8.0,8.0,7,7,8,9.0,8.0,8,9,8,7,8,6.0,8,9.0,7,7,8
210216,7,7,8,7,8,8.0,7.0,8,8.0,8,6,8,7,7.0,7,7.0,7.0,7,7,8,9.0,8.0,8,9,8,7,8,6.0,8,8.0,7,7,8
211437,7,7,8,7,8,6.0,6.0,8,7.0,8,6,8,7,6.0,7,6.0,7.0,7,7,8,7.0,7.0,8,9,8,7,8,6.0,8,6.0,7,7,8
211279,7,7,8,7,8,7.0,4.0,8,8.0,8,6,8,7,6.0,7,6.0,5.0,7,7,8,7.0,8.0,8,9,8,7,8,6.0,8,7.0,7,7,8
211350,7,7,8,7,8,6.0,7.0,8,8.0,8,6,8,7,8.0,7,8.0,6.0,7,7,8,7.0,8.0,8,9,8,7,8,5.0,8,7.0,7,7,8
210068,7,7,8,7,8,6.0,6.0,8,7.0,8,6,8,7,7.0,7,7.0,7.0,7,7,8,7.0,7.0,8,9,8,7,8,6.0,8,8.0,7,7,8
212183,6.0,8.0,8,7.0,8,8.0,8.0,8,6.0,7.0,5.0,8,6.0,7.0,7,7.0,9.0,7,7,7.0,6.0,6.0,8,10.0,8,6.0,8,6.0,8.0,7.0,6.0,6.0,8
211618,8.0,6.0,8,7.0,8,8.0,7.0,8,8.0,6.0,6.0,8,6.0,8.0,7,8.0,7.0,7,7,7.0,8.0,8.0,8,9.0,8,7.0,8,6.0,8.0,8.0,7.0,7.0,8
212492,7.0,6.0,8,6.0,8,6.0,6.0,8,6.0,6.0,4.0,8,3.0,8.0,7,8.0,8.0,7,7,8,7.0,6.0,8,9.0,8,4.0,8,5.0,7.0,6.0,7,7,8
213019,9.0,8.0,9.0,8.0,10.0,9.0,8.0,10.0,10.0,9.0,7.0,9.0,8.0,7.0,7.0,7.0,7.0,8.0,7.0,9.0,10.0,10.0,9.0,10.0,9.0,9.0,9.0,9.0,9.0,9.0,9.0,9.0,7.0
210516,7,7,8,7,8,8.0,5.0,8,8.0,8,6,8,7,6.0,7,6.0,7.0,7,7,8,7.0,8.0,8,9,8,7,8,6.0,8,7.0,7,7,8
210503,7,7,8,7,8,9.0,8.0,8,8.0,8,6,8,7,8.0,7,8.0,7.0,7,7,8,8.0,8.0,8,9,8,7,8,6.0,8,8.0,7,7,8
212140,7.0,7.0,8,7.0,8,8.0,6.0,8,8.0,8.0,6.0,8,8.0,6.0,7,6.0,6.0,7,7,8.0,8.0,8.0,8,9.0,8,9.0,8,7.0,7.0,8.0,8.0,8.0,8
212317,5.0,7.0,8,7.0,8,7.0,7.0,8,5.0,6.0,5.0,8,4.0,7.0,7,7.0,7.0,7,7,5.0,6.0,5.0,8,8.0,8,5.0,8,6.0,7.0,6.0,5.0,5.0,8
211805,7.0,8.0,8,8.0,8,7.0,7.0,8,8.0,7.0,7.0,8,7.0,7.0,7,7.0,7.0,7,7,7.0,7.0,8.0,8,8.0,8,7.0,8,7.0,8.0,8.0,6.0,6.0,8
212586,8.0,8.0,7.0,8.0,8.0,9.0,8.0,8.0,7.0,8.0,7.0,8.0,6.0,8.0,7.0,8.0,9.0,7.0,8.0,8.0,9.0,7.0,8.0,10.0,8.0,8.0,8.0,8.0,8.0,7.0,7.0,7.0,9.0
210354,7,7,8,7,8,6.0,7.0,8,6.0,8,6,8,7,6.0,7,6.0,7.0,7,7,8,7.0,6.0,8,9,8,7,8,6.0,8,6.0,7,7,8
212792,6.0,7.0,7.0,7.0,7.0,7.0,7.0,9.0,7.0,7.0,5.0,7.0,6.0,7.0,6.0,7.0,7.0,6.0,6.0,8.0,6.0,7.0,7.0,8.0,8.0,7.0,7.0,6.0,6.0,6.0,6.0,6.0,8
210616,7,7,8,7,8,9.0,8.0,8,10.0,8,6,8,7,8.0,7,8.0,8.0,7,7,8,8.0,10.0,8,9,8,7,8,8.0,8,9.0,7,7,8
213141,6.0,8.0,7.0,7.0,7.0,8.0,7.0,8.0,7.0,7.0,6.0,7.0,6.0,7.0,7.0,7.0,7.0,6.0,7.0,8.0,7.0,7.0,7.0,8.0,7.0,6.0,6.0,6.0,8.0,7.0,6.0,6.0,9.0
210633,7,7,8,7,8,7.0,8.0,8,9.0,8,6,8,7,8.0,7,8.0,6.0,7,7,8,8.0,9.0,8,9,8,7,8,7.0,8,7.0,7,7,8
211214,7,7,8,7,8,7.0,6.0,8,7.0,8,6,8,7,6.0,7,6.0,8.0,7,7,8,6.0,7.0,8,9,8,7,8,6.0,8,6.0,7,7,8
210785,7,7,8,7,8,7.0,6.0,8,7.0,8,6,8,7,6.0,7,6.0,5.0,7,7,8,6.0,7.0,8,9,8,7,8,7.0,8,6.0,7,7,8
212578,7.0,7.0,7.0,7.0,8.0,8.0,7.0,9.0,7.0,6.0,6.0,7.0,6.0,9.0,7.0,9.0,9.0,8.0,6.0,6.0,8.0,7.0,6.0,9.0,7.0,6.0,8.0,6.0,7.0,7.0,6.0,6.0,9.0
211620,8.0,8.0,8,9.0,8,8.0,9.0,8,7.0,8.0,7.0,8,7.0,9.0,7,9.0,10.0,7,7,7.0,8.0,7.0,8,10.0,8,7.0,8,7.0,10.0,8.0,6.0,6.0,8
212966,6.0,7.0,7.0,6.0,7.0,7.0,6.0,9.0,7.0,6.0,6.0,9.0,6.0,7.0,6.0,7.0,7.0,7.0,6.0,7.0,7.0,7.0,7.0,9.0,7.0,6.0,8.0,7.0,7.0,7.0,6.0,6.0,8.0
210084,7,7,8,7,8,7.0,7.0,8,9.0,8,6,8,7,7.0,7,7.0,5.0,7,7,8,8.0,9.0,8,9,8,7,8,8.0,8,8.0,7,7,8
212524,9.0,9.0,8.0,8.0,6.0,9.0,8.0,8.0,8.0,10.0,7.0,9.0,7.0,8.0,5.0,8.0,9.0,10.0,7.0,9.0,8.0,8.0,9.0,10.0,9.0,8.0,7.0,8.0,10.0,8.0,7.0,7.0,8.0
212472,7.0,6.0,8,6.0,8,6.0,6.0,8,8.0,6.0,5.0,8,6.0,7.0,7,7.0,6.0,7,7,6.0,8.0,8.0,8,8.0,8,6.0,8,6.0,6.0,7.0,5.0,5.0,8
211833,5.0,6.0,8,5.0,8,6.0,6.0,8,6.0,5.0,5.0,8,5.0,6.0,7,6.0,6.0,7,7,8,8.0,6.0,8,7.0,8,5.0,8,5.0,6.0,7.0,7,7,8
211904,7.0,7.0,8,9.0,8,9.0,9.0,8,9.0,8.0,7.0,8,8.0,10.0,7,10.0,8.0,7,7,9.0,10.0,9.0,8,9.0,8,9.0,8,8.0,9.0,10.0,8.0,8.0,8
211042,7,7,8,7,8,7.0,7.0,8,7.0,8,6,8,7,7.0,7,7.0,8.0,7,7,8,7.0,7.0,8,9,8,7,8,7.0,8,8.0,7,7,8
213205,8.0,9.0,10.0,8.0,9.0,10.0,7.0,10.0,9.0,10.0,9.0,9.0,7.0,8.0,7.0,8.0,8.0,8.0,7.0,9.0,9.0,9.0,8.0,10.0,9.0,9.0,8.0,8.0,8.0,8.0,7.0,7.0,9.0
211861,7.0,9.0,8,7.0,8,8.0,8.0,8,8.0,8.0,5.0,8,6.0,8.0,7,8.0,8.0,7,7,7.0,6.0,8.0,8,9.0,8,6.0,8,7.0,7.0,7.0,6.0,6.0,8
211614,6.0,5.0,8,7.0,8,6.0,6.0,8,8.0,6.0,6.0,8,7.0,7.0,7,7.0,7.0,7,7,7.0,8.0,8.0,8,7.0,8,7.0,8,7.0,8.0,8.0,7.0,7.0,8
211694,5.0,6.0,8,7.0,8,7.0,7.0,8,6.0,6.0,5.0,8,6.0,8.0,7,8.0,7.0,7,7,6.0,7.0,6.0,8,7.0,8,6.0,8,6.0,8.0,7.0,6.0,6.0,8
211580,8.0,8.0,8,8.0,8,8.0,9.0,8,8.0,10.0,6.0,8,7.0,9.0,7,9.0,9.0,7,7,8.0,8.0,8.0,8,10.0,8,8.0,8,7.0,10.0,8.0,7.0,7.0,8
212893,6.0,6.0,8.0,7.0,8.0,8.0,7.0,8.0,7.0,7.0,7.0,8.0,7.0,7.0,7.0,7.0,7.0,7.0,7.0,7.0,8.0,7.0,7.0,9.0,7.0,7.0,7.0,7.0,9.0,8.0,7.0,7.0,8.0
211411,7,7,8,7,8,5.0,7.0,8,8.0,8,6,8,7,6.0,7,6.0,6.0,7,7,8,7.0,8.0,8,9,8,7,8,7,8,8.0,7,7,8
213160,7.0,8.0,9.0,8.0,9.0,10.0,10.0,10.0,9.0,10.0,8.0,9.0,9.0,8.0,6.0,8.0,9.0,9.0,8.0,10.0,8.0,9.0,10.0,10.0,8.0,10.0,9.0,9.0,9.0,8.0,8.0,8.0,8.0
212748,8.0,9.0,7.0,8.0,8.0,10.0,9.0,9.0,9.0,10.0,7.0,9.0,8.0,8.0,7.0,8.0,9.0,9.0,9.0,10.0,8.0,9.0,10.0,10.0,10.0,9.0,9.0,9.0,10.0,8.0,8.0,8.0,8.0
210986,7,7,8,7,8,7.0,6.0,8,8.0,8,6,8,7,7.0,7,7.0,6.0,7,7,8,8.0,8.0,8,9,8,7,8,7.0,8,8.0,7,7,8
210832,7,7,8,7,8,7.0,5.0,8,6.0,8,6,8,7,6.0,7,6.0,6.0,7,7,8,5.0,6.0,8,9,8,7,8,6.0,8,6.0,7,7,8
212880,6.0,7.0,8.0,7.0,8.0,8.0,8.0,9.0,9.0,7.0,7.0,9.0,8.0,8.0,7.0,8.0,7.0,6.0,7.0,9.0,8.0,9.0,8.0,9.0,8.0,8.0,8.0,7.0,8.0,8.0,7.0,7.0,7.0
211745,7.0,6.0,8,6.0,8,6.0,6.0,8,8.0,7.0,5.0,8,7.0,6.0,7,6.0,6.0,7,7,7.0,7.0,8.0,8,9.0,8,6.0,8,7.0,6.0,7.0,6.0,6.0,8
212460,6.0,7.0,8,6.0,8,6.0,7.0,8,6.0,5.0,5.0,8,4.0,6.0,7,6.0,7.0,7,7,8,6.0,6.0,8,8.0,8,6.0,8,5.0,7.0,5.0,7,7,8
210095,7,7,8,7,8,9.0,9.0,8,8.0,8,6,8,7,9.0,7,9.0,9.0,7,7,8,9.0,8.0,8,9,8,7,8,8.0,8,7.0,7,7,8
210791,7,7,8,7,8,9.0,7.0,8,8.0,8,6,8,7,8.0,7,8.0,7.0,7,7,8,9.0,8.0,8,9,8,7,8,9.0,8,9.0,7,7,8
210590,7,7,8,7,8,8.0,7.0,8,7.0,8,6,8,7,7.0,7,7.0,7.0,7,7,8,9.0,7.0,8,9,8,7,8,8.0,8,9.0,7,7,8
211809,7.0,8.0,8,7.0,8,7.0,6.0,8,9.0,9.0,7.0,8,8.0,6.0,7,6.0,7.0,7,7,9.0,8.0,9.0,8,8.0,8,9.0,8,7.0,8.0,8.0,8.0,8.0,8
210219,7,7,8,7,8,8.0,7,8,8.0,8,6,8,7,7.0,7,7.0,6.0,7,7,8,8.0,8.0,8,9,8,7,8,7.0,8,7.0,7,7,8
210265,7,7,8,7,8,6.0,6.0,8,7.0,8,6,8,7,6.0,7,6.0,6.0,7,7,8,6.0,7.0,8,9,8,7,8,6.0,8,6.0,7,7,8
212394,7.0,7.0,8,8.0,8,8.0,8.0,8,7.0,7.0,5.0,8,6.0,8.0,7,8.0,8.0,7,7,5.0,7.0,7.0,8,9.0,8,4.0,8,6.0,8.0,7.0,6.0,6.0,8
211965,7.0,7.0,8,6.0,8,8.0,7.0,8,8.0,8.0,6.0,8,6.0,6.0,7,6.0,7.0,7,7,8.0,8.0,8.0,8,9.0,8,8.0,8,8.0,8.0,7.0,7.0,7.0,8
212072,9.0,8.0,8,8.0,8,9.0,9.0,8,9.0,10.0,8.0,8,7.0,8.0,7,8.0,8.0,7,7,9.0,9.0,9.0,8,10.0,8,8.0,8,8.0,8.0,9.0,7.0,7.0,8
212916,7.0,8.0,7.0,8.0,7.0,8.0,8.0,6.0,6.0,7.0,6.0,6.0,6.0,8.0,7.0,8.0,9.0,7.0,7.0,6.0,7.0,6.0,7.0,8.0,6.0,7.0,6.0,6.0,9.0,8.0,6.0,6.0,8.0
210505,7,7,8,7,8,8.0,8.0,8,7.0,8,6,8,7,8.0,7,8.0,9.0,7,7,8,8,7.0,8,9,8,7,8,7.0,8,8.0,7,7,8
210697,7,7,8,7,8,6.0,5.0,8,8.0,8,6,8,7,6.0,7,6.0,5.0,7,7,8,8.0,8.0,8,9,8,7,8,7.0,8,7.0,7,7,8
210815,7,7,8,7,8,8.0,7.0,8,8.0,8,6,8,7,7.0,7,7.0,8.0,7,7,8,8.0,8.0,8,9,8,7,8,7.0,8,8.0,7,7,8
211539,6.0,7.0,8,7.0,8,8.0,6.0,8,9.0,8.0,7.0,8,8.0,6.0,7,6.0,6.0,7,7,8.0,8.0,9.0,8,8.0,8,8.0,8,7.0,8.0,7.0,8.0,8.0,8
212069,6.0,9.0,8,6.0,8,7.0,7.0,8,8.0,9.0,5.0,8,7.0,7.0,7,7.0,6.0,7,7,9.0,7.0,8.0,8,9.0,8,8.0,8,7.0,8.0,7.0,6.0,6.0,8
211274,7,7,8,7,8,6.0,7.0,8,7.0,8,6,8,7,8.0,7,8.0,6.0,7,7,8,7.0,7.0,8,9,8,7,8,6.0,8,7.0,7,7,8
212461,8.0,9.0,8,9.0,8,9.0,10.0,8,8.0,8.0,7.0,8,7.0,9.0,7,9.0,10.0,7,7,8.0,9.0,8.0,8,10.0,8,7.0,8,8.0,9.0,9.0,8.0,8.0,8
211299,7,7,8,7,8,9.0,8.0,8,9.0,8,6,8,7,8.0,7,8.0,8.0,7,7,8,9.0,9.0,8,9,8,7,8,8.0,8,9.0,7,7,8
211154,7,7,8,7,8,8.0,8.0,8,7.0,8,6,8,7,7.0,7,7.0,8.0,7,7,8,7.0,7.0,8,9,8,7,8,7.0,8,7.0,7,7,8
211685,7.0,8.0,8,7.0,8,7.0,7.0,8,9.0,8.0,6.0,8,8.0,7.0,7,7.0,6.0,7,7,8.0,8.0,9.0,8,8.0,8,8.0,8,7.0,7.0,7.0,6.0,6.0,8
210528,7,7,8,7,8,8.0,8.0,8,7.0,8,6,8,7,8.0,7,8.0,8.0,7,7,8,9.0,7.0,8,9,8,7,8,7.0,8,8.0,7,7,8
211762,7.0,9.0,8,8.0,8,8.0,9.0,8,8.0,8.0,7.0,8,7.0,6.0,7,6.0,9.0,7,7,9.0,9.0,8.0,8,9.0,8,8.0,8,7.0,9.0,8.0,8.0,8.0,8
210882,7,7,8,7,8,8.0,9.0,8,8.0,8,6,8,7,8.0,7,8.0,7.0,7,7,8,7.0,8.0,8,9,8,7,8,8.0,8,7.0,7,7,8
211199,7,7,8,7,8,8.0,8.0,8,8.0,8,6,8,7,6.0,7,6.0,7.0,7,7,8,7.0,8.0,8,9,8,7,8,7.0,8,8.0,7,7,8
210940,7,7,8,7,8,6.0,6.0,8,6.0,8,6,8,7,7.0,7,7.0,6.0,7,7,8,8.0,6.0,8,9,8,7,8,5.0,8,7.0,7,7,8
213112,7.0,7.0,8.0,8.0,9.0,7.0,8.0,8.0,8.0,7.0,7.0,8.0,6.0,8.0,9.0,8.0,9.0,8.0,9.0,7.0,9.0,8.0,8.0,9.0,7.0,7.0,7.0,6.0,9.0,8.0,8.0,8.0,10.0
211038,7,7,8,7,8,9.0,8.0,8,10.0,8,6,8,7,8.0,7,8.0,8.0,7,7,8,10.0,10.0,8,9,8,7,8,7.0,8,8.0,7,7,8
210507,7,7,8,7,8,6.0,7.0,8,7.0,8,6,8,7,6.0,7,6.0,7.0,7,7,8,6.0,7.0,8,9,8,7,8,5.0,8,7.0,7,7,8
210546,7,7,8,7,8,7.0,6.0,8,7.0,8,6,8,7,8.0,7,8.0,6.0,7,7,8,9.0,7.0,8,9,8,7,8,8.0,8,7.0,7,7,8
212920,6.0,6.0,8.0,7.0,8.0,6.0,7.0,8.0,7.0,7.0,4.0,6.0,6.0,7.0,7.0,7.0,6.0,7.0,6.0,7.0,7.0,7.0,6.0,7.0,6.0,6.0,8.0,6.0,7.0,7.0,5.0,5.0,8
211508,7,7,8,7,8,7.0,8.0,8,9.0,8,6,8,7,9.0,7,9.0,7.0,7,7,8,9.0,9.0,8,9,8,7,8,8.0,8,9.0,7,7,8
211240,7,7,8,7,8,9.0,8.0,8,9.0,8,6,8,7,8.0,7,8.0,8.0,7,7,8,10.0,9.0,8,9,8,7,8,7.0,8,8.0,7,7,8
211775,6.0,6.0,8,6.0,8,7.0,6.0,8,9.0,7.0,5.0,8,7.0,6.0,7,6.0,5.0,7,7,7.0,8.0,9.0,8,7.0,8,8.0,8,6.0,6.0,7.0,7.0,7.0,8
211744,7.0,9.0,8,9.0,8,9.0,9.0,8,9.0,8.0,6.0,8,8.0,9.0,7,9.0,9.0,7,7,9.0,8.0,9.0,8,10.0,8,8.0,8,7.0,10.0,8.0,8.0,8.0,8
210085,7,7,8,7,8,6.0,8.0,8,6.0,8,6,8,7,8.0,7,8.0,8.0,7,7,8,6.0,6.0,8,9,8,7,8,5.0,8,7.0,7,7,8
211739,7.0,7.0,8,8.0,8,7.0,9.0,8,8.0,8.0,6.0,8,7.0,9.0,7,9.0,9.0,7,7,7.0,6.0,8.0,8,10.0,8,9.0,8,6.0,8.0,7.0,6.0,6.0,8
213158,7.0,8.0,7.0,7.0,7.0,7.0,8.0,9.0,6.0,7.0,6.0,6.0,5.0,9.0,8.0,9.0,8.0,8.0,7.0,7.0,6.0,6.0,6.0,9.0,7.0,6.0,8.0,7.0,7.0,7.0,6.0,6.0,9.0
210601,7,7,8,7,8,9.0,9.0,8,8.0,8,6,8,7,7.0,7,7.0,9.0,7,7,8,8.0,8.0,8,9,8,7,8,8.0,8,8.0,7,7,8
210991,7,7,8,7,8,9.0,8.0,8,7.0,8,6,8,7,7.0,7,7.0,9.0,7,7,8,6.0,7.0,8,9,8,7,8,6.0,8,6.0,7,7,8
212566,5.0,6.0,8,6.0,8,7.0,6.0,8,6.0,6.0,5.0,8,5.0,6.0,7,6.0,8.0,7,7.0,6.0,6.0,6.0,6.0,8.0,8,6.0,8,6.0,8.0,6.0,6.0,6.0,8
210033,7,7,8,7,8,8.0,8.0,8,10.0,8,6,8,7,9.0,7,9.0,8.0,7,7,8,9.0,10.0,8,9,8,7,8,7.0,8,10.0,7,7,8
212011,7.0,7.0,8,8.0,8,8.0,7.0,8,8.0,7.0,7.0,8,7.0,8.0,7,8.0,7.0,7,7,7.0,8.0,8.0,8,9.0,8,9.0,8,7.0,8.0,7.0,6.0,6.0,8
211520,7,7,8,7,8,9.0,9.0,8,8.0,8,6,8,7,10.0,7,10.0,9.0,7,7,8,9.0,8.0,8,9,8,7,8,7.0,8,9.0,7,7,8
210357,7,7,8,7,8,7.0,7.0,8,8.0,8,6,8,7,8.0,7,8.0,6.0,7,7,8,8.0,8.0,8,9,8,7,8,6.0,8,9.0,7,7,8
212626,7.0,8.0,8.0,7.0,8.0,7.0,8.0,8.0,8.0,7.0,7.0,7.0,7.0,7.0,8.0,7.0,8.0,7.0,8.0,8.0,9.0,8.0,8.0,9.0,7.0,8.0,6.0,7.0,8.0,8.0,9.0,9.0,8.0
212227,9.0,10.0,8,9.0,8,9.0,10.0,8,10.0,10.0,7.0,8,7.0,8.0,7,8.0,8.0,7,7,10.0,8.0,10.0,8,10.0,8,10.0,8,9.0,10.0,7.0,7.0,7.0,8
212447,6.0,6.0,8,6.0,8,7.0,6.0,8,9.0,6.0,7.0,8,8.0,6.0,7,6.0,6.0,7,7,8.0,9.0,9.0,8,8.0,8,8.0,8,8.0,7.0,8.0,8.0,8.0,8
210676,7,7,8,7,8,7.0,7.0,8,7.0,8,6,8,7,7.0,7,7.0,6.0,7,7,8,7.0,7.0,8,9,8,7,8,6.0,8,6.0,7,7,8
213096,7.0,7.0,8.0,8.0,9.0,8.0,7.0,9.0,9.0,8.0,7.0,8.0,8.0,8.0,7.0,8.0,8.0,7.0,9.0,9.0,8.0,9.0,8.0,9.0,6.0,9.0,8.0,7.0,9.0,10.0,8.0,8.0,8.0
212584,6.0,7.0,8.0,9.0,8.0,8.0,9.0,8.0,10.0,8.0,8.0,8,8.0,7.0,8.0,7.0,8.0,6.0,8.0,8.0,8.0,10.0,9.0,9.0,7.0,9.0,8.0,8.0,10.0,9.0,9.0,9.0,9.0
212874,7.0,7.0,8.0,8.0,9.0,8.0,9.0,9.0,7.0,7.0,7.0,8.0,6.0,8.0,8.0,8.0,8.0,8.0,7.0,7.0,9.0,7.0,7.0,9.0,8.0,6.0,7.0,7.0,8.0,8.0,8.0,8.0,9.0
211373,7,7,8,7,8,7.0,6.0,8,9.0,8,6,8,7,7.0,7,7.0,4.0,7,7,8,9.0,9.0,8,9,8,7,8,7.0,8,7.0,7,7,8
211822,6.0,6.0,8,6.0,8,7.0,6.0,8,8.0,6.0,7.0,8,6.0,8.0,7,8.0,6.0,7,7,6.0,9.0,8.0,8,8.0,8,7.0,8,6.0,7.0,8.0,8.0,8.0,8
212914,4.0,6.0,8,6.0,8,6.0,7.0,8,6.0,7.0,6.0,8,6.0,6.0,7,6.0,6.0,7,8.0,7.0,6.0,6.0,7.0,7.0,8,7.0,8,7.0,7.0,7.0,6.0,6.0,7.0
212437,7.0,6.0,8,6.0,8,6.0,7.0,8,5.0,5.0,3.0,8,4.0,6.0,7,6.0,8.0,7,7,5.0,6.0,5.0,8,8.0,8,4.0,8,6.0,7.0,6.0,4.0,4.0,8
211589,9.0,8.0,8,8.0,8,8.0,8.0,8,9.0,8.0,8.0,8,8.0,9.0,7,9.0,9.0,7,7,8.0,10.0,9.0,8,10.0,8,8.0,8,9.0,10.0,8.0,7.0,7.0,8
211441,7,7,8,7,8,7.0,5.0,8,9.0,8,6,8,7,6.0,7,6.0,7.0,7,7,8,10.0,9.0,8,9,8,7,8,7.0,8,8.0,7,7,8
211518,7,7,8,7,8,7.0,7.0,8,7.0,8,6,8,7,7.0,7,7.0,6.0,7,7,8,8,7.0,8,9,8,7,8,6.0,8,7.0,7,7,8
212008,6.0,7.0,8,8.0,8,8.0,7.0,8,9.0,9.0,8.0,8,8.0,7.0,7,7.0,6.0,7,7,10.0,9.0,9.0,8,7.0,8,9.0,8,8.0,8.0,8.0,7.0,7.0,8
210657,7,7,8,7,8,7.0,6.0,8,6.0,8,6,8,7,7.0,7,7.0,7.0,7,7,8,7.0,6.0,8,9,8,7,8,5.0,8,7.0,7,7,8
210212,7,7,8,7,8,8.0,8.0,8,9.0,8,6,8,7,8.0,7,8.0,6.0,7,7,8,10.0,9.0,8,9,8,7,8,8.0,8,8.0,7,7,8
212560,6.0,7.0,8.0,8.0,8.0,9.0,7.0,8.0,9.0,8.0,7.0,9.0,9.0,7.0,8.0,7.0,7.0,7.0,9.0,10.0,8.0,9.0,9.0,9.0,7.0,10.0,7.0,8.0,10.0,9.0,9.0,9.0,8.0
210078,7,7,8,7,8,7.0,5.0,8,7.0,8,6,8,7,5.0,7,5.0,5.0,7,7,8,7.0,7.0,8,9,8,7,8,7,8,7.0,7,7,8
213290,6.0,7.0,6.0,7.0,6.0,6.0,7.0,6.0,6.0,6.0,5.0,6.0,6.0,8.0,6.0,8.0,8.0,7.0,7.0,7.0,7.0,6.0,6.0,8.0,6.0,7.0,7.0,6.0,7.0,7.0,5.0,5.0,8
210859,7,7,8,7,8,7.0,7.0,8,9.0,8,6,8,7,6.0,7,6.0,7.0,7,7,8,8.0,9.0,8,9,8,7,8,7.0,8,7.0,7,7,8
210805,7,7,8,7,8,7.0,6.0,8,10.0,8,6,8,7,6.0,7,6.0,7.0,7,7,8,9.0,10.0,8,9,8,7,8,7.0,8,8.0,7,7,8
212019,7.0,7.0,8,8.0,8,9.0,7.0,8,10.0,9.0,8.0,8,8.0,8.0,7,8.0,6.0,7,7,10.0,10.0,10.0,8,9.0,8,10.0,8,8.0,9.0,10.0,9.0,9.0,8
210062,7,7,8,7,8,9.0,8.0,8,7,8,6,8,7,9.0,7,9.0,9.0,7,7,8,8.0,7,8,9,8,7,8,7.0,8,8.0,7,7,8
211880,6.0,7.0,8,6.0,8,7.0,6.0,8,7.0,5.0,5.0,8,4.0,6.0,7,6.0,7.0,7,7,6.0,6.0,7.0,8,8.0,8,7.0,8,7.0,7.0,6.0,6.0,6.0,8
211338,7,7,8,7,8,7.0,6.0,8,8.0,8,6,8,7,7.0,7,7.0,6.0,7,7,8,9.0,8.0,8,9,8,7,8,7.0,8,8.0,7,7,8
211492,7,7,8,7,8,7.0,7.0,8,9.0,8,6,8,7,7.0,7,7.0,6.0,7,7,8,8.0,9.0,8,9,8,7,8,7.0,8,8.0,7,7,8
211916,9.0,8.0,8,8.0,8,9.0,8.0,8,9.0,10.0,7.0,8,8.0,8.0,7,8.0,8.0,7,7,9.0,9.0,9.0,8,10.0,8,10.0,8,8.0,9.0,8.0,7.0,7.0,8
210766,7,7,8,7,8,8.0,7.0,8,9.0,8,6,8,7,7.0,7,7.0,8.0,7,7,8,9.0,9.0,8,9,8,7,8,8.0,8,9.0,7,7,8
211050,7,7,8,7,8,8.0,6.0,8,8.0,8,6,8,7,9.0,7,9.0,8.0,7,7,8,8.0,8.0,8,9,8,7,8,7.0,8,9.0,7,7,8
213044,9.0,9.0,10.0,8.0,10.0,8.0,8.0,10.0,10.0,10.0,8.0,9.0,9.0,9.0,8.0,9.0,7.0,8.0,8.0,10.0,10.0,10.0,9.0,10.0,9.0,8.0,10.0,8.0,8.0,10.0,8.0,8.0,10.0
212786,6.0,8.0,7.0,7.0,7.0,7.0,8.0,8.0,8.0,7.0,6.0,8.0,6.0,8.0,7.0,8.0,8.0,8.0,8.0,7.0,6.0,8.0,8.0,9.0,8.0,7.0,7.0,7.0,9.0,8.0,6.0,6.0,9.0
212749,6.0,6.0,6.0,6.0,6.0,7.0,6.0,7.0,7.0,6.0,6.0,5.0,4.0,6.0,7.0,6.0,7.0,7.0,6.0,6.0,6.0,7.0,6.0,8.0,6.0,6.0,6.0,6.0,7.0,6.0,6.0,6.0,7.0
211488,7,7,8,7,8,6.0,5.0,8,8.0,8,6,8,7,7.0,7,7.0,4.0,7,7,8,7.0,8.0,8,9,8,7,8,6.0,8,7.0,7,7,8
210839,7,7,8,7,8,7.0,8.0,8,9.0,8,6,8,7,8.0,7,8.0,8.0,7,7,8,9.0,9.0,8,9,8,7,8,8.0,8,9.0,7,7,8
210845,7,7,8,7,8,7.0,7.0,8,10.0,8,6,8,7,9.0,7,9.0,6.0,7,7,8,10.0,10.0,8,9,8,7,8,9.0,8,10.0,7,7,8
210965,7,7,8,7,8,9.0,7.0,8,10.0,8,6,8,7,7.0,7,7.0,7,7,7,8,10.0,10.0,8,9,8,7,8,8.0,8,8.0,7,7,8
211723,5.0,5.0,8,6.0,8,7.0,6.0,8,8.0,6.0,6.0,8,6.0,7.0,7,7.0,7.0,7,7,7.0,8.0,8.0,8,8.0,8,6.0,8,7.0,8.0,7.0,7.0,7.0,8
212951,8.0,8.0,8.0,8.0,8.0,9.0,6.0,7.0,8.0,8.0,9.0,8.0,8.0,7.0,7.0,7.0,8.0,6.0,9.0,8.0,9.0,8.0,10.0,9.0,7.0,9.0,7.0,8.0,10.0,8.0,8.0,8.0,8.0
210980,7,7,8,7,8,9.0,9.0,8,8.0,8,6,8,7,8.0,7,8.0,8.0,7,7,8,9.0,8.0,8,9,8,7,8,8.0,8,8.0,7,7,8
210710,7,7,8,7,8,6.0,7.0,8,7.0,8,6,8,7,7.0,7,7.0,6.0,7,7,8,8.0,7.0,8,9,8,7,8,7.0,8,7.0,7,7,8
212837,5.0,5.0,8,6.0,8,6.0,6.0,8,6.0,6.0,5.0,8,5.0,7.0,7,7.0,6.0,7,6.0,6.0,6.0,6.0,8,7.0,8,5.0,8,6.0,7.0,7.0,6.0,6.0,8
210680,7,7,8,7,8,7.0,7.0,8,7.0,8,6,8,7,7.0,7,7.0,7.0,7,7,8,7.0,7.0,8,9,8,7,8,6.0,8,8.0,7,7,8
212494,8.0,7.0,8,7.0,8,8.0,6.0,8,10.0,8.0,7.0,8,7.0,7.0,7,7.0,7.0,7,7,8.0,10.0,10.0,8,8.0,8,9.0,8,8.0,9.0,9.0,8.0,8.0,8
213284,5.0,6.0,8,7.0,8,6.0,7.0,8,6.0,6.0,5.0,8,6.0,8.0,7,8.0,7.0,7,6.0,7.0,7.0,6.0,6.0,8.0,8,7.0,8,6.0,8.0,7.0,6.0,6.0,8
211418,7,7,8,7,8,7.0,6.0,8,10.0,8,6,8,7,6.0,7,6.0,6.0,7,7,8,8.0,10.0,8,9,8,7,8,9.0,8,7.0,7,7,8
211866,8.0,9.0,8,8.0,8,9.0,9.0,8,10.0,10.0,7.0,8,10.0,7.0,7,7.0,7.0,7,7,10.0,9.0,10.0,8,10.0,8,10.0,8,9.0,9.0,10.0,9.0,9.0,8
212912,6.0,7.0,6.0,7.0,8.0,7.0,6.0,7.0,8.0,6.0,7.0,7.0,6.0,7.0,6.0,7.0,8.0,6.0,7.0,7.0,8.0,8.0,7.0,8.0,6.0,8.0,7.0,6.0,8.0,7.0,7.0,7.0,7.0
213326,5.0,6.0,8,6.0,8,7.0,6.0,8,6.0,6.0,6.0,8,7.0,6.0,7,6.0,7.0,7,7.0,6.0,6.0,6.0,7.0,8.0,8,6.0,8,6.0,7.0,7.0,6.0,6.0,7.0
211372,7,7,8,7,8,8.0,8.0,8,5.0,8,6,8,7,7.0,7,7.0,8.0,7,7,8,5.0,5.0,8,9,8,7,8,5.0,8,6.0,7,7,8
212248,8.0,7.0,8,7.0,8,8.0,7.0,8,8.0,7.0,6.0,8,6.0,6.0,7,6.0,6.0,7,7,8.0,8.0,8.0,8,10.0,8,6.0,8,8.0,7.0,6.0,7.0,7.0,8
210781,7,7,8,7,8,9.0,8.0,8,9.0,8,6,8,7,8.0,7,8.0,8.0,7,7,8,9.0,9.0,8,9,8,7,8,8.0,8,9.0,7,7,8
211848,6.0,8.0,8,7.0,8,7.0,7.0,8,6.0,7.0,6.0,8,6.0,8.0,7,8.0,8.0,7,7,7.0,7.0,6.0,8,8.0,8,7.0,8,6.0,8.0,7.0,6.0,6.0,8
210812,7,7,8,7,8,7.0,7.0,8,9.0,8,6,8,7,8.0,7,8.0,7.0,7,7,8,8.0,9.0,8,9,8,7,8,7.0,8,8.0,7,7,8
210050,7,7,8,7,8,9.0,8.0,8,9.0,8,6,8,7,10.0,7,10.0,9.0,7,7,8,8.0,9.0,8,9,8,7,8,7.0,8,7,7,7,8
212206,5.0,6.0,8,7.0,8,6.0,6.0,8,7.0,6.0,4.0,8,5.0,7.0,7,7.0,6.0,7,7,6.0,7.0,7.0,8,8.0,8,6.0,8,7.0,7.0,7.0,5.0,5.0,8
211058,7,7,8,7,8,9.0,9.0,8,8.0,8,6,8,7,9.0,7,9.0,9.0,7,7,8,8.0,8.0,8,9,8,7,8,7.0,8,9.0,7,7,8
210643,7,7,8,7,8,8.0,8.0,8,7.0,8,6,8,7,6.0,7,6.0,8.0,7,7,8,8.0,7.0,8,9,8,7,8,7.0,8,6.0,7,7,8
213313,7.0,8.0,8.0,6.0,8.0,8.0,8.0,8.0,9.0,9.0,6.0,8.0,7.0,7.0,5.0,7.0,7.0,6.0,7.0,8.0,7.0,9.0,8.0,9.0,8.0,7.0,7.0,8.0,7.0,7.0,6.0,6.0,8.0
211704,6.0,6.0,8,8.0,8,6.0,7.0,8,9.0,9.0,6.0,8,7.0,7.0,7,7.0,7.0,7,7,8.0,9.0,9.0,8,8.0,8,8.0,8,9.0,9.0,9.0,6.0,6.0,8
212647,6.0,8.0,8.0,8.0,7.0,9.0,8.0,7.0,8.0,7.0,8.0,7.0,8.0,7.0,7.0,7.0,9.0,6.0,8.0,8.0,8.0,8.0,8.0,10.0,7.0,8.0,7.0,7.0,9.0,8.0,8.0,8.0,8.0
210534,7,7,8,7,8,9.0,8.0,8,9.0,8,6,8,7,7.0,7,7.0,7.0,7,7,8,9.0,9.0,8,9,8,7,8,9.0,8,9.0,7,7,8
212192,6.0,6.0,8,6.0,8,7.0,7.0,8,8.0,7.0,6.0,8,8.0,6.0,7,6.0,4.0,7,7,7.0,8.0,8.0,8,8.0,8,7.0,8,6.0,8.0,8.0,6.0,6.0,8
213100,4.0,6.0,8,7.0,8,7.0,7.0,8,7.0,6.0,6.0,8,6.0,6.0,7,6.0,7.0,7,7.0,7.0,6.0,7.0,7.0,7.0,8,8.0,8,6.0,8.0,7.0,6.0,6.0,7.0
211330,7,7,8,7,8,7.0,6.0,8,6.0,8,6,8,7,6.0,7,6.0,5.0,7,7,8,7.0,6.0,8,9,8,7,8,6.0,8,5.0,7,7,8
212528,6.0,6.0,8,6.0,8,7.0,5.0,8,8.0,6.0,6.0,8,4.0,5.0,7,5.0,5.0,7,6.0,6.0,8.0,8.0,7.0,7.0,8,6.0,8,6.0,7.0,7.0,6.0,6.0,5.0
212330,7.0,7.0,8,7.0,8,7.0,7.0,8,10.0,8.0,6,8,9.0,8.0,7,8.0,7.0,7,7,9.0,10.0,10.0,8,10.0,8,9.0,8,9.0,9.0,9.0,9.0,9.0,8
210491,7,7,8,7,8,6.0,7.0,8,9.0,8,6,8,7,7.0,7,7.0,5.0,7,7,8,9.0,9.0,8,9,8,7,8,8.0,8,9.0,7,7,8
212152,8.0,8.0,8,8.0,8,9.0,7.0,8,8.0,8.0,5.0,8,4.0,8.0,7,8.0,8.0,7,7,8.0,8.0,8.0,8,10.0,8,6.0,8,7.0,8.0,7.0,5.0,5.0,8
212181,6.0,7.0,8,7.0,8,7.0,7.0,8,8.0,9.0,5.0,8,8.0,6.0,7,6.0,6.0,7,7,9.0,7.0,8.0,8,8.0,8,7.0,8,7.0,7.0,7.0,6.0,6.0,8
212746,6.0,6.0,8,6.0,8,6.0,6.0,8,8.0,7.0,6.0,8,7.0,6.0,7,6.0,5.0,7,6.0,7.0,8.0,8.0,7.0,7.0,8,6.0,8,7.0,6.0,6.0,6.0,6.0,6.0
212956,6.0,7.0,6.0,7.0,5.0,7.0,7.0,5.0,6.0,6.0,4.0,6.0,4.0,7.0,6.0,7.0,8.0,6.0,6.0,6.0,6.0,6.0,6.0,7.0,6.0,6.0,5.0,6.0,7.0,6.0,6.0,6.0,8
210376,7,7,8,7,8,6.0,6.0,8,6.0,8,6,8,7,6.0,7,6.0,6.0,7,7,8,7.0,6.0,8,9,8,7,8,6.0,8,5.0,7,7,8
212285,5.0,6.0,8,6.0,8,6.0,6.0,8,7.0,7.0,4.0,8,5.0,6.0,7,6.0,7.0,7,7,6.0,6.0,7.0,8,8.0,8,6.0,8,6.0,7.0,5.0,5.0,5.0,8
210495,7,7,8,7,8,7.0,6.0,8,7.0,8,6,8,7,7.0,7,7.0,7.0,7,7,8,7.0,7.0,8,9,8,7,8,7.0,8,7.0,7,7,8
212991,6.0,6.0,6.0,7.0,6.0,6.0,6.0,6.0,7.0,6.0,5.0,6.0,7.0,7.0,6.0,7.0,6.0,6.0,7.0,6.0,6.0,7.0,6.0,7.0,6.0,6.0,6.0,6.0,8.0,8.0,6.0,6.0,8
211799,7.0,7.0,8,7.0,8,7.0,6.0,8,9.0,8.0,7.0,8,7.0,7.0,7,7.0,6.0,7,7,9.0,9.0,9.0,8,8.0,8,8.0,8,8.0,8.0,8.0,7.0,7.0,8
212789,8.0,8.0,7.0,8.0,8.0,9.0,9.0,8.0,8.0,9.0,7.0,8.0,8.0,9.0,8.0,9.0,9.0,8.0,9.0,8.0,8.0,8.0,8.0,10.0,9.0,8.0,8.0,7.0,10.0,9.0,8.0,8.0,10.0
212513,7.0,7.0,8,9.0,8,9.0,9.0,8,8.0,9.0,7.0,8,8.0,9.0,7,9.0,9.0,7,7,9.0,8.0,8.0,8,9.0,8,9.0,8,8.0,9.0,9.0,8.0,8.0,8
210162,7,7,8,7,8,6.0,6.0,8,8.0,8,6,8,7,7.0,7,7.0,5.0,7,7,8,8.0,8.0,8,9,8,7,8,6.0,8,8.0,7,7,8
212157,5.0,7.0,8,7.0,8,7.0,6.0,8,8.0,7.0,6.0,8,7.0,5.0,7,5.0,5.0,7,7,8.0,8.0,8.0,8,6.0,8,8.0,8,6.0,7.0,7.0,7.0,7.0,8
212594,7.0,8.0,8.0,7.0,7.0,7.0,6.0,8.0,8.0,8.0,6.0,7.0,6.0,6.0,6.0,6.0,6.0,7.0,8.0,7.0,7.0,8.0,8.0,10.0,6.0,8.0,7.0,7.0,7.0,6.0,7.0,7.0,8.0
211145,7,7,8,7,8,9.0,8.0,8,8.0,8,6,8,7,9.0,7,9.0,9.0,7,7,8,8.0,8.0,8,9,8,7,8,7,8,9.0,7,7,8
211519,7,7,8,7,8,9.0,8.0,8,8.0,8,6,8,7,9.0,7,9.0,9.0,7,7,8,8.0,8.0,8,9,8,7,8,8.0,8,8.0,7,7,8
211638,6.0,5.0,8,5.0,8,6.0,6.0,8,8.0,6.0,5.0,8,5.0,6.0,7,6.0,6.0,7,7,6.0,8.0,8.0,8,7.0,8,6.0,8,6.0,6.0,8.0,6.0,6.0,8
211286,7,7,8,7,8,8.0,7.0,8,9.0,8,6,8,7,7.0,7,7.0,6.0,7,7,8,7.0,9.0,8,9,8,7,8,7.0,8,6.0,7,7,8
212759,8.0,9.0,8.0,9.0,8.0,7.0,7.0,9.0,10.0,8.0,7.0,7.0,7.0,7.0,7,7.0,8.0,7.0,8.0,9.0,9.0,10.0,10.0,9.0,8.0,9.0,7.0,8.0,9.0,8.0,9.0,9.0,8.0
211701,9.0,8.0,8,7.0,8,9.0,8.0,8,8.0,9.0,7.0,8,7.0,8.0,7,8.0,9.0,7,7,8.0,8.0,8.0,8,10.0,8,7.0,8,7.0,8.0,8.0,6.0,6.0,8
211186,7,7,8,7,8,6.0,5.0,8,7.0,8,6,8,7,6.0,7,6.0,4.0,7,7,8,8.0,7.0,8,9,8,7,8,6.0,8,7.0,7,7,8
210156,7,7,8,7,8,8.0,7.0,8,7.0,8,6,8,7,7.0,7,7.0,7.0,7,7,8,9.0,7.0,8,9,8,7,8,6.0,8,6.0,7,7,8
211859,5.0,5.0,8,6.0,8,6.0,6.0,8,8.0,6.0,5.0,8,6.0,6.0,7,6.0,6.0,7,7,7.0,8.0,8.0,8,7.0,8,5.0,8,6.0,6.0,7.0,6.0,6.0,8
211141,7,7,8,7,8,9.0,7.0,8,8.0,8,6,8,7,7.0,7,7.0,7.0,7,7,8,8.0,8.0,8,9,8,7,8,8.0,8,7.0,7,7,8
211773,8.0,9.0,8,7.0,8,10.0,8.0,8,7.0,8.0,7.0,8,7.0,7.0,7,7.0,10.0,7,7,8.0,8.0,7.0,8,10.0,8,7.0,8,9.0,9.0,7.0,7.0,7.0,8
212288,8.0,8.0,8,6.0,8,8.0,9.0,8,8.0,9.0,7.0,8,6.0,6.0,7,6.0,7.0,7,7,9.0,7.0,8.0,8,10.0,8,8.0,8,8.0,7.0,7.0,7.0,7.0,8
210684,7,7,8,7,8,9.0,10.0,8,8.0,8,6,8,7,9.0,7,9.0,9.0,7,7,8,7.0,8.0,8,9,8,7,8,9.0,8,8.0,7,7,8
212943,6.0,7.0,6.0,9.0,8.0,8.0,8.0,7.0,8.0,7.0,6.0,8.0,8.0,8.0,6.0,8.0,8.0,7.0,8.0,7.0,7.0,8.0,8.0,8.0,8.0,9.0,6.0,6.0,9.0,8.0,6.0,6.0,9.0
212885,8.0,8.0,9.0,8.0,8.0,9.0,9.0,9.0,8.0,8.0,6.0,8.0,7.0,9.0,8.0,9.0,9.0,9.0,7.0,9.0,9.0,8.0,7.0,10.0,9.0,7.0,9.0,7.0,8.0,9.0,8.0,8.0,9.0
210777,7,7,8,7,8,7.0,8.0,8,7.0,8,6,8,7,8.0,7,8.0,8.0,7,7,8,8.0,7.0,8,9,8,7,8,8.0,8,7.0,7,7,8
211326,7,7,8,7,8,8.0,7.0,8,7.0,8,6,8,7,7.0,7,7.0,7.0,7,7,8,8.0,7.0,8,9,8,7,8,6.0,8,8.0,7,7,8
211716,8.0,8.0,8,8.0,8,9.0,7.0,8,9.0,8.0,7.0,8,7.0,8.0,7,8.0,8.0,7,7,9.0,10.0,9.0,8,10.0,8,8.0,8,8.0,9.0,8.0,7.0,7.0,8
211664,7.0,8.0,8,8.0,8,8.0,7.0,8,8.0,7.0,7.0,8,7.0,8.0,7,8.0,8.0,7,7,8.0,8.0,8.0,8,8.0,8,7.0,8,7.0,9.0,9.0,8.0,8.0,8
211681,6.0,7.0,8,7.0,8,8.0,8.0,8,7.0,7.0,6.0,8,5.0,7.0,7,7.0,7.0,7,7,7.0,6.0,7.0,8,9.0,8,8.0,8,6.0,9.0,7.0,8.0,8.0,8
213333,6.0,8.0,6.0,7.0,5.0,7.0,6.0,8.0,7.0,8.0,6.0,7.0,6.0,6.0,4.0,6.0,7.0,6.0,6.0,7.0,6.0,7.0,7.0,9.0,6.0,6.0,6.0,6.0,6.0,6.0,5.0,5.0,7.0
212820,6.0,7.0,7.0,8.0,9.0,9.0,8.0,9.0,9.0,8.0,8.0,8.0,8.0,8.0,8.0,8.0,7.0,8.0,9.0,8.0,10.0,9.0,9.0,10.0,7.0,8.0,8.0,8.0,9.0,9.0,8.0,8.0,8.0
211176,7,7,8,7,8,10.0,8.0,8,8.0,8,6,8,7,8.0,7,8.0,7.0,7,7,8,8.0,8.0,8,9,8,7,8,7.0,8,8.0,7,7,8
210436,7,7,8,7,8,8.0,8.0,8,8.0,8,6,8,7,8.0,7,8.0,9.0,7,7,8,8.0,8.0,8,9,8,7,8,9.0,8,7.0,7,7,8
212377,4.0,6.0,8,7.0,8,8.0,6.0,8,7.0,6.0,5.0,8,6.0,6.0,7,6.0,6.0,7,7,7.0,6.0,7.0,8,7.0,8,7.0,8,6.0,8.0,7.0,6.0,6.0,8
213224,7.0,9.0,8.0,7.0,9.0,8.0,7.0,8.0,10.0,8.0,7.0,9.0,8.0,7.0,6.0,7.0,6.0,7.0,8.0,8.0,8.0,10.0,10.0,9.0,8.0,8.0,8.0,9.0,8.0,7.0,9.0,9.0,7.0
212238,7.0,9.0,8,8.0,8,9.0,9.0,8,7.0,8.0,7.0,8,7.0,9.0,7,9.0,10.0,7,7,8.0,8.0,7.0,8,9.0,8,7.0,8,7.0,8.0,9.0,6.0,6.0,8
211433,7,7,8,7,8,8.0,7.0,8,8.0,8,6,8,7,7.0,7,7.0,8.0,7,7,8,9.0,8.0,8,9,8,7,8,7.0,8,7.0,7,7,8
212294,9.0,7.0,8,9.0,8,9.0,8.0,8,10.0,9.0,8.0,8,9.0,8.0,7,8.0,7.0,7,7,9.0,10.0,10.0,8,9.0,8,9.0,8,9.0,8.0,9.0,10.0,10.0,8
213193,4.0,8.0,8,7.0,8,7.0,7.0,8,5.0,7.0,3.0,8,4.0,7.0,7,7.0,8.0,7,7.0,6.0,5.0,5.0,6.0,9.0,8,5.0,8,6.0,7.0,6.0,4.0,4.0,8
212669,7.0,7.0,9.0,9.0,9.0,8.0,8.0,9.0,9.0,7.0,8.0,8.0,8.0,8.0,9.0,8.0,7.0,8.0,9.0,8.0,9.0,9.0,8.0,9.0,8.0,7.0,9.0,7.0,9.0,10.0,8.0,8.0,8.0
211283,7,7,8,7,8,7.0,7.0,8,9.0,8,6,8,7,6.0,7,6.0,7.0,7,7,8,8.0,9.0,8,9,8,7,8,7.0,8,9.0,7,7,8
210538,7,7,8,7,8,7.0,7.0,8,9.0,8,6,8,7,9.0,7,9.0,7.0,7,7,8,9.0,9.0,8,9,8,7,8,8.0,8,8.0,7,7,8
211467,7,7,8,7,8,9.0,8.0,8,7.0,8,6,8,7,9.0,7,9.0,9.0,7,7,8,7.0,7.0,8,9,8,7,8,8.0,8,8.0,7,7,8
212540,7.0,6.0,7.0,6.0,6.0,7.0,8.0,9.0,7.0,7.0,5.0,7.0,6.0,7.0,6.0,7.0,7.0,7.0,6.0,8.0,7.0,7.0,8.0,8.0,7.0,7.0,7.0,7.0,7.0,6.0,6.0,6.0,8
211689,6.0,6.0,8,7.0,8,8.0,7.0,8,9.0,7.0,6.0,8,7.0,8.0,7,8.0,7.0,7,7,7.0,8.0,9.0,8,8.0,8,8.0,8,7.0,8.0,8.0,8.0,8.0,8
212381,6.0,9.0,8,7.0,8,7.0,8.0,8,6.0,8.0,5.0,8,5.0,8.0,7,8.0,8.0,7,7,6.0,7.0,6.0,8,10.0,8,7.0,8,7.0,8.0,6.0,7.0,7.0,8
210732,7,7,8,7,8,7.0,8.0,8,7.0,8,6,8,7,8.0,7,8.0,9.0,7,7,8,7.0,7.0,8,9,8,7,8,6.0,8,8.0,7,7,8
210470,7,7,8,7,8,8.0,9.0,8,9.0,8,6,8,7,9.0,7,9.0,8.0,7,7,8,8.0,9.0,8,9,8,7,8,8.0,8,8.0,7,7,8
210907,7,7,8,7,8,8.0,7.0,8,6.0,8,6,8,7,7.0,7,7.0,6.0,7,7,8,8,6.0,8,9,8,7,8,6.0,8,7.0,7,7,8
213173,7.0,9.0,9.0,8.0,7.0,8.0,8.0,7.0,8.0,8.0,6.0,8.0,6.0,7.0,7.0,7.0,8.0,7.0,8.0,8.0,8.0,8.0,10.0,9.0,8.0,8.0,7.0,8.0,9.0,7.0,8.0,8.0,9.0
210336,7,7,8,7,8,7.0,6.0,8,5.0,8,6,8,7,7.0,7,7.0,7.0,7,7,8,6.0,5.0,8,9,8,7,8,5.0,8,6.0,7,7,8
212545,6.0,6.0,8.0,6.0,8.0,7.0,7.0,8.0,8.0,6.0,7.0,7.0,8.0,7.0,9.0,7.0,6.0,7.0,7.0,7.0,9.0,8.0,7.0,8.0,7.0,7.0,9.0,7.0,8.0,8.0,7.0,7.0,7.0
212867,7.0,7.0,7.0,9.0,8.0,9.0,9.0,8.0,8.0,8.0,7.0,8.0,8.0,9.0,9.0,9.0,8.0,8.0,9.0,9.0,8.0,8.0,9.0,9.0,8.0,9.0,7.0,7.0,10.0,9.0,7.0,7.0,9.0
213268,6.0,7.0,7.0,6.0,7.0,7.0,6.0,8.0,7.0,7.0,6.0,8.0,7.0,6.0,6.0,6.0,6.0,6.0,6.0,8.0,7.0,7.0,7.0,8.0,7.0,8.0,7.0,7.0,6.0,6.0,6.0,6.0,6.0
212336,8.0,8.0,8,7.0,8,9.0,8.0,8,9.0,8.0,7.0,8,7.0,9.0,7,9.0,8.0,7,7,9.0,9.0,9.0,8,10.0,8,7.0,8,8.0,8.0,8.0,6.0,6.0,8
211858,6.0,6.0,8,6.0,8,6.0,8.0,8,6.0,7.0,5.0,8,6.0,6.0,7,6.0,7.0,7,7,6.0,6.0,6.0,8,9.0,8,5.0,8,6.0,8.0,6.0,5.0,5.0,8
213015,7.0,7.0,10.0,9.0,9.0,8.0,7.0,10.0,10.0,9.0,7.0,8.0,9.0,8.0,9.0,8.0,7.0,8.0,9.0,9.0,10.0,10.0,9.0,9.0,8.0,9.0,10.0,8.0,8.0,9.0,8.0,8.0,9.0
210929,7,7,8,7,8,7.0,7.0,8,8.0,8,6,8,7,7.0,7,7.0,7.0,7,7,8,8.0,8.0,8,9,8,7,8,7.0,8,8.0,7,7,8
211719,6.0,6.0,8,7.0,8,8.0,7.0,8,6.0,7.0,4.0,8,5.0,6.0,7,6.0,7.0,7,7,6.0,6.0,6.0,8,8.0,8,6.0,8,6.0,8.0,6.0,6.0,6.0,8
212930,7.0,7.0,8.0,9.0,9.0,9.0,8.0,9.0,9.0,9.0,7.0,8.0,7.0,8.0,8.0,8.0,8.0,9.0,8.0,9.0,9.0,9.0,9.0,9.0,7.0,7.0,7.0,8.0,10.0,9.0,8.0,8.0,9.0
212656,7.0,7.0,7.0,8.0,7.0,7.0,8.0,9.0,6.0,7.0,6.0,7.0,6.0,8.0,7.0,8.0,9.0,7.0,7.0,8.0,7.0,6.0,7.0,10.0,7.0,6.0,8.0,6.0,9.0,7.0,6.0,6.0,9.0
210452,7,7,8,7,8,6.0,5.0,8,7.0,8,6,8,7,5.0,7,5.0,5.0,7,7,8,7.0,7.0,8,9,8,7,8,6.0,8,6.0,7,7,8
210282,7,7,8,7,8,9.0,8.0,8,9.0,8,6,8,7,8.0,7,8.0,9.0,7,7,8,9.0,9.0,8,9,8,7,8,8.0,8,8.0,7,7,8
212222,7.0,7.0,8,8.0,8,8.0,8.0,8,10.0,8.0,7.0,8,8.0,8.0,7,8.0,7.0,7,7,9.0,10.0,10.0,8,10.0,8,8.0,8,9.0,9.0,9.0,9.0,9.0,8
210440,7,7,8,7,8,8.0,7.0,8,8.0,8,6,8,7,7.0,7,7.0,9.0,7,7,8,7.0,8.0,8,9,8,7,8,7.0,8,7.0,7,7,8
211718,7.0,8.0,8,8.0,8,9.0,10.0,8,8.0,8.0,7.0,8,6.0,9.0,7,9.0,8.0,7,7,7.0,9.0,8.0,8,10.0,8,8.0,8,7.0,9.0,8.0,7.0,7.0,8
210421,7,7,8,7,8,7.0,7.0,8,7.0,8,6,8,7,7.0,7,7.0,8.0,7,7,8,7.0,7.0,8,9,8,7,8,6.0,8,7.0,7,7,8
211924,7.0,8.0,8,8.0,8,8.0,8.0,8,7.0,8.0,5.0,8,6.0,8.0,7,8.0,8.0,7,7,7.0,7.0,7.0,8,10.0,8,6.0,8,7.0,8.0,8.0,5.0,5.0,8
212531,8.0,8.0,9.0,9.0,10.0,8.0,8.0,10.0,10.0,10.0,9.0,10.0,9.0,8.0,7.0,8.0,6.0,8.0,9.0,10.0,10.0,10.0,10.0,10.0,9.0,9.0,10.0,9.0,8.0,9.0,8.0,8.0,9.0
210619,7,7,8,7,8,9.0,7.0,8,9.0,8,6,8,7,7.0,7,7.0,7,7,7,8,10.0,9.0,8,9,8,7,8,9.0,8,9.0,7,7,8
213064,6.0,7.0,7.0,9.0,9.0,8.0,8.0,8.0,8.0,9.0,7.0,8.0,9.0,9.0,8.0,9.0,8.0,7.0,9.0,9.0,8.0,8.0,10.0,10.0,8.0,10.0,8.0,7.0,10.0,10.0,8.0,8.0,9.0
210955,7,7,8,7,8,10.0,9.0,8,8.0,8,6,8,7,7.0,7,7.0,10.0,7,7,8,7.0,8.0,8,9,8,7,8,8.0,8,7.0,7,7,8
212044,6.0,7.0,8,7,8,7.0,8.0,8,5.0,6.0,4.0,8,2.0,6.0,7,6.0,8.0,7,7,8,5.0,5.0,8,7.0,8,5.0,8,4.0,7.0,5.0,7,7,8
212082,6.0,6.0,8,6.0,8,7.0,7.0,8,6.0,6.0,5.0,8,4.0,7.0,7,7.0,7.0,7,7,8,5.0,6.0,8,7.0,8,5.0,8,4.0,7.0,6.0,7,7,8
210134,7,7,8,7,8,8.0,7.0,8,7.0,8,6,8,7,6.0,7,6.0,7.0,7,7,8,7.0,7.0,8,9,8,7,8,7.0,8,6.0,7,7,8
211731,6.0,7.0,8,8.0,8,8.0,7.0,8,7.0,8.0,7.0,8,8.0,7.0,7,7.0,8.0,7,7,9.0,7.0,7.0,8,9.0,8,9.0,8,8.0,9.0,7.0,6.0,6.0,8
211066,7,7,8,7,8,8.0,7.0,8,8.0,8,6,8,7,8.0,7,8.0,7.0,7,7,8,9.0,8.0,8,9,8,7,8,7.0,8,9.0,7,7,8
211642,7.0,8.0,8,9.0,8,9.0,8.0,8,9.0,10.0,8.0,8,8.0,9.0,7,9.0,9.0,7,7,10.0,8.0,9.0,8,9.0,8,10.0,8,8.0,9.0,9.0,9.0,9.0,8
211960,8.0,10.0,8,8.0,8,9.0,9.0,8,8.0,10.0,8.0,8,8.0,8.0,7,8.0,8.0,7,7,9.0,9.0,8.0,8,10.0,8,8.0,8,10.0,8.0,8.0,7.0,7.0,8
212323,7.0,7.0,8,7.0,8,9.0,8.0,8,10.0,8.0,7.0,8,8.0,9.0,7,9.0,8.0,7,7,9.0,9.0,10.0,8,10.0,8,9.0,8,8.0,9.0,10.0,8.0,8.0,8
212190,7.0,6.0,8,7.0,8,7.0,7.0,8,9.0,7.0,7.0,8,8.0,7.0,7,7.0,7.0,7,7,7.0,9.0,9.0,8,8.0,8,7.0,8,7.0,8.0,9.0,7.0,7.0,8
210322,7,7,8,7,8,9.0,8.0,8,10.0,8,6,8,7,8.0,7,8.0,8.0,7,7,8,9.0,10.0,8,9,8,7,8,10.0,8,9.0,7,7,8
210260,7,7,8,7,8,7.0,7.0,8,7.0,8,6,8,7,7.0,7,7.0,7.0,7,7,8,8.0,7.0,8,9,8,7,8,7.0,8,7.0,7,7,8
211054,7,7,8,7,8,6.0,6.0,8,7.0,8,6,8,7,7.0,7,7.0,7.0,7,7,8,7.0,7.0,8,9,8,7,8,6.0,8,6.0,7,7,8
211404,7,7,8,7,8,8.0,9.0,8,10.0,8,6,8,7,8.0,7,8.0,7.0,7,7,8,10.0,10.0,8,9,8,7,8,9.0,8,9.0,7,7,8
210997,7,7,8,7,8,8.0,6.0,8,6.0,8,6,8,7,6.0,7,6.0,8.0,7,7,8,7.0,6.0,8,9,8,7,8,6.0,8,6.0,7,7,8
211480,7,7,8,7,8,7.0,7.0,8,9.0,8,6,8,7,8.0,7,8.0,7.0,7,7,8,10.0,9.0,8,9,8,7,8,7.0,8,9.0,7,7,8
210933,7,7,8,7,8,8.0,7.0,8,9.0,8,6,8,7,8.0,7,8.0,6.0,7,7,8,8.0,9.0,8,9,8,7,8,8.0,8,8.0,7,7,8
211499,7,7,8,7,8,7.0,6.0,8,8.0,8,6,8,7,6.0,7,6.0,6.0,7,7,8,8.0,8.0,8,9,8,7,8,8.0,8,7.0,7,7,8
213320,9.0,9.0,8.0,8.0,8.0,9.0,9.0,9.0,8.0,8.0,6.0,8.0,6.0,9.0,6.0,9.0,8.0,9.0,8.0,8.0,8.0,8.0,8.0,10.0,9.0,8.0,8.0,9.0,8.0,8.0,7.0,7.0,8.0
210674,7,7,8,7,8,7.0,5.0,8,7.0,8,6,8,7,6.0,7,6.0,5.0,7,7,8,8.0,7.0,8,9,8,7,8,7.0,8,7.0,7,7,8
211318,7,7,8,7,8,7.0,6.0,8,5.0,8,6,8,7,7.0,7,7.0,7.0,7,7,8,6.0,5.0,8,9,8,7,8,5.0,8,5.0,7,7,8
210987,7,7,8,7,8,7.0,6.0,8,7.0,8,6,8,7,5.0,7,5.0,7.0,7,7,8,5.0,7.0,8,9,8,7,8,6.0,8,5.0,7,7,8
212121,7.0,7.0,8,7.0,8,7.0,7.0,8,9.0,8.0,6.0,8,8.0,7.0,7,7.0,6.0,7,7,8.0,9.0,9.0,8,8.0,8,8.0,8,7.0,7.0,7.0,7.0,7.0,8
212079,8.0,8.0,8,7.0,8,7.0,7.0,8,7.0,8.0,7.0,8,7.0,6.0,7,6.0,6.0,7,7,8.0,9.0,7.0,8,9.0,8,7.0,8,6.0,7.0,7.0,7.0,7.0,8
210342,7,7,8,7,8,8.0,7.0,8,9.0,8,6,8,7,7.0,7,7.0,5.0,7,7,8,7.0,9.0,8,9,8,7,8,8.0,8,8.0,7,7,8
211625,7.0,7.0,8,6.0,8,7.0,6.0,8,10.0,9.0,6.0,8,7.0,8.0,7,8.0,6.0,7,7,9.0,9.0,10.0,8,9.0,8,8.0,8,7.0,7.0,8.0,8.0,8.0,8
213136,7.0,9.0,8.0,9.0,7.0,8.0,9.0,8.0,9.0,10.0,7.0,9.0,8.0,9.0,6.0,9.0,8.0,8.0,8.0,9.0,8.0,9.0,10.0,10.0,9.0,7.0,8.0,8.0,9.0,8.0,7.0,7.0,8.0
210053,7,7,8,7,8,8.0,8.0,8,8.0,8,6,8,7,8.0,7,8.0,8.0,7,7,8,8.0,8.0,8,9,8,7,8,6.0,8,8.0,7,7,8
211169,7,7,8,7,8,6.0,5.0,8,7.0,8,6,8,7,7.0,7,7.0,5.0,7,7,8,8.0,7.0,8,9,8,7,8,7.0,8,7.0,7,7,8
210396,7,7,8,7,8,9.0,7.0,8,6.0,8,6,8,7,8.0,7,8.0,7.0,7,7,8,7.0,6.0,8,9,8,7,8,7.0,8,7.0,7,7,8
212459,7.0,7.0,8,7.0,8,7.0,6.0,8,7.0,7.0,7.0,8,8.0,7.0,7,7.0,6.0,7,7,9.0,9.0,7.0,8,9.0,8,8.0,8,8.0,7.0,7.0,8.0,8.0,8
212161,6.0,5.0,8,6.0,8,6.0,6.0,8,6.0,5.0,5.0,8,5.0,6.0,7,6.0,6.0,7,7,8,6.0,6.0,8,8.0,8,4.0,8,5.0,7.0,6.0,7,7,8
210101,7,7,8,7,8,9.0,8.0,8,7.0,8,6,8,7,8.0,7,8.0,8.0,7,7,8,7.0,7.0,8,9,8,7,8,7.0,8,8.0,7,7,8
210364,7,7,8,7,8,8.0,8.0,8,9.0,8,6,8,7,8.0,7,8.0,7.0,7,7,8,10.0,9.0,8,9,8,7,8,8.0,8,10.0,7,7,8
213106,8.0,8.0,8.0,6.0,8.0,8.0,7.0,9.0,8.0,7.0,6.0,7.0,6.0,7.0,7.0,7.0,7.0,8.0,7.0,7.0,7.0,8.0,7.0,9.0,8.0,6.0,7.0,6.0,8.0,8.0,6.0,6.0,7.0
212598,6.0,6.0,7.0,7.0,7.0,6.0,6.0,7.0,6.0,6.0,6.0,7.0,5.0,6.0,5.0,6.0,6.0,7.0,6.0,6.0,7.0,6.0,7.0,8.0,6.0,6.0,7.0,6.0,7.0,7.0,5.0,5.0,7.0
210298,7,7,8,7,8,8.0,7.0,8,8.0,8,6,8,7,7.0,7,7.0,7.0,7,7,8,7.0,8.0,8,9,8,7,8,6.0,8,7.0,7,7,8
210973,7,7,8,7,8,9.0,9.0,8,9.0,8,6,8,7,8.0,7,8.0,8.0,7,7,8,8.0,9.0,8,9,8,7,8,9.0,8,8.0,7,7,8
211911,6.0,6.0,8,6.0,8,6.0,7.0,8,7.0,6.0,5.0,8,6.0,6.0,7,6.0,6.0,7,7,7.0,7.0,7.0,8,7.0,8,6.0,8,6.0,6.0,7.0,6.0,6.0,8
211208,7,7,8,7,8,8.0,7.0,8,8.0,8,6,8,7,7.0,7,7.0,7,7,7,8,9.0,8.0,8,9,8,7,8,6.0,8,9.0,7,7,8
210271,7,7,8,7,8,7.0,7.0,8,7.0,8,6,8,7,6.0,7,6.0,5.0,7,7,8,6.0,7.0,8,9,8,7,8,6.0,8,6.0,7,7,8
212570,7.0,8.0,9.0,7.0,8.0,7.0,8.0,8,10.0,8.0,6.0,8.0,6.0,7.0,6.0,7.0,6.0,8.0,7.0,8.0,9.0,10.0,8.0,10.0,8.0,6.0,8.0,8.0,6.0,8.0,6.0,6.0,8.0
212172,9.0,8.0,8,8.0,8,8.0,8.0,8,8.0,8.0,7.0,8,7.0,8.0,7,8.0,7.0,7,7,9.0,9.0,8.0,8,10.0,8,7.0,8,9.0,8.0,8.0,8.0,8.0,8
213088,7.0,8.0,7.0,8.0,6.0,7.0,7.0,7.0,9.0,8.0,6.0,8.0,7.0,6.0,5.0,6.0,6.0,6.0,8.0,8.0,7.0,9.0,9.0,9.0,8.0,9.0,6.0,7.0,7.0,7.0,8.0,8.0,7.0
212282,6.0,8.0,8,7.0,8,8.0,6.0,8,9.0,9.0,6.0,8,8.0,7.0,7,7.0,7.0,7,7,9.0,8.0,9.0,8,8.0,8,8.0,8,8.0,7.0,7.0,7.0,7.0,8
211981,6.0,7.0,8,8.0,8,8.0,8.0,8,7.0,7.0,6.0,8,5.0,7.0,7,7.0,9.0,7,7,6.0,6.0,7.0,8,9.0,8,6.0,8,6.0,9.0,7.0,7.0,7.0,8
210686,7,7,8,7,8,8.0,8.0,8,8.0,8,6,8,7,7.0,7,7.0,8.0,7,7,8,7.0,8.0,8,9,8,7,8,8.0,8,7.0,7,7,8
210063,7,7,8,7,8,7.0,7.0,8,6.0,8,6,8,7,6.0,7,6.0,7.0,7,7,8,6.0,6.0,8,9,8,7,8,6.0,8,6.0,7,7,8
211969,7.0,10.0,8,8.0,8,8.0,9.0,8,7.0,9.0,6.0,8,6.0,8.0,7,8.0,10.0,7,7,7.0,8.0,7.0,8,10.0,8,6.0,8,7.0,9.0,7.0,8.0,8.0,8
212795,6.0,7.0,8.0,8.0,8.0,8.0,6.0,9.0,8.0,6.0,6.0,6.0,6.0,7.0,7.0,7.0,7.0,7.0,7.0,6.0,8.0,8.0,7.0,8.0,7.0,7.0,7.0,6.0,9.0,8.0,7.0,7.0,8.0
211797,7.0,9.0,8,8.0,8,9.0,7.0,8,9.0,9.0,7.0,8,7.0,8.0,7,8.0,8.0,7,7,9.0,8.0,9.0,8,9.0,8,9.0,8,7.0,9.0,9.0,8.0,8.0,8
213257,6.0,6.0,6.0,6.0,7.0,6.0,6.0,7.0,7.0,6.0,6.0,5.0,5.0,6.0,6.0,6.0,6.0,6.0,6.0,6.0,7.0,7.0,5.0,7.0,5.0,5.0,6.0,6.0,7.0,7.0,6.0,6.0,7.0
213266,8.0,8.0,7.0,8.0,7.0,8.0,8.0,7.0,8.0,6.0,7.0,8.0,6.0,8.0,7.0,8.0,9.0,7,8.0,7.0,8.0,8.0,8.0,9.0,7.0,7.0,7.0,6.0,10.0,8.0,7.0,7.0,10.0
212469,5.0,7.0,8,7.0,8,7.0,7.0,8,5.0,5.0,5.0,8,4.0,6.0,7,6.0,8.0,7,7,8,6.0,5.0,8,8.0,8,5.0,8,5.0,8.0,6.0,7,7,8
213007,7.0,8.0,7.0,8.0,8.0,8.0,8.0,8.0,8.0,8.0,7.0,7.0,6.0,10.0,9.0,10.0,9.0,8.0,8.0,7.0,9.0,8.0,8.0,9.0,8.0,7.0,7.0,7.0,9.0,8.0,7.0,7.0,9.0
212501,7.0,7.0,8,9.0,8,8.0,7.0,8,9.0,8.0,8.0,8,7.0,9.0,7,9.0,9.0,7,7,8.0,9.0,9.0,8,10.0,8,7.0,8,8.0,9.0,9.0,8.0,8.0,8
212833,5.0,6.0,8,7.0,8,7.0,6.0,8,7.0,6.0,4.0,8,5.0,6.0,7,6.0,7.0,7,6.0,6.0,6.0,7.0,4.0,8.0,8,7.0,8,6.0,6.0,7.0,6.0,6.0,8
211466,7,7,8,7,8,7.0,7.0,8,7.0,8,6,8,7,6.0,7,6.0,7.0,7,7,8,7.0,7.0,8,9,8,7,8,6.0,8,6.0,7,7,8
212889,6.0,6.0,7.0,8.0,8.0,7.0,6.0,8.0,7.0,7.0,6.0,7.0,6.0,8.0,8.0,8.0,7.0,8.0,7.0,6.0,7.0,7.0,7.0,9.0,7.0,8.0,6.0,6.0,9.0,8.0,7.0,7.0,8.0
212366,8.0,8.0,8,8.0,8,8.0,9.0,8,8.0,9.0,6.0,8,6.0,9.0,7,9.0,10.0,7,7,6.0,8.0,8.0,8,10.0,8,6.0,8,8.0,10.0,9.0,6.0,6.0,8
210268,7,7,8,7,8,8.0,8.0,8,7.0,8,6,8,7,7.0,7,7.0,8.0,7,7,8,6.0,7.0,8,9,8,7,8,7.0,8,6.0,7,7,8
211357,7,7,8,7,8,7.0,8.0,8,9.0,8,6,8,7,9.0,7,9.0,7.0,7,7,8,9.0,9.0,8,9,8,7,8,7.0,8,9.0,7,7,8
212130,6.0,6.0,8,6.0,8,7.0,6.0,8,8.0,5.0,7.0,8,6.0,7.0,7,7.0,6.0,7,7,7.0,9.0,8.0,8,8.0,8,5.0,8,6.0,7.0,7.0,8.0,8.0,8
212062,9.0,8.0,8,8.0,8,8.0,9.0,8,10.0,9.0,8.0,8,9.0,8.0,7,8.0,6.0,7,7,9.0,10.0,10.0,8,10.0,8,8.0,8,10.0,9.0,9.0,8.0,8.0,8
210910,7,7,8,7,8,8.0,9.0,8,8.0,8,6,8,7,8.0,7,8.0,9.0,7,7,8,8,8.0,8,9,8,7,8,7.0,8,9.0,7,7,8
212708,6.0,6.0,8,6.0,8,7.0,5.0,8,6.0,7.0,5.0,8,6.0,6.0,7,6.0,6.0,7,6.0,7.0,6.0,6.0,6.0,8.0,8,6.0,8,6.0,7.0,8.0,6.0,6.0,8
210848,7,7,8,7,8,8.0,7.0,8,9.0,8,6,8,7,6.0,7,6.0,6.0,7,7,8,9.0,9.0,8,9,8,7,8,7.0,8,8.0,7,7,8
211763,7.0,7.0,8,8.0,8,7.0,6.0,8,9.0,8.0,7.0,8,9.0,7.0,7,7.0,6.0,7,7,7.0,9.0,9.0,8,9.0,8,8.0,8,7.0,8.0,9.0,7.0,7.0,8
211134,7,7,8,7,8,6.0,5.0,8,8.0,8,6,8,7,6.0,7,6.0,4.0,7,7,8,8.0,8.0,8,9,8,7,8,7.0,8,8.0,7,7,8
211992,6.0,7.0,8,7.0,8,7.0,8.0,8,6.0,6.0,4.0,8,4.0,6.0,7,6.0,7.0,7,7,5.0,4.0,6.0,8,8.0,8,4.0,8,6.0,8.0,5.0,5.0,5.0,8
211777,4.0,5.0,8,6.0,8,6.0,6.0,8,6.0,4.0,6.0,8,5.0,6.0,7,6.0,7.0,7,7,8,7.0,6.0,8,6.0,8,6.0,8,5.0,8.0,6.0,7,7,8
212355,7.0,8.0,8,9.0,8,9.0,9.0,8,9.0,8.0,7.0,8,6.0,9.0,7,9.0,9.0,7,7,9.0,8.0,9.0,8,10.0,8,7.0,8,8.0,8.0,9.0,7.0,7.0,8
210626,7,7,8,7,8,6.0,6.0,8,6.0,8,6,8,7,7.0,7,7.0,6.0,7,7,8,7.0,6.0,8,9,8,7,8,6.0,8,7.0,7,7,8
212252,7.0,6.0,8,7.0,8,6.0,6.0,8,8.0,7.0,5.0,8,6.0,5.0,7,5.0,6.0,7,7,6.0,7.0,8.0,8,9.0,8,6.0,8,6.0,6.0,6.0,6.0,6.0,8
211573,7.0,8.0,8,7.0,8,8.0,6.0,8,10.0,8.0,7.0,8,9.0,8.0,7,8.0,7.0,7,7,9.0,9.0,10.0,8,10.0,8,8.0,8,8.0,8.0,8.0,9.0,9.0,8
210225,7,7,8,7,8,8.0,7.0,8,8.0,8,6,8,7,7.0,7,7.0,7.0,7,7,8,7.0,8.0,8,9,8,7,8,7.0,8,7.0,7,7,8
211368,7,7,8,7,8,8.0,8.0,8,9.0,8,6,8,7,9.0,7,9.0,7.0,7,7,8,10.0,9.0,8,9,8,7,8,10.0,8,7.0,7,7,8
211476,7,7,8,7,8,7.0,7.0,8,7.0,8,6,8,7,6.0,7,6.0,6.0,7,7,8,8.0,7.0,8,9,8,7,8,6.0,8,7.0,7,7,8
210561,7,7,8,7,8,8.0,8.0,8,8.0,8,6,8,7,8.0,7,8.0,8.0,7,7,8,7.0,8.0,8,9,8,7,8,7.0,8,6.0,7,7,8
213001,6.0,6.0,6.0,5.0,6.0,7.0,6.0,7.0,8.0,6.0,6.0,7.0,6.0,6.0,4.0,6.0,7.0,5.0,6.0,7.0,7.0,8.0,7.0,7.0,6.0,7.0,6.0,6.0,6.0,6.0,6.0,6.0,6.0
211175,7,7,8,7,8,8.0,8.0,8,8.0,8,6,8,7,7.0,7,7.0,8.0,7,7,8,7.0,8.0,8,9,8,7,8,7.0,8,6.0,7,7,8
210897,7,7,8,7,8,9.0,9.0,8,10.0,8,6,8,7,7.0,7,7.0,8.0,7,7,8,8.0,10.0,8,9,8,7,8,9.0,8,8.0,7,7,8
210773,7,7,8,7,8,9.0,8.0,8,9.0,8,6,8,7,8.0,7,8.0,7.0,7,7,8,9.0,9.0,8,9,8,7,8,8.0,8,8.0,7,7,8
212132,7.0,7.0,8,7.0,8,8.0,6.0,8,8.0,9.0,5.0,8,7.0,6.0,7,6.0,6.0,7,7,9.0,7.0,8.0,8,8.0,8,8.0,8,6.0,7.0,6.0,6.0,6.0,8
212274,8.0,8.0,8,8.0,8,9.0,8.0,8,9.0,9.0,7.0,8,8.0,8.0,7,8.0,8.0,7,7,9.0,9.0,9.0,8,10.0,8,8.0,8,8.0,9.0,8.0,8.0,8.0,8
211202,7,7,8,7,8,7.0,8.0,8,7.0,8,6,8,7,8.0,7,8.0,7.0,7,7,8,8.0,7.0,8,9,8,7,8,7.0,8,9.0,7,7,8
212320,6.0,6.0,8,6.0,8,6.0,5.0,8,7.0,6.0,5.0,8,7.0,6.0,7,6.0,5.0,7,7,7.0,7.0,7.0,8,7.0,8,6.0,8,7.0,7.0,8.0,6.0,6.0,8
210444,7,7,8,7,8,7.0,6.0,8,8.0,8,6,8,7,7.0,7,7.0,5.0,7,7,8,9.0,8.0,8,9,8,7,8,8.0,8,9.0,7,7,8
211510,7,7,8,7,8,8.0,8.0,8,7.0,8,6,8,7,9.0,7,9.0,8.0,7,7,8,8.0,7.0,8,9,8,7,8,8.0,8,8.0,7,7,8
210046,7,7,8,7,8,7.0,7.0,8,9.0,8,6,8,7,7.0,7,7.0,5.0,7,7,8,8.0,9.0,8,9,8,7,8,8.0,8,7.0,7,7,8
210659,7,7,8,7,8,8.0,9.0,8,8.0,8,6,8,7,10.0,7,10.0,9.0,7,7,8,8.0,8.0,8,9,8,7,8,9.0,8,8.0,7,7,8
210240,7,7,8,7,8,8.0,9.0,8,7.0,8,6,8,7,8.0,7,8.0,9.0,7,7,8,8.0,7.0,8,9,8,7,8,8.0,8,9.0,7,7,8
211864,6.0,7.0,8,9.0,8,8.0,8.0,8,8.0,7.0,8.0,8,7.0,8.0,7,8.0,9.0,7,7,8.0,10.0,8.0,8,8.0,8,8.0,8,7.0,9.0,10.0,8.0,8.0,8
212984,6.0,6.0,7.0,7.0,7.0,8.0,7.0,8.0,7.0,6.0,7.0,7.0,6.0,8.0,8.0,8.0,8.0,7.0,7.0,6.0,7.0,7.0,7.0,8.0,7.0,6.0,6.0,7.0,8.0,8.0,6.0,6.0,8.0
210056,7,7,8,7,8,7.0,7.0,8,6.0,8,6,8,7,6.0,7,6.0,7.0,7,7,8,6.0,6.0,8,9,8,7,8,6.0,8,7.0,7,7,8
210287,7,7,8,7,8,7.0,7.0,8,8.0,8,6,8,7,6.0,7,6.0,7.0,7,7,8,8.0,8.0,8,9,8,7,8,8.0,8,7.0,7,7,8
213270,8.0,7.0,8.0,7.0,7.0,7.0,7.0,9.0,8.0,8.0,6.0,8.0,6.0,7.0,6.0,7.0,7.0,7.0,6.0,6.0,8.0,8.0,7.0,9.0,6.0,7.0,8.0,7.0,8.0,8.0,6.0,6.0,8.0
210603,7,7,8,7,8,8.0,7.0,8,7.0,8,6,8,7,8.0,7,8.0,9.0,7,7,8,8.0,7.0,8,9,8,7,8,7.0,8,8.0,7,7,8
212899,6.0,6.0,8,7.0,8,6.0,6.0,8,6.0,6.0,6.0,8,5.0,6.0,7,6.0,6.0,7,6.0,8,7.0,6.0,8,7.0,8,6.0,8,5.0,7.0,6.0,7,7,7.0
212384,9.0,10.0,8,8.0,8,9.0,9.0,8,9.0,10.0,7.0,8,8.0,8.0,7,8.0,9.0,7,7,10.0,8.0,9.0,8,10.0,8,8.0,8,9.0,8.0,8.0,7.0,7.0,8
212297,6.0,6.0,8,7.0,8,7.0,7.0,8,7.0,7.0,6.0,8,6.0,7.0,7,7.0,8.0,7,7,8.0,6.0,7.0,8,8.0,8,6.0,8,6.0,8.0,7.0,7.0,7.0,8
212015,7.0,8.0,8,8.0,8,8.0,9.0,8,9.0,9.0,7.0,8,8.0,8.0,7,8.0,8.0,7,7,10.0,9.0,9.0,8,9.0,8,10.0,8,8.0,8.0,10.0,8.0,8.0,8
211068,7,7,8,7,8,6.0,6.0,8,7.0,8,6,8,7,5.0,7,5.0,6.0,7,7,8,6.0,7.0,8,9,8,7,8,6.0,8,6.0,7,7,8
212113,8.0,9.0,8,9.0,8,9.0,9.0,8,9.0,10.0,6.0,8,7.0,9.0,7,9.0,9.0,7,7,9.0,7.0,9.0,8,10.0,8,8.0,8,10.0,9.0,8.0,8.0,8.0,8
210613,7,7,8,7,8,7.0,7.0,8,8.0,8,6,8,7,8.0,7,8.0,7.0,7,7,8,8.0,8.0,8,9,8,7,8,8.0,8,7.0,7,7,8
213076,6.0,6.0,7.0,6.0,6.0,7.0,6.0,7.0,7.0,7.0,6.0,7.0,6.0,6.0,5.0,6.0,6.0,6.0,6.0,7.0,8.0,7.0,7.0,8.0,6.0,6.0,6.0,6.0,7.0,6.0,6.0,6.0,6.0
211523,6.0,6.0,8,7.0,8,7.0,7.0,8,8.0,7.0,6.0,8,5.0,7.0,7,7.0,6.0,7,7,7.0,7.0,8.0,8,9.0,8,7.0,8,7.0,7.0,7.0,5.0,5.0,8
210721,7,7,8,7,8,6.0,6.0,8,7.0,8,6,8,7,7.0,7,7.0,5.0,7,7,8,8.0,7.0,8,9,8,7,8,6.0,8,8.0,7,7,8
211757,6.0,7.0,8,7.0,8,7.0,7.0,8,6.0,7.0,4.0,8,5.0,7.0,7,7.0,7.0,7,7,7.0,6.0,6.0,8,8.0,8,6.0,8,6.0,7.0,6.0,5.0,5.0,8
210855,7,7,8,7,8,6.0,7.0,8,8.0,8,6,8,7,8.0,7,8.0,6.0,7,7,8,9.0,8.0,8,9,8,7,8,7.0,8,8.0,7,7,8
212231,9.0,8.0,8,8.0,8,8.0,7.0,8,9.0,8.0,7.0,8,7.0,9.0,7,9.0,8.0,7,7,7.0,9.0,9.0,8,9.0,8,7.0,8,8.0,8.0,8.0,7,7,8
211600,7.0,6.0,8,7.0,8,7.0,8.0,8,6.0,7.0,5.0,8,5.0,9.0,7,9.0,9.0,7,7,6.0,8.0,6.0,8,9.0,8,6.0,8,6.0,8.0,7.0,5.0,5.0,8
210948,7,7,8,7,8,6.0,7.0,8,6.0,8,6,8,7,7.0,7,7.0,7.0,7,7,8,6.0,6.0,8,9,8,7,8,5.0,8,6.0,7,7,8
210120,7,7,8,7,8,6.0,6.0,8,7.0,8,6,8,7,7.0,7,7.0,7.0,7,7,8,5.0,7.0,8,9,8,7,8,6.0,8,6.0,7,7,8
212408,6.0,7.0,8,6.0,8,8.0,7.0,8,9.0,7.0,7.0,8,8.0,8.0,7,8.0,6.0,7,7,10.0,9.0,9.0,8,8.0,8,9.0,8,7.0,8.0,7.0,7,7,8
212590,7.0,7.0,6.0,8.0,8.0,8.0,8.0,7.0,7.0,8.0,6.0,8.0,7.0,8.0,7.0,8.0,8.0,7.0,6.0,9.0,7.0,7.0,8.0,8.0,9.0,8.0,8.0,7.0,10.0,8.0,6.0,6.0,8.0
210089,7,7,8,7,8,7.0,7.0,8,9.0,8,6,8,7,7.0,7,7.0,6.0,7,7,8,8.0,9.0,8,9,8,7,8,8.0,8,8.0,7,7,8
212600,8.0,9.0,7.0,9.0,8.0,10.0,9.0,8.0,9.0,8.0,7.0,8.0,8.0,8.0,7.0,8.0,9.0,7.0,8.0,8.0,8.0,9.0,10.0,10.0,8.0,8.0,8.0,8.0,9.0,9.0,8.0,8.0,9.0
212445,7.0,8.0,8,7.0,8,8.0,8.0,8,7.0,8.0,6.0,8,6.0,8.0,7,8.0,8.0,7,7,8.0,8.0,7.0,8,10.0,8,7.0,8,7.0,8.0,7.0,6.0,6.0,8
211456,7,7,8,7,8,8.0,7.0,8,9.0,8,6,8,7,6.0,7,6.0,7.0,7,7,8,8.0,9.0,8,9,8,7,8,7.0,8,8.0,7,7,8
210191,7,7,8,7,8,7.0,7.0,8,7.0,8,6,8,7,6.0,7,6.0,8.0,7,7,8,7.0,7.0,8,9,8,7,8,6.0,8,8.0,7,7,8
212498,6.0,6.0,8,6.0,8,7.0,6.0,8,6.0,6.0,5.0,8,5.0,7.0,7,7.0,6.0,7,7,6.0,8.0,6.0,8,7.0,8,7.0,8,6.0,7.0,8.0,6.0,6.0,8
210750,7,7,8,7,8,7.0,7.0,8,7.0,8,6,8,7,6.0,7,6.0,6.0,7,7,8,7.0,7.0,8,9,8,7,8,5.0,8,6.0,7,7,8
212264,7.0,7.0,8,9.0,8,8.0,7.0,8,9.0,7.0,7.0,8,9.0,9.0,7,9.0,7.0,7,7,9.0,9.0,9.0,8,9.0,8,10.0,8,9.0,10.0,10.0,9.0,9.0,8
212541,7.0,8.0,8.0,9.0,9.0,9.0,8.0,9.0,9.0,9.0,7.0,9.0,8.0,8.0,7.0,8.0,9.0,7.0,9.0,10.0,7.0,9.0,9.0,10.0,9.0,9.0,9.0,8.0,9.0,8.0,8.0,8.0,9.0
211669,6.0,8.0,8,8.0,8,8.0,8.0,8,7.0,7.0,6.0,8,7.0,7.0,7,7.0,7.0,7,7,6.0,7.0,7.0,8,8.0,8,8.0,8,7.0,8.0,8.0,5.0,5.0,8
210530,7,7,8,7,8,8.0,7.0,8,9.0,8,6,8,7,9.0,7,9.0,8.0,7,7,8,10.0,9.0,8,9,8,7,8,8.0,8,8.0,7,7,8
212054,7.0,7.0,8,8.0,8,8.0,8.0,8,9.0,9.0,7.0,8,8.0,9.0,7,9.0,7.0,7,7,10.0,9.0,9.0,8,10.0,8,9.0,8,9.0,9.0,9.0,8.0,8.0,8
212621,6.0,6.0,8,6.0,8,7.0,6.0,8,8.0,7.0,6.0,8,7.0,6.0,7,6.0,5.0,7,6.0,8.0,9.0,8.0,8.0,8.0,8,6.0,8,6.0,6.0,8.0,8.0,8.0,6.0
211018,7,7,8,7,8,8.0,7,8,8.0,8,6,8,7,7.0,7,7.0,8.0,7,7,8,9.0,8.0,8,9,8,7,8,7.0,8,8.0,7,7,8
211729,8.0,8.0,8,7.0,8,8.0,8.0,8,10.0,9.0,7.0,8,8.0,7.0,7,7.0,8.0,7,7,8.0,9.0,10.0,8,10.0,8,8.0,8,9.0,8.0,9.0,8.0,8.0,8
211643,7.0,8.0,8,7.0,8,8.0,6.0,8,10.0,8.0,6.0,8,6.0,6.0,7,6.0,6.0,7,7,7.0,9.0,10.0,8,8.0,8,6.0,8,8.0,6.0,7.0,6.0,6.0,8
213324,4.0,6.0,8,6.0,8,7.0,6.0,8,6.0,6.0,4.0,8,6.0,6.0,7,6.0,6.0,7,7.0,7.0,6.0,6.0,7.0,7.0,8,7.0,8,6.0,8.0,6.0,6.0,6.0,8
210736,7,7,8,7,8,7.0,8.0,8,9.0,8,6,8,7,8.0,7,8.0,7.0,7,7,8,9.0,9.0,8,9,8,7,8,8.0,8,9.0,7,7,8
210480,7,7,8,7,8,9.0,9.0,8,9.0,8,6,8,7,7.0,7,7.0,8.0,7,7,8,8.0,9.0,8,9,8,7,8,10.0,8,7.0,7,7,8
213149,6.0,6.0,7.0,6.0,6.0,8.0,7.0,9.0,7.0,9.0,6.0,7.0,7.0,6.0,5.0,6.0,7.0,8.0,6.0,7.0,6.0,7.0,7.0,9.0,8.0,6.0,7.0,6.0,7.0,7.0,6.0,6.0,8.0
212606,5.0,6.0,8,7.0,8,6.0,6.0,8,6.0,6.0,6.0,8,5.0,7.0,7,7.0,7.0,7,7.0,6.0,7.0,6.0,6.0,8.0,8,6.0,8,6.0,7.0,6.0,6.0,6.0,8.0
210549,7,7,8,7,8,5.0,7.0,8,6.0,8,6,8,7,8.0,7,8.0,7.0,7,7,8,5.0,6.0,8,9,8,7,8,7,8,6.0,7,7,8
212799,7.0,7.0,6.0,7.0,8,9.0,8.0,7.0,6.0,7.0,6.0,6.0,5.0,7.0,6.0,7.0,9.0,7.0,7.0,7.0,7.0,6.0,7.0,9.0,7.0,6.0,6.0,6.0,7.0,6.0,6.0,6.0,8.0
211260,7,7,8,7,8,9.0,7.0,8,7,8,6,8,7,8.0,7,8.0,7.0,7,7,8,10.0,7,8,9,8,7,8,8.0,8,8.0,7,7,8
210969,7,7,8,7,8,8.0,7.0,8,9.0,8,6,8,7,6.0,7,6.0,7.0,7,7,8,9.0,9.0,8,9,8,7,8,8.0,8,8.0,7,7,8
211237,7,7,8,7,8,8.0,9.0,8,10.0,8,6,8,7,8.0,7,8.0,8.0,7,7,8,8.0,10.0,8,9,8,7,8,8.0,8,9.0,7,7,8
210665,7,7,8,7,8,8.0,6.0,8,7.0,8,6,8,7,7.0,7,7.0,7.0,7,7,8,8.0,7.0,8,9,8,7,8,6.0,8,8.0,7,7,8
212604,6.0,7.0,6.0,7.0,6.0,7.0,8.0,7.0,7.0,8.0,6.0,7.0,6.0,6.0,5.0,6.0,6.0,7.0,6.0,7.0,6.0,7.0,7.0,8.0,7.0,6.0,6.0,6.0,7.0,7.0,6.0,6.0,7.0
211464,7,7,8,7,8,9.0,10.0,8,8.0,8,6,8,7,9.0,7,9.0,9.0,7,7,8,7.0,8.0,8,9,8,7,8,8.0,8,8.0,7,7,8
212526,8.0,9.0,8.0,8.0,8.0,8.0,9.0,9.0,9.0,9.0,7.0,8.0,7.0,9.0,7.0,9.0,8.0,8.0,8.0,8.0,8.0,9.0,8.0,9.0,8.0,8.0,7.0,8.0,8.0,6.0,6.0,6.0,8.0
213309,5.0,6.0,8,6.0,8,6.0,6.0,8,7.0,7.0,6.0,8,6.0,7.0,7,7.0,6.0,7,8.0,7.0,8.0,7.0,7.0,8.0,8,7.0,8,6.0,7.0,6.0,6.0,6.0,7.0
212842,7.0,8.0,7.0,7.0,6.0,8.0,7.0,7.0,7.0,8.0,6.0,8.0,6.0,7.0,6.0,7.0,9.0,7.0,7.0,6.0,8.0,7.0,8.0,9.0,7.0,7.0,6.0,7.0,9.0,6.0,7.0,7.0,7.0
211843,6.0,7.0,8,6.0,8,6.0,6.0,8,8.0,8.0,5.0,8,5.0,5.0,7,5.0,7.0,7,7,8.0,7.0,8.0,8,8.0,8,7.0,8,7.0,6.0,6.0,5.0,5.0,8
211760,8.0,10.0,8,9.0,8,9.0,9.0,8,8.0,9.0,7.0,8,8.0,8.0,7,8.0,8.0,7,7,9.0,8.0,8.0,8,10.0,8,8.0,8,7.0,10.0,7.0,7.0,7.0,8
212628,7.0,6.0,7.0,6.0,7.0,6.0,6.0,8.0,8.0,7.0,5.0,7.0,5.0,6.0,4.0,6.0,6.0,7.0,6.0,6.0,7.0,8.0,7.0,8.0,6.0,6.0,7.0,6.0,6.0,6.0,6.0,6.0,8
213271,8.0,8.0,7.0,9.0,8.0,10.0,9.0,8.0,9.0,8.0,7.0,9.0,9.0,7.0,8.0,7.0,8.0,8.0,8.0,9.0,8.0,9.0,9.0,10.0,8.0,9.0,8.0,8.0,9.0,8.0,9.0,9.0,8.0
212959,9.0,8.0,10.0,8.0,9.0,8.0,7.0,10.0,10.0,9.0,7.0,8.0,8.0,8.0,7.0,8.0,6.0,8.0,8.0,9.0,10.0,10.0,8.0,10.0,8.0,8.0,9.0,8.0,8.0,10.0,8.0,8.0,8.0
212219,8.0,8.0,8,8.0,8,8.0,8.0,8,10.0,8.0,8.0,8,9.0,7.0,7,7.0,7.0,7,7,9.0,9.0,10.0,8,9.0,8,10.0,8,8.0,9.0,8.0,8.0,8.0,8
210792,7,7,8,7,8,7.0,6.0,8,7.0,8,6,8,7,8.0,7,8.0,7.0,7,7,8,7.0,7.0,8,9,8,7,8,7.0,8,7.0,7,7,8
210668,7,7,8,7,8,6.0,6.0,8,9.0,8,6,8,7,7.0,7,7.0,6.0,7,7,8,8.0,9.0,8,9,8,7,8,7.0,8,8.0,7,7,8
211772,8.0,10.0,8,8.0,8,9.0,9.0,8,9.0,9.0,6.0,8,7.0,9.0,7,9.0,9.0,7,7,7.0,8.0,9.0,8,10.0,8,8.0,8,8.0,9.0,8.0,6.0,6.0,8
210132,7,7,8,7,8,8.0,7.0,8,8.0,8,6,8,7,8.0,7,8.0,7.0,7,7,8,8.0,8.0,8,9,8,7,8,8.0,8,8.0,7,7,8
211162,7,7,8,7,8,6.0,7.0,8,5.0,8,6,8,7,8.0,7,8.0,8.0,7,7,8,7.0,5.0,8,9,8,7,8,6.0,8,8.0,7,7,8
213124,8.0,9.0,10.0,7.0,8.0,9.0,7.0,9.0,9.0,9.0,7.0,8.0,8.0,6.0,6.0,6.0,7.0,7.0,8.0,8.0,8.0,9.0,9.0,9.0,8.0,8.0,8.0,8.0,8.0,7.0,7.0,7.0,8.0
213210,5.0,6.0,8,6.0,8,6.0,6.0,8,7.0,6.0,6.0,8,6.0,6.0,7,6.0,6.0,7,7.0,7.0,7.0,7.0,7.0,7.0,8,7.0,8,6.0,8.0,7.0,6.0,6.0,7.0
210639,7,7,8,7,8,6.0,7.0,8,6.0,8,6,8,7,7.0,7,7.0,7.0,7,7,8,6.0,6.0,8,9,8,7,8,6.0,8,6.0,7,7,8
211001,7,7,8,7,8,6.0,6.0,8,7.0,8,6,8,7,7.0,7,7.0,6.0,7,7,8,7.0,7.0,8,9,8,7,8,6.0,8,7.0,7,7,8
210139,7,7,8,7,8,6.0,7.0,8,6.0,8,6,8,7,7.0,7,7.0,8.0,7,7,8,7.0,6.0,8,9,8,7,8,5.0,8,6.0,7,7,8
210074,7,7,8,7,8,8.0,8.0,8,10.0,8,6,8,7,7.0,7,7.0,7.0,7,7,8,10.0,10.0,8,9,8,7,8,8.0,8,9.0,7,7,8
210903,7,7,8,7,8,8.0,8.0,8,10.0,8,6,8,7,7.0,7,7.0,6.0,7,7,8,8.0,10.0,8,9,8,7,8,8.0,8,7.0,7,7,8
212349,6.0,7.0,8,8.0,8,7.0,6.0,8,8.0,7.0,7.0,8,7.0,7.0,7,7.0,6.0,7,7,8.0,8.0,8.0,8,8.0,8,9.0,8,7.0,9.0,9.0,8.0,8.0,8
212226,6.0,8.0,8,8.0,8,8.0,6.0,8,8.0,8.0,7.0,8,7.0,6.0,7,6.0,6.0,7,7,7.0,8.0,8.0,8,7.0,8,7.0,8,7.0,8.0,8.0,7.0,7.0,8
210464,7,7,8,7,8,7.0,7.0,8,10.0,8,6,8,7,6.0,7,6.0,5.0,7,7,8,9.0,10.0,8,9,8,7,8,7.0,8,8.0,7,7,8
212827,6.0,7.0,6.0,7.0,6.0,6.0,6.0,6.0,6.0,6.0,6.0,5.0,4.0,7.0,6.0,7.0,8.0,7.0,6.0,7.0,6.0,6.0,6.0,8.0,6.0,5.0,6.0,6.0,7.0,6.0,6.0,6.0,8.0
211792,7.0,7.0,8,7.0,8,8.0,7.0,8,8.0,6.0,7.0,8,6.0,8.0,7,8.0,7.0,7,7,7.0,8.0,8.0,8,9.0,8,7.0,8,8.0,9.0,9.0,7.0,7.0,8
212050,8.0,8.0,8,8.0,8,9.0,9.0,8,8.0,9.0,6.0,8,8.0,10.0,7,10.0,9.0,7,7,8.0,8.0,8.0,8,10.0,8,9.0,8,8.0,8.0,8.0,7.0,7.0,8
210718,7,7,8,7,8,6.0,6.0,8,8.0,8,6,8,7,7.0,7,7.0,7.0,7,7,8,9.0,8.0,8,9,8,7,8,8.0,8,8.0,7,7,8
212516,5.0,6.0,5.0,7.0,6.0,7.0,6.0,5.0,7.0,6.0,6.0,6.0,5.0,6.0,6.0,6.0,6.0,7,6.0,7.0,7.0,7.0,7.0,7.0,8,6.0,5.0,6.0,7.0,7.0,6.0,6.0,6.0
212211,4.0,6.0,8,7.0,8,6.0,7.0,8,7.0,6.0,6.0,8,6.0,7.0,7,7.0,7.0,7,7,6.0,7.0,7.0,8,7.0,8,7.0,8,6.0,8.0,8.0,6.0,6.0,8
212267,7.0,9.0,8,8.0,8,8.0,7.0,8,8.0,9.0,6.0,8,7.0,8.0,7,8.0,7.0,7,7,8.0,7.0,8.0,8,9.0,8,9.0,8,8.0,7.0,7.0,7.0,7.0,8
210489,7,7,8,7,8,8.0,8.0,8,9.0,8,6,8,7,8.0,7,8.0,8.0,7,7,8,10.0,9.0,8,9,8,7,8,8.0,8,8.0,7,7,8
212782,6.0,7.0,8.0,7.0,9.0,7.0,6.0,9.0,7.0,6.0,6.0,7.0,7.0,8.0,7.0,8.0,7.0,7.0,6.0,7.0,9.0,7.0,7.0,8.0,7.0,7.0,8.0,6.0,8.0,8.0,7.0,7.0,8.0
211550,8.0,7.0,8,7.0,8,7.0,6.0,8,8.0,8.0,6.0,8,6.0,7.0,7,7.0,7.0,7,7,8.0,9.0,8.0,8,10.0,8,7.0,8,8.0,7.0,7.0,7.0,7.0,8
213023,6.0,7.0,8,6.0,8,8.0,6.0,8,7.0,7.0,6.0,8,6.0,4.0,7,4.0,6.0,7,7.0,6.0,6.0,7.0,9.0,8.0,8,7.0,8,7.0,7.0,6.0,6.0,6.0,6.0
210895,7,7,8,7,8,7.0,7.0,8,8.0,8,6,8,7,9.0,7,9.0,7.0,7,7,8,9.0,8.0,8,9,8,7,8,7.0,8,9.0,7,7,8
210901,7,7,8,7,8,8.0,7.0,8,9.0,8,6,8,7,7.0,7,7.0,6.0,7,7,8,9.0,9.0,8,9,8,7,8,8.0,8,9.0,7,7,8
211950,7.0,7.0,8,6.0,8,7.0,6.0,8,8.0,7.0,7.0,8,5.0,7.0,7,7.0,6.0,7,7,8.0,9.0,8.0,8,8.0,8,8.0,8,7.0,7.0,8.0,7.0,7.0,8
210618,7,7,8,7,8,8.0,9.0,8,7.0,8,6,8,7,8.0,7,8.0,8.0,7,7,8,7.0,7.0,8,9,8,7,8,7.0,8,7.0,7,7,8
212278,5.0,6.0,8,7.0,8,6.0,6.0,8,7.0,6.0,5.0,8,7.0,8.0,7,8.0,7.0,7,7,7.0,7.0,7.0,8,7.0,8,7.0,8,7.0,8.0,7.0,6.0,6.0,8
212624,7.0,6.0,7.0,7.0,7.0,7.0,7.0,9.0,6.0,7.0,6.0,7.0,6.0,7.0,5.0,7.0,7.0,7.0,6.0,8.0,7.0,6.0,6.0,9.0,7.0,6.0,6.0,6.0,6.0,6.0,6.0,6.0,7.0
210067,7,7,8,7,8,7,7.0,8,9.0,8,6,8,7,6.0,7,6.0,6.0,7,7,8,7.0,9.0,8,9,8,7,8,7,8,7.0,7,7,8
210635,7,7,8,7,8,6.0,5.0,8,7.0,8,6,8,7,6.0,7,6.0,4.0,7,7,8,8.0,7.0,8,9,8,7,8,7.0,8,6.0,7,7,8
213085,7.0,9.0,7.0,8.0,8.0,9.0,9.0,9.0,7.0,7.0,7.0,7.0,7.0,7.0,7.0,7.0,9.0,8.0,8.0,8.0,8.0,7.0,9.0,9.0,8.0,8.0,7.0,7.0,9.0,8.0,8.0,8.0,8.0
211249,7,7,8,7,8,8.0,8.0,8,8.0,8,6,8,7,9.0,7,9.0,8.0,7,7,8,7.0,8.0,8,9,8,7,8,6.0,8,9.0,7,7,8
210315,7,7,8,7,8,9.0,7,8,9.0,8,6,8,7,8.0,7,8.0,9.0,7,7,8,8.0,9.0,8,9,8,7,8,8.0,8,8.0,7,7,8
210105,7,7,8,7,8,6.0,5.0,8,7.0,8,6,8,7,5.0,7,5.0,6.0,7,7,8,7.0,7.0,8,9,8,7,8,5.0,8,7.0,7,7,8
211662,7.0,6.0,8,8.0,8,7.0,6.0,8,8.0,6.0,6.0,8,6.0,7.0,7,7.0,7.0,7,7,6.0,7.0,8.0,8,8.0,8,6.0,8,6.0,8.0,8.0,7.0,7.0,8
213306,7.0,8.0,8.0,6.0,6.0,6.0,6.0,8.0,7.0,6.0,6.0,5.0,6.0,6.0,4.0,6.0,6.0,6.0,6.0,6.0,7.0,7.0,6.0,9.0,6.0,6.0,7.0,6.0,6.0,6.0,6.0,6.0,6.0
211577,7.0,6.0,8,7.0,8,6.0,7.0,8,7.0,7.0,5.0,8,4.0,8.0,7,8.0,8.0,7,7,5.0,6.0,7.0,8,9.0,8,4.0,8,6.0,6.0,7.0,4.0,4.0,8
212341,7.0,8.0,8,7.0,8,7.0,7.0,8,8.0,9.0,5.0,8,7.0,6.0,7,6.0,6.0,7,7,9.0,7.0,8.0,8,9.0,8,7.0,8,7.0,7.0,6.0,5.0,5.0,8
211832,9.0,8.0,8,9.0,8,9.0,10.0,8,9.0,8.0,5.0,8,7.0,10.0,7,10.0,9.0,7,7,8.0,9.0,9.0,8,9.0,8,8.0,8,8.0,9.0,8.0,8.0,8.0,8
210337,7,7,8,7,8,8.0,8.0,8,7.0,8,6,8,7,7.0,7,7.0,8.0,7,7,8,6.0,7.0,8,9,8,7,8,7.0,8,7.0,7,7,8
212938,8.0,8.0,9.0,8.0,10.0,8.0,7.0,10.0,9.0,9.0,7.0,9.0,8.0,8.0,7.0,8.0,7.0,8.0,9.0,9.0,10.0,9.0,9.0,10.0,8.0,8.0,9.0,9.0,8.0,9.0,8.0,8.0,7.0
212981,8.0,9.0,9.0,9.0,8.0,8.0,10.0,10.0,8.0,8.0,7.0,8.0,7.0,9.0,9.0,9.0,10.0,9.0,8.0,9.0,8.0,8.0,8.0,10.0,9.0,8.0,9.0,8.0,9.0,9.0,8.0,8.0,10.0
211004,7,7,8,7,8,9.0,9.0,8,9.0,8,6,8,7,8.0,7,8.0,9.0,7,7,8,9.0,9.0,8,9,8,7,8,9.0,8,9.0,7,7,8
213117,8.0,9.0,7.0,8.0,8.0,9.0,9.0,8.0,8.0,9.0,8.0,9.0,7.0,7.0,7.0,7.0,9.0,7.0,8.0,9.0,9.0,8.0,10.0,9.0,8.0,10.0,7.0,7.0,9.0,9.0,8.0,8.0,8.0
210142,7,7,8,7,8,8.0,8.0,8,8.0,8,6,8,7,8.0,7,8.0,8.0,7,7,8,8.0,8.0,8,9,8,7,8,8.0,8,9.0,7,7,8
212242,7.0,7.0,8,7.0,8,9.0,8.0,8,9.0,7.0,6.0,8,6.0,8.0,7,8.0,8.0,7,7,7.0,9.0,9.0,8,9.0,8,7.0,8,7.0,9.0,8.0,9.0,9.0,8
212136,5.0,6.0,8,7.0,8,7.0,7.0,8,7.0,6.0,5.0,8,5.0,6.0,7,6.0,6.0,7,7,6.0,6.0,7.0,8,7.0,8,7.0,8,6.0,7.0,6.0,6.0,6.0,8
212720,6.0,6.0,6.0,7.0,7.0,7.0,6.0,7.0,7.0,7.0,5.0,5.0,5.0,6.0,6.0,6.0,7.0,6.0,7.0,7.0,6.0,7.0,6.0,8.0,6.0,7.0,5.0,6.0,7.0,6.0,6.0,6.0,8
211996,9.0,8.0,8,7.0,8,8.0,9.0,8,9.0,9.0,7.0,8,7.0,9.0,7,9.0,7.0,7,7,8.0,10.0,9.0,8,10.0,8,8.0,8,8.0,8.0,9.0,8.0,8.0,8
213056,9.0,9.0,8.0,8.0,7.0,9.0,8.0,9.0,8.0,9.0,7.0,8.0,7.0,7.0,6.0,7.0,7.0,8.0,8.0,8.0,9.0,8.0,8.0,10.0,8.0,7.0,8.0,8.0,8.0,7.0,6.0,6.0,8.0
213003,8.0,9.0,8.0,9.0,9.0,9.0,7.0,9.0,9.0,10.0,8.0,9.0,9.0,6.0,6.0,6.0,7.0,7.0,8.0,9.0,9.0,9.0,9.0,10.0,8.0,10.0,8.0,8.0,8.0,9.0,9.0,9.0,8.0
213152,6.0,8.0,8.0,8.0,8.0,9.0,7.0,7.0,9.0,8.0,7.0,9.0,8.0,8.0,7.0,8.0,9.0,7.0,10.0,8.0,9.0,9.0,8.0,8.0,7.0,8.0,7.0,7.0,10.0,8.0,9.0,9.0,8.0
211010,7,7,8,7,8,9.0,9.0,8,7.0,8,6,8,7,9.0,7,9.0,9.0,7,7,8,7.0,7.0,8,9,8,7,8,8.0,8,8.0,7,7,8
211148,7,7,8,7,8,7.0,6.0,8,6.0,8,6,8,7,7.0,7,7.0,7.0,7,7,8,7.0,6.0,8,9,8,7,8,5.0,8,7.0,7,7,8
211839,8.0,8.0,8,8.0,8,8.0,8.0,8,8.0,9.0,7.0,8,8.0,9.0,7,9.0,8.0,7,7,9.0,9.0,8.0,8,10.0,8,8.0,8,8.0,9.0,9.0,7.0,7.0,8
212058,6.0,7.0,8,6.0,8,7.0,6.0,8,7.0,7.0,6.0,8,6.0,6.0,7,6.0,6.0,7,7,7.0,6.0,7.0,8,9.0,8,7.0,8,6.0,7.0,6.0,5.0,5.0,8
211986,7.0,9.0,8,8.0,8,9.0,8.0,8,8.0,10.0,7.0,8,7.0,9.0,7,9.0,9.0,7,7,9.0,8.0,8.0,8,10.0,8,7.0,8,7.0,9.0,7.0,9.0,9.0,8
211189,7,7,8,7,8,8.0,7.0,8,8.0,8,6,8,7,7.0,7,7.0,7.0,7,7,8,8.0,8.0,8,9,8,7,8,8.0,8,9.0,7,7,8
211477,7,7,8,7,8,7.0,6.0,8,6.0,8,6,8,7,7.0,7,7.0,6.0,7,7,8,7.0,6.0,8,9,8,7,8,6.0,8,7.0,7,7,8
211673,7.0,8.0,8,8.0,8,9.0,7.0,8,10.0,9.0,8.0,8,8.0,7.0,7,7.0,7.0,7,7,8.0,9.0,10.0,8,9.0,8,10.0,8,8.0,9.0,9.0,8.0,8.0,8
212024,7.0,7.0,8,6.0,8,7.0,8.0,8,7.0,7.0,5.0,8,5.0,7.0,7,7.0,8.0,7,7,6.0,7.0,7.0,8,9.0,8,5.0,8,6.0,8.0,7.0,5.0,5.0,8
212869,6.0,5.0,8,6.0,8,6.0,6.0,8,6.0,6.0,6.0,8,5.0,7.0,7,7.0,7.0,7,6.0,6.0,7.0,6.0,8,8.0,8,6.0,8,6.0,7.0,7.0,6.0,6.0,8.0
212650,6.0,8.0,7.0,8.0,7.0,7.0,8.0,8.0,7.0,8.0,6.0,8.0,6.0,7.0,6.0,7.0,8.0,9.0,7.0,8.0,7.0,7.0,8.0,9.0,7.0,6.0,8,8.0,8.0,7.0,7.0,7.0,8.0
211767,9.0,8.0,8,7,8,9.0,8.0,8,10.0,8.0,7.0,8,9.0,8.0,7,8.0,6.0,7,7,10.0,10.0,10.0,8,9.0,8,8.0,8,9.0,9.0,9.0,8.0,8.0,8
211116,7,7,8,7,8,7.0,7.0,8,7.0,8,6,8,7,6.0,7,6.0,8.0,7,7,8,8.0,7.0,8,9,8,7,8,6.0,8,7.0,7,7,8
211442,7,7,8,7,8,8.0,8.0,8,7.0,8,6,8,7,8.0,7,8.0,8.0,7,7,8,7.0,7.0,8,9,8,7,8,6.0,8,7.0,7,7,8
212385,5.0,7.0,8,7.0,8,7.0,7.0,8,7.0,7.0,6.0,8,7.0,6.0,7,6.0,6.0,7,7,8.0,6.0,7.0,8,8.0,8,7.0,8,7.0,7.0,8.0,6.0,6.0,8
210111,7,7,8,7,8,9.0,9.0,8,9.0,8,6,8,7,8.0,7,8.0,9.0,7,7,8,7.0,9.0,8,9,8,7,8,8.0,8,7.0,7,7,8
211451,7,7,8,7,8,8.0,7.0,8,7.0,8,6,8,7,7.0,7,7.0,8.0,7,7,8,7.0,7.0,8,9,8,7,8,7.0,8,6.0,7,7,8
211033,7,7,8,7,8,6.0,4.0,8,7.0,8,6,8,7,5.0,7,5.0,6.0,7,7,8,7.0,7.0,8,9,8,7,8,7.0,8,7.0,7,7,8
212096,7.0,7.0,8,8.0,8,9.0,8.0,8,9.0,8.0,6.0,8,7.0,8.0,7,8.0,8.0,7,7,9.0,9.0,9.0,8,9.0,8,8.0,8,8.0,10.0,9.0,7.0,7.0,8
210030,7,7,8,7,8,8.0,8.0,8,9.0,8,6,8,7,8.0,7,8.0,8.0,7,7,8,10.0,9.0,8,9,8,7,8,9.0,8,9.0,7,7,8
212188,6.0,7.0,8,7.0,8,7.0,6.0,8,7.0,8.0,4.0,8,5.0,6.0,7,6.0,7.0,7,7,7.0,6.0,7.0,8,9.0,8,7.0,8,6.0,6.0,6.0,6.0,6.0,8
213092,8.0,8.0,9.0,9.0,10.0,8.0,9.0,10.0,10.0,8.0,7.0,9.0,8.0,9.0,9.0,9.0,7.0,9.0,6.0,9.0,9.0,10.0,9.0,10.0,9.0,8.0,10.0,9.0,8.0,9.0,7.0,7.0,10.0
210130,7,7,8,7,8,6.0,6.0,8,9.0,8,6,8,7,6.0,7,6.0,5.0,7,7,8,9.0,9.0,8,9,8,7,8,7.0,8,8.0,7,7,8
212731,9.0,9.0,8.0,8.0,8.0,9.0,9.0,8.0,9.0,8.0,7.0,7.0,6.0,9.0,8.0,9.0,9.0,8.0,8.0,8.0,8.0,9.0,8.0,10.0,7.0,6.0,7.0,7.0,9.0,7.0,7.0,7.0,9.0
213080,8.0,7.0,10.0,8.0,9.0,8.0,7.0,10.0,9.0,9.0,8.0,10.0,8.0,8.0,7.0,8.0,7.0,8.0,7.0,10.0,9.0,9.0,10.0,9.0,8.0,10.0,9.0,8.0,9.0,10.0,8.0,8.0,8.0
210728,7,7,8,7,8,7.0,7.0,8,6.0,8,6,8,7,8.0,7,8.0,9.0,7,7,8,7.0,6.0,8,9,8,7,8,5.0,8,7.0,7,7,8
211955,6.0,7.0,8,5.0,8,6.0,7.0,8,8.0,8.0,5.0,8,6.0,6.0,7,6.0,6.0,7,7,8.0,6.0,8.0,8,8.0,8,7.0,8,7.0,6.0,7.0,5.0,5.0,8
212177,5.0,6.0,8,5.0,8,7.0,5.0,8,7.0,6.0,6,8,5.0,5.0,7,5.0,6.0,7,7,6.0,6.0,7.0,8,8.0,8,6.0,8,6.0,6.0,6.0,6.0,6.0,8
211571,8.0,10.0,8,8.0,8,7.0,7.0,8,9.0,9.0,7.0,8,7.0,7.0,7,7.0,8.0,7,7,8.0,9.0,9.0,8,10.0,8,7.0,8,8.0,8.0,8.0,8.0,8.0,8
211137,7,7,8,7,8,7.0,6.0,8,8.0,8,6,8,7,8.0,7,8.0,6.0,7,7,8,8.0,8.0,8,9,8,7,8,7.0,8,9.0,7,7,8
212476,6.0,6.0,8,8.0,8,7.0,7.0,8,7.0,7.0,6.0,8,6.0,8.0,7,8.0,8.0,7,7,7.0,8.0,7.0,8,9.0,8,7.0,8,7.0,7.0,7.0,6.0,6.0,8
210467,7,7,8,7,8,7.0,7.0,8,6.0,8,6,8,7,6.0,7,6.0,7.0,7,7,8,6.0,6.0,8,9,8,7,8,7.0,8,5.0,7,7,8
212163,8.0,7.0,8,8.0,8,8.0,8.0,8,7.0,7.0,7.0,8,6.0,9.0,7,9.0,9.0,7,7,8.0,8.0,7.0,8,9.0,8,6.0,8,7.0,8.0,8.0,6.0,6.0,8
211511,7,7,8,7,8,6.0,6.0,8,8.0,8,6,8,7,6.0,7,6.0,6.0,7,7,8,7.0,8.0,8,9,8,7,8,6.0,8,8.0,7,7,8
210433,7,7,8,7,8,7.0,6.0,8,5.0,8,6,8,7,6.0,7,6.0,8.0,7,7,8,5.0,5.0,8,9,8,7,8,5.0,8,6.0,7,7,8
210190,7,7,8,7,8,8.0,8.0,8,9.0,8,6,8,7,8.0,7,8.0,8.0,7,7,8,10.0,9.0,8,9,8,7,8,7.0,8,8.0,7,7,8
211545,5.0,6.0,8,7.0,8,7.0,6.0,8,7.0,4.0,5.0,8,6.0,6.0,7,6.0,6.0,7,7,8,6.0,7.0,8,6.0,8,7.0,8,5.0,8.0,7.0,7,7,8
210152,7,7,8,7,8,9.0,10.0,8,8.0,8,6,8,7,8.0,7,8.0,8.0,7,7,8,8.0,8.0,8,9,8,7,8,9.0,8,7.0,7,7,8
210937,7,7,8,7,8,7.0,7.0,8,6.0,8,6,8,7,6.0,7,6.0,7.0,7,7,8,6.0,6.0,8,9,8,7,8,5.0,8,7.0,7,7,8
210867,7,7,8,7,8,7.0,7.0,8,7.0,8,6,8,7,7.0,7,7.0,7.0,7,7,8,5.0,7.0,8,9,8,7,8,6.0,8,5.0,7,7,8
210834,7,7,8,7,8,9.0,8.0,8,10.0,8,6,8,7,7.0,7,7.0,7.0,7,7,8,9.0,10.0,8,9,8,7,8,9.0,8,8.0,7,7,8
212075,7.0,8.0,8,7.0,8,8.0,8.0,8,9.0,8.0,8.0,8,8.0,7.0,7,7.0,7.0,7,7,9.0,8.0,9.0,8,9.0,8,9.0,8,9.0,9.0,9.0,9.0,9.0,8
212100,6.0,8.0,8,7.0,8,7.0,7.0,8,7.0,7.0,5.0,8,6.0,8.0,7,8.0,9.0,7,7,7.0,7.0,7.0,8,9.0,8,7.0,8,7.0,8.0,7.0,6.0,6.0,8
210411,7,7,8,7,8,7.0,6.0,8,10.0,8,6,8,7,7.0,7,7.0,6.0,7,7,8,9.0,10.0,8,9,8,7,8,8.0,8,9.0,7,7,8
211829,7.0,7.0,8,7.0,8,7.0,7.0,8,9.0,8.0,7.0,8,8.0,7.0,7,7.0,6.0,7,7,8.0,9.0,9.0,8,8.0,8,8.0,8,8.0,8.0,7.0,7.0,7.0,8
211870,6.0,6.0,8,6.0,8,6.0,6.0,8,7.0,6.0,6.0,8,5.0,6.0,7,6.0,6.0,7,7,6.0,7.0,7.0,8,7.0,8,5.0,8,6.0,7.0,7.0,6.0,6.0,8
210827,7,7,8,7,8,9.0,7.0,8,8.0,8,6,8,7,7.0,7,7.0,7.0,7,7,8,8.0,8.0,8,9,8,7,8,7.0,8,8.0,7,7,8
210918,7,7,8,7,8,8.0,7.0,8,9.0,8,6,8,7,8.0,7,8.0,7.0,7,7,8,8.0,9.0,8,9,8,7,8,7.0,8,7.0,7,7,8
212404,5.0,6.0,8,6.0,8,7.0,5.0,8,9.0,6.0,6.0,8,7.0,6.0,7,6.0,6.0,7,7,7.0,7.0,9.0,8,6.0,8,7.0,8,7.0,8.0,7.0,6.0,6.0,8
213228,7.0,8.0,8.0,7.0,8.0,8.0,7.0,10.0,9.0,8.0,6.0,8,6.0,8.0,7.0,8.0,6.0,8.0,7.0,8.0,9.0,9.0,8.0,10.0,8.0,7.0,9.0,8.0,8.0,8.0,7.0,7.0,8.0
210059,7,7,8,7,8,6.0,7.0,8,8.0,8,6,8,7,7.0,7,7.0,6.0,7,7,8,8.0,8.0,8,9,8,7,8,7.0,8,7.0,7,7,8
211628,6.0,7.0,8,6.0,8,8.0,6.0,8,9.0,8.0,7.0,8,7.0,6.0,7,6.0,6.0,7,7,8.0,8.0,9.0,8,8.0,8,9.0,8,6.0,7.0,7.0,7.0,7.0,8
210725,7,7,8,7,8,7.0,8.0,8,7.0,8,6,8,7,6.0,7,6.0,8.0,7,7,8,7.0,7.0,8,9,8,7,8,7.0,8,6.0,7,7,8
211005,7,7,8,7,8,8.0,6.0,8,8.0,8,6,8,7,7.0,7,7.0,7.0,7,7,8,9.0,8.0,8,9,8,7,8,9.0,8,7.0,7,7,8
212715,6.0,6.0,8.0,5.0,6.0,6.0,6.0,7.0,7.0,7.0,4.0,6.0,6.0,6.0,3.0,6.0,6.0,6.0,6.0,7.0,7.0,7.0,7.0,8.0,6.0,6.0,5.0,6.0,6.0,6.0,6.0,6.0,8
211784,7.0,7.0,8,7.0,8,8.0,7.0,8,7.0,7.0,4.0,8,5.0,8.0,7,8.0,8.0,7,7,6.0,7.0,7.0,8,9.0,8,6.0,8,6.0,7.0,8.0,6.0,6.0,8
210478,7,7,8,7,8,9.0,8.0,8,9.0,8,6,8,7,7.0,7,7.0,8.0,7,7,8,9.0,9.0,8,9,8,7,8,9.0,8,7.0,7,7,8
210113,7,7,8,7,8,7.0,7.0,8,7.0,8,6,8,7,7.0,7,7.0,6.0,7,7,8,6.0,7.0,8,9,8,7,8,7.0,8,7.0,7,7,8
212442,6.0,9.0,8,9.0,8,9.0,9.0,8,7.0,9.0,6.0,8,8.0,9.0,7,9.0,10.0,7,7,9.0,7.0,7.0,8,10.0,8,8.0,8,8.0,10.0,9.0,8.0,8.0,8
212898,7.0,9.0,8.0,8.0,6.0,9.0,8.0,9.0,8.0,9.0,6.0,8.0,6.0,7.0,5.0,7.0,8.0,6.0,7.0,8.0,7.0,8.0,9.0,10.0,8.0,8.0,7.0,8.0,8.0,6.0,6.0,6.0,7.0
211101,7,7,8,7,8,6.0,5.0,8,7.0,8,6,8,7,5.0,7,5.0,6.0,7,7,8,6.0,7.0,8,9,8,7,8,6.0,8,6.0,7,7,8
211982,7.0,6.0,8,7.0,8,7.0,6.0,8,7.0,8.0,4.0,8,6.0,7.0,7,7.0,6.0,7,7,8.0,8.0,7.0,8,8.0,8,6.0,8,7.0,6.0,7.0,6.0,6.0,8
210294,7,7,8,7,8,8.0,8.0,8,9.0,8,6,8,7,9.0,7,9.0,8.0,7,7,8,10.0,9.0,8,9,8,7,8,9.0,8,10.0,7,7,8
211531,8.0,8.0,8,8.0,8,8.0,9.0,8,8.0,8.0,7.0,8,5.0,9.0,7,9.0,9.0,7,7,7.0,9.0,8.0,8,10.0,8,6.0,8,8.0,9.0,8.0,7.0,7.0,8
211534,6.0,6.0,8,8.0,8,6.0,7.0,8,7.0,6.0,7.0,8,6.0,7.0,7,7.0,8.0,7,7,8.0,7.0,7.0,8,8.0,8,8.0,8,6.0,8.0,8.0,8.0,8.0,8
211304,7,7,8,7,8,8.0,6.0,8,8.0,8,6,8,7,7.0,7,7.0,7.0,7,7,8,8.0,8.0,8,9,8,7,8,6.0,8,8.0,7,7,8
212974,7.0,6.0,7.0,5.0,7.0,6.0,6.0,8.0,7.0,6.0,5.0,5.0,5.0,7.0,6.0,7.0,6.0,6.0,6.0,6.0,8.0,7.0,6.0,8.0,6.0,5.0,7.0,6.0,6.0,7.0,6.0,6.0,8
212671,7.0,6.0,8.0,6.0,9.0,8.0,6.0,10.0,9.0,7.0,7.0,7.0,8.0,7.0,7.0,7.0,6.0,7.0,7.0,7.0,10.0,9.0,7.0,9.0,8.0,7.0,8.0,7.0,8.0,8.0,7.0,7.0,7.0
213337,8.0,9.0,8.0,8.0,8.0,8.0,9.0,9.0,8.0,10.0,7.0,9.0,8.0,7.0,5.0,7.0,9.0,8.0,9.0,9.0,8.0,8.0,10.0,10.0,9.0,10.0,8.0,9.0,9.0,6.0,8.0,8.0,8.0
211919,6.0,6.0,8,7.0,8,6.0,6.0,8,7.0,6.0,6.0,8,7.0,6.0,7,6.0,6.0,7,7,8.0,7.0,7.0,8,8.0,8,7.0,8,7.0,7.0,6.0,5.0,5.0,8
210809,7,7,8,7,8,8.0,7.0,8,7.0,8,6,8,7,7.0,7,7.0,8.0,7,7,8,7.0,7.0,8,9,8,7,8,6.0,8,8.0,7,7,8
211481,7,7,8,7,8,9.0,9.0,8,9.0,8,6,8,7,9.0,7,9.0,7.0,7,7,8,10.0,9.0,8,9,8,7,8,9.0,8,9.0,7,7,8
213180,6.0,7.0,5.0,8.0,6.0,8.0,8.0,6.0,6.0,7.0,6.0,6.0,6.0,7.0,7.0,7.0,8.0,7.0,8.0,6.0,6.0,6.0,7.0,8.0,7.0,7.0,6.0,6.0,9.0,7.0,6.0,6.0,9.0
210609,7,7,8,7,8,8.0,9.0,8,9.0,8,6,8,7,8.0,7,8.0,8.0,7,7,8,6.0,9.0,8,9,8,7,8,9.0,8,6.0,7,7,8
212791,6.0,6.0,7.0,7.0,7.0,8.0,8.0,8.0,6.0,8.0,6.0,8.0,6.0,7.0,6.0,7.0,7.0,7.0,7.0,8.0,7.0,6.0,8.0,9.0,7.0,8.0,7.0,6.0,7.0,7.0,7.0,7.0,8.0
211458,7,7,8,7,8,7.0,6.0,8,8.0,8,6,8,7,7.0,7,7.0,6.0,7,7,8,9.0,8.0,8,9,8,7,8,8.0,8,8.0,7,7,8
212220,7.0,7.0,8,7.0,8,6.0,6.0,8,6.0,7.0,4.0,8,5.0,6.0,7,6.0,6.0,7,7,7.0,7.0,6.0,8,8.0,8,6.0,8,6.0,7.0,6.0,5.0,5.0,8
212486,8.0,8.0,8,7.0,8,9.0,8.0,8,10.0,9.0,8.0,8,9.0,8.0,7,8.0,7.0,7,7,10.0,9.0,10.0,8,10.0,8,9.0,8,9.0,9.0,9.0,8.0,8.0,8
212883,4.0,6.0,8,7.0,8,6.0,6.0,8,6.0,6.0,6.0,8,7.0,6.0,7,6.0,6.0,7,8.0,6.0,6.0,6.0,7.0,7.0,8,8.0,8,6.0,8.0,7.0,6.0,6.0,7.0
210904,7,7,8,7,8,8.0,7.0,8,9.0,8,6,8,7,7.0,7,7.0,6.0,7,7,8,9.0,9.0,8,9,8,7,8,8.0,8,7.0,7,7,8
210622,7,7,8,7,8,7.0,6.0,8,5.0,8,6,8,7,6.0,7,6.0,7.0,7,7,8,6.0,5.0,8,9,8,7,8,6.0,8,7.0,7,7,8
211650,6.0,6.0,8,6.0,8,6.0,6.0,8,6.0,5.0,5.0,8,5.0,6.0,7,6.0,7.0,7,7,5.0,7.0,6.0,8,7.0,8,6.0,8,6.0,7.0,6.0,6.0,6.0,8
211334,7,7,8,7,8,7.0,5.0,8,8.0,8,6,8,7,6.0,7,6.0,4.0,7,7,8,8.0,8.0,8,9,8,7,8,6.0,8,7.0,7,7,8
210353,7,7,8,7,8,7.0,7.0,8,7.0,8,6,8,7,9.0,7,9.0,7.0,7,7,8,8.0,7.0,8,9,8,7,8,7.0,8,10.0,7,7,8
212953,8.0,7.0,9.0,7.0,10.0,7.0,6.0,10.0,9.0,8.0,6.0,10.0,8.0,8.0,8.0,8.0,6.0,7.0,7.0,9.0,10.0,9.0,9.0,8.0,7.0,8.0,10.0,8.0,7.0,9.0,8.0,8.0,8.0
210072,7,7,8,7,8,9.0,8.0,8,9.0,8,6,8,7,7.0,7,7.0,7.0,7,7,8,8.0,9.0,8,9,8,7,8,8.0,8,8.0,7,7,8
211565,5.0,6.0,8,6.0,8,6.0,7.0,8,7.0,7.0,5.0,8,5.0,6.0,7,6.0,7.0,7,7,6.0,6.0,7.0,8,8.0,8,7.0,8,6.0,7.0,8.0,5.0,5.0,8
212429,6.0,6.0,8,6.0,8,7.0,7.0,8,8.0,6.0,6.0,8,6.0,7.0,7,7.0,6.0,7,7,7.0,9.0,8.0,8,8.0,8,7.0,8,7.0,8.0,9.0,6.0,6.0,8
211749,8.0,9.0,8,8.0,8,9.0,8.0,8,9.0,10.0,7.0,8,8.0,7.0,7,7.0,8.0,7,7,9.0,9.0,9.0,8,10.0,8,10.0,8,8.0,9.0,8.0,7.0,7.0,8
212855,9.0,8.0,10.0,8.0,10.0,8.0,7.0,10.0,10.0,10.0,8.0,10.0,9.0,8.0,8.0,8.0,7.0,7.0,8.0,9.0,10.0,10.0,9.0,10.0,9.0,9.0,10.0,9.0,10.0,10.0,8.0,8.0,8.0
211329,7,7,8,7,8,8.0,8.0,8,9.0,8,6,8,7,9.0,7,9.0,8.0,7,7,8,8.0,9.0,8,9,8,7,8,7.0,8,10.0,7,7,8
212809,7.0,7.0,8.0,8.0,9.0,9.0,8.0,8.0,9.0,7.0,7.0,9.0,8.0,8.0,9.0,8.0,8.0,7.0,8.0,9.0,9.0,9.0,10.0,9.0,8.0,10.0,7.0,7.0,10.0,9.0,9.0,9.0,9.0
212579,7.0,7.0,8.0,6.0,8.0,7.0,7.0,8.0,8.0,7.0,6.0,8.0,7.0,6.0,6.0,6.0,7.0,7.0,7.0,8.0,8.0,8.0,8.0,9.0,6.0,7.0,7.0,7.0,7.0,8.0,8.0,8.0,7.0
211753,5.0,5.0,8,6.0,8,7.0,6.0,8,8.0,6.0,5.0,8,5.0,6.0,7,6.0,6.0,7,7,8.0,7.0,8.0,8,7.0,8,7.0,8,6.0,8.0,7.0,6.0,6.0,8
212435,7.0,9.0,8,8.0,8,9.0,9.0,8,8.0,8.0,7.0,8,7.0,9.0,7,9.0,8.0,7,7,8.0,9.0,8.0,8,10.0,8,8.0,8,8.0,9.0,8.0,8.0,8.0,8
210574,7,7,8,7,8,8.0,7.0,8,7.0,8,6,8,7,8.0,7,8.0,9.0,7,7,8,7.0,7.0,8,9,8,7,8,6.0,8,8.0,7,7,8
213315,6.0,6.0,8,6.0,8,6.0,6.0,8,6.0,6.0,6.0,8,5.0,7.0,7,7.0,6.0,7,6.0,8,6.0,6.0,8,7.0,8,5.0,8,5.0,7.0,8.0,7,7,7.0
212308,7.0,8.0,8,7.0,8,7.0,9.0,8,6.0,8.0,5.0,8,5.0,9.0,7,9.0,8.0,7,7,7.0,9.0,6.0,8,8.0,8,6.0,8,7.0,8.0,8.0,6.0,6.0,8
212025,7.0,9.0,8,9.0,8,8.0,8.0,8,10.0,9.0,8.0,8,9.0,7.0,7,7.0,8.0,7,7,10.0,8.0,10.0,8,9.0,8,10.0,8,10.0,9.0,9.0,9.0,9.0,8
210306,7,7,8,7,8,8.0,5.0,8,7.0,8,6,8,7,6.0,7,6.0,6.0,7,7,8,7.0,7.0,8,9,8,7,8,7.0,8,6.0,7,7,8
210634,7,7,8,7,8,8.0,8.0,8,9.0,8,6,8,7,6.0,7,6.0,7.0,7,7,8,8.0,9.0,8,9,8,7,8,8.0,8,8.0,7,7,8
212391,7.0,7.0,8,5.0,8,7.0,6.0,8,7.0,7.0,5.0,8,7.0,6.0,7,6.0,6.0,7,7,7.0,7.0,7.0,8,9.0,8,7.0,8,6.0,6.0,6.0,6.0,6.0,8
210808,7,7,8,7,8,8.0,8.0,8,10.0,8,6,8,7,9.0,7,9.0,7.0,7,7,8,9.0,10.0,8,9,8,7,8,8.0,8,9.0,7,7,8
210093,7,7,8,7,8,7.0,7.0,8,7.0,8,6,8,7,8.0,7,8.0,8.0,7,7,8,6.0,7.0,8,9,8,7,8,7.0,8,7.0,7,7,8
211270,7,7,8,7,8,6.0,6.0,8,7.0,8,6,8,7,6.0,7,6.0,5.0,7,7,8,7.0,7.0,8,9,8,7,8,6.0,8,6.0,7,7,8
210862,7,7,8,7,8,6.0,5.0,8,7.0,8,6,8,7,6.0,7,6.0,5.0,7,7,8,8,7.0,8,9,8,7,8,5.0,8,7.0,7,7,8
212419,6.0,7.0,8,7.0,8,7.0,7.0,8,7.0,8.0,6.0,8,7.0,7.0,7,7.0,9.0,7,7,7.0,6.0,7.0,8,8.0,8,6.0,8,6.0,7.0,6.0,5.0,5.0,8
211910,6.0,6.0,8,7.0,8,7.0,7.0,8,7.0,6.0,6.0,8,4.0,8.0,7,8.0,7.0,7,7,5.0,8.0,7.0,8,8.0,8,6.0,8,6.0,8.0,9.0,7.0,7.0,8
212004,6.0,7.0,8,7.0,8,7.0,6.0,8,7.0,7.0,6.0,8,6.0,7.0,7,7.0,8.0,7,7,6.0,8.0,7.0,8,8.0,8,7.0,8,7.0,7.0,7.0,7.0,7.0,8
210640,7,7,8,7,8,8.0,7.0,8,9.0,8,6,8,7,9.0,7,9.0,8.0,7,7,8,9.0,9.0,8,9,8,7,8,8.0,8,9.0,7,7,8
210871,7,7,8,7,8,8.0,7.0,8,8.0,8,6,8,7,7.0,7,7.0,7.0,7,7,8,8.0,8.0,8,9,8,7,8,8.0,8,8.0,7,7,8
210404,7,7,8,7,8,8.0,8.0,8,8.0,8,6,8,7,6.0,7,6.0,7.0,7,7,8,7.0,8.0,8,9,8,7,8,6.0,8,7.0,7,7,8
213113,7.0,8.0,7.0,6.0,7.0,7.0,8.0,8.0,8.0,9.0,6.0,7.0,7.0,8.0,6.0,8.0,8.0,8.0,7.0,8.0,8.0,8.0,9.0,10.0,8.0,7.0,7.0,8.0,7.0,8.0,6.0,6.0,8.0
213238,6.0,6.0,6.0,7.0,7.0,7.0,6.0,6.0,6.0,6.0,6.0,6.0,6.0,7.0,7.0,7.0,8.0,7.0,7.0,6.0,8.0,6.0,7.0,8.0,5.0,7.0,5.0,6.0,8.0,6.0,8.0,8.0,7.0
212232,6.0,6.0,8,6.0,8,7.0,7.0,8,7.0,6.0,5.0,8,5.0,7.0,7,7.0,8.0,7,7,6.0,8.0,7.0,8,8.0,8,4.0,8,6.0,8.0,7.0,7.0,7.0,8
210569,7,7,8,7,8,8.0,6.0,8,7.0,8,6,8,7,7.0,7,7.0,8.0,7,7,8,8,7.0,8,9,8,7,8,7.0,8,7.0,7,7,8
213121,6.0,6.0,6.0,6.0,6.0,7.0,6.0,7.0,6.0,7.0,5.0,7.0,6.0,6.0,5.0,6.0,7.0,7.0,6.0,6.0,6.0,6.0,8.0,8.0,6.0,7.0,6.0,6.0,6.0,6.0,6.0,6.0,8
212533,9.0,9.0,9.0,8.0,8.0,9.0,8.0,10.0,9.0,10.0,8.0,9.0,7.0,9.0,7.0,9.0,9.0,9.0,8.0,9.0,8.0,9.0,9.0,10.0,10.0,8.0,8.0,8.0,9.0,8.0,8.0,8.0,9.0
210513,7,7,8,7,8,9.0,7.0,8,9.0,8,6,8,7,8.0,7,8.0,6.0,7,7,8,8.0,9.0,8,9,8,7,8,9.0,8,8.0,7,7,8
210894,7,7,8,7,8,7.0,7.0,8,9.0,8,6,8,7,7.0,7,7.0,7.0,7,7,8,8.0,9.0,8,9,8,7,8,7.0,8,8.0,7,7,8
210900,7,7,8,7,8,7.0,8.0,8,7.0,8,6,8,7,8.0,7,8.0,8.0,7,7,8,7.0,7.0,8,9,8,7,8,8.0,8,6.0,7,7,8
211852,7.0,7.0,8,6.0,8,7.0,6.0,8,7.0,7.0,6.0,8,5.0,6.0,7,6.0,6.0,7,7,6.0,6.0,7.0,8,9.0,8,6.0,8,7.0,6.0,5.0,5.0,5.0,8
211606,6.0,6.0,8,7.0,8,7.0,8.0,8,8.0,6.0,5.0,8,6.0,6.0,7,6.0,8.0,7,7,7.0,7.0,8.0,8,7.0,8,8.0,8,7.0,7.0,6.0,6.0,6.0,8
210288,7,7,8,7,8,8.0,6.0,8,8.0,8,6,8,7,9.0,7,9.0,7.0,7,7,8,10.0,8.0,8,9,8,7,8,7.0,8,7.0,7,7,8
212772,10.0,9.0,10.0,8.0,9.0,8.0,9.0,10.0,9.0,10.0,7.0,9.0,8.0,9.0,8.0,9.0,8.0,10.0,8.0,7.0,9.0,9.0,8.0,10.0,8.0,7.0,8.0,9.0,8.0,8.0,8.0,8.0,9.0
211854,6.0,6.0,8,6.0,8,6.0,6.0,8,8.0,8.0,5.0,8,7.0,6.0,7,6.0,6.0,7,7,8.0,8.0,8.0,8,7.0,8,7.0,8,6.0,8.0,7.0,7.0,7.0,8
211034,7,7,8,7,8,8.0,6.0,8,9.0,8,6,8,7,8.0,7,8.0,8.0,7,7,8,9.0,9.0,8,9,8,7,8,8.0,8,9.0,7,7,8
213083,6.0,7.0,8.0,7.0,8.0,7.0,7.0,7.0,7.0,6.0,6.0,6.0,6.0,7.0,8.0,7.0,7.0,6.0,8.0,6.0,8.0,7.0,6.0,8.0,5.0,6.0,6.0,6.0,8.0,8.0,6.0,6.0,8.0
212752,6.0,6.0,7.0,6.0,8.0,7.0,6.0,8.0,8.0,7.0,5.0,6.0,6.0,7.0,8.0,7.0,6.0,7.0,7.0,7.0,8.0,8.0,6.0,7.0,7.0,6.0,8.0,7.0,7.0,7.0,6.0,6.0,8
212195,8.0,8.0,8,8.0,8,9.0,7.0,8,10.0,10.0,8.0,8,8.0,7.0,7,7.0,7.0,7,7,10.0,9.0,10.0,8,9.0,8,9.0,8,9.0,8.0,8.0,7.0,7.0,8
211039,7,7,8,7,8,8.0,8.0,8,8.0,8,6,8,7,8.0,7,8.0,8.0,7,7,8,8.0,8.0,8,9,8,7,8,8.0,8,8.0,7,7,8
212822,9.0,9.0,9.0,9.0,8.0,10.0,10.0,10.0,9.0,10.0,7.0,10.0,8.0,8.0,6.0,8.0,8.0,9.0,7.0,9.0,9.0,9.0,10.0,10.0,10.0,9.0,9.0,9.0,9.0,7.0,7.0,7.0,10.0
212563,7.0,8.0,8.0,6.0,7.0,7.0,7.0,9.0,8.0,7.0,6.0,9.0,8.0,7.0,6.0,7.0,6.0,7.0,7.0,8.0,8.0,8.0,9.0,9.0,8.0,8.0,7.0,7.0,8.0,7.0,7.0,7.0,6.0
212909,8.0,8.0,8.0,8.0,8.0,8.0,8.0,9.0,8.0,7.0,6.0,7.0,6.0,9.0,8.0,9.0,10.0,8.0,8.0,6.0,7.0,8.0,8.0,10.0,8.0,6.0,8.0,7.0,9.0,8.0,6.0,6.0,9.0
210995,7,7,8,7,8,7.0,7.0,8,7.0,8,6,8,7,7.0,7,7.0,7.0,7,7,8,8.0,7.0,8,9,8,7,8,7.0,8,8.0,7,7,8
212742,9.0,8.0,10.0,8.0,8.0,8.0,8.0,10.0,9.0,9.0,8.0,8.0,7.0,9.0,8.0,9.0,7.0,9.0,7.0,9.0,9.0,9.0,9.0,10.0,10.0,8.0,10.0,9.0,8.0,8.0,7.0,7.0,8.0
211406,7,7,8,7,8,6.0,6.0,8,7.0,8,6,8,7,6.0,7,6.0,6.0,7,7,8,6.0,7.0,8,9,8,7,8,6.0,8,7.0,7,7,8
210197,7,7,8,7,8,9.0,8.0,8,8.0,8,6,8,7,9.0,7,9.0,7.0,7,7,8,7.0,8.0,8,9,8,7,8,7.0,8,7.0,7,7,8
211106,7,7,8,7,8,8.0,7.0,8,7.0,8,6,8,7,8.0,7,8.0,9.0,7,7,8,6.0,7.0,8,9,8,7,8,6.0,8,8.0,7,7,8
212539,6.0,6.0,7.0,6.0,7.0,6.0,6.0,7.0,7.0,7.0,6.0,8,6.0,6.0,5.0,6.0,6.0,6.0,6.0,6.0,8.0,7.0,7.0,8.0,5.0,6.0,6.0,6.0,6.0,7.0,7.0,7.0,6.0
211243,7,7,8,7,8,7.0,8.0,8,7.0,8,6,8,7,8.0,7,8.0,8.0,7,7,8,8.0,7.0,8,9,8,7,8,6.0,8,6.0,7,7,8
212464,6.0,7.0,8,7.0,8,7.0,6.0,8,8.0,8.0,5.0,8,8.0,6.0,7,6.0,6.0,7,7,9.0,7.0,8.0,8,8.0,8,8.0,8,8.0,7.0,6.0,6.0,6.0,8
211528,7.0,6.0,8,6.0,8,7.0,7.0,8,9.0,9.0,7.0,8,9.0,7.0,7,7.0,6.0,7,7,10.0,9.0,9.0,8,8.0,8,8.0,8,9.0,7.0,9.0,8.0,8.0,8
212467,8.0,7.0,8,8.0,8,8.0,8.0,8,8.0,9.0,6.0,8,5.0,8.0,7,8.0,9.0,7,7,9.0,8.0,8.0,8,10.0,8,7.0,8,8.0,8.0,7.0,8.0,8.0,8
212052,7.0,7.0,8,7.0,8,9.0,9.0,8,7.0,8.0,6.0,8,7.0,8.0,7,8.0,7.0,7,7,8.0,8.0,7.0,8,10.0,8,9.0,8,8.0,7.0,7.0,7.0,7.0,8
210654,7,7,8,7,8,8.0,7.0,8,5.0,8,6,8,7,6.0,7,6.0,8.0,7,7,8,4.0,5.0,8,9,8,7,8,4.0,8,5.0,7,7,8
212199,6.0,7.0,8,6.0,8,6.0,7.0,8,8.0,7.0,5.0,8,6.0,7.0,7,7.0,6.0,7,7,7.0,8.0,8.0,8,9.0,8,7.0,8,6.0,6.0,8.0,5.0,5.0,8
211460,7,7,8,7,8,8.0,6.0,8,6.0,8,6,8,7,6.0,7,6.0,6.0,7,7,8,7.0,6.0,8,9,8,7,8,5.0,8,7.0,7,7,8
212608,7.0,9.0,6.0,7.0,7.0,8.0,8.0,7.0,6.0,8.0,6.0,7.0,6.0,8.0,6.0,8.0,9.0,8.0,7.0,6.0,6.0,6.0,7.0,9.0,8.0,6.0,6.0,6.0,8.0,6.0,6.0,6.0,8.0
211425,7,7,8,7,8,7.0,9.0,8,7.0,8,6,8,7,8.0,7,8.0,8.0,7,7,8,6.0,7.0,8,9,8,7,8,7.0,8,7.0,7,7,8
212688,6.0,6.0,8.0,7.0,9.0,7.0,7.0,8.0,9.0,8.0,6.0,9.0,9.0,7.0,7.0,7.0,7.0,6.0,8.0,9.0,9.0,9.0,9.0,9.0,7.0,9.0,9.0,8.0,9.0,9.0,7.0,7.0,8.0
212174,4.0,6.0,8,6.0,8,7.0,8.0,8,6.0,7.0,5.0,8,7.0,6.0,7,6.0,6.0,7,7,7.0,6.0,6.0,8,8.0,8,7.0,8,6.0,8.0,6.0,5.0,5.0,8
210254,7,7,8,7,8,8.0,9.0,8,8.0,8,6,8,7,9.0,7,9.0,8.0,7,7,8,6.0,8.0,8,9,8,7,8,7.0,8,8.0,7,7,8
211301,7,7,8,7,8,9.0,10.0,8,8.0,8,6,8,7,9.0,7,9.0,9.0,7,7,8,9.0,8.0,8,9,8,7,8,8.0,8,9.0,7,7,8
213014,8.0,10.0,7.0,8.0,7.0,8.0,8.0,8.0,7.0,9.0,6.0,8.0,6.0,9.0,7.0,9.0,10.0,9.0,8.0,7.0,8.0,7.0,8.0,10.0,9.0,8.0,7.0,8.0,9.0,8.0,7.0,7.0,9.0
211204,7,7,8,7,8,6.0,6.0,8,7.0,8,6,8,7,7.0,7,7.0,5.0,7,7,8,8.0,7.0,8,9,8,7,8,6.0,8,8.0,7,7,8
211721,5.0,5.0,8,7.0,8,6.0,6.0,8,6.0,6.0,5.0,8,5.0,8.0,7,8.0,6.0,7,7,8,7.0,6.0,8,8.0,8,6.0,8,5.0,8.0,9.0,7,7,8
211077,7,7,8,7,8,8.0,8.0,8,8.0,8,6,8,7,7.0,7,7.0,7.0,7,7,8,7.0,8.0,8,9,8,7,8,7.0,8,7.0,7,7,8
210487,7,7,8,7,8,7.0,5.0,8,8.0,8,6,8,7,6.0,7,6.0,4.0,7,7,8,7.0,8.0,8,9,8,7,8,7.0,8,7.0,7,7,8
210146,7,7,8,7,8,8.0,6.0,8,9.0,8,6,8,7,7.0,7,7.0,5.0,7,7,8,8.0,9.0,8,9,8,7,8,7.0,8,8.0,7,7,8
212861,6.0,7.0,7.0,7.0,6.0,8.0,7.0,8.0,7.0,8.0,6.0,7.0,6.0,6.0,4.0,6.0,6.0,6.0,6.0,7.0,7.0,7.0,8.0,8.0,7.0,7.0,7.0,7.0,7.0,6.0,6.0,6.0,6.0
211615,5.0,6.0,8,6.0,8,7.0,7.0,8,6.0,6.0,5.0,8,4.0,7.0,7,7.0,8.0,7,7,6.0,6.0,6.0,8,9.0,8,6.0,8,6.0,7.0,6.0,5.0,5.0,8
212663,8.0,10.0,8.0,8.0,10.0,10.0,9.0,10.0,8.0,10.0,7.0,10.0,8.0,9.0,7.0,9.0,8.0,9.0,8.0,10.0,8.0,8.0,10.0,10.0,10.0,8.0,10.0,8.0,9.0,8.0,8.0,8.0,9.0
211863,8.0,8.0,8,8.0,8,9.0,9.0,8,10.0,10.0,7.0,8,9.0,9.0,7,9.0,8.0,7,7,10.0,9.0,10.0,8,10.0,8,9.0,8,9.0,8.0,8.0,8.0,8.0,8
210209,7,7,8,7,8,9.0,8.0,8,9.0,8,6,8,7,8.0,7,8.0,8.0,7,7,8,9.0,9.0,8,9,8,7,8,8.0,8,9.0,7,7,8
212555,7.0,7.0,9.0,7.0,9.0,7.0,8.0,10.0,9.0,8.0,7.0,8.0,8.0,8.0,7.0,8.0,6.0,8.0,7.0,8.0,10.0,9.0,8.0,9.0,8.0,7.0,9.0,8.0,7.0,9.0,7.0,7.0,8.0
211867,4.0,6.0,8,6.0,8,6.0,7.0,8,7.0,8.0,6.0,8,6.0,6.0,7,6.0,6.0,7,7,7.0,6.0,7.0,8,7.0,8,8.0,8,6.0,8.0,7.0,6.0,6.0,8
210300,7,7,8,7,8,7.0,7.0,8,7.0,8,6,8,7,6.0,7,6.0,7.0,7,7,8,7.0,7.0,8,9,8,7,8,6.0,8,6.0,7,7,8
211935,6.0,6.0,8,7.0,8,6.0,7.0,8,8.0,7.0,6.0,8,6.0,6.0,7,6.0,6.0,7,7,7.0,8.0,8.0,8,9.0,8,7.0,8,7.0,8.0,9.0,7.0,7.0,8
211939,7.0,6.0,8,9.0,8,8.0,7.0,8,9.0,7.0,8.0,8,8.0,10.0,7,10.0,7.0,7,7,8.0,9.0,9.0,8,9.0,8,8.0,8,7.0,9.0,10.0,8.0,8.0,8
210205,7,7,8,7,8,7.0,6.0,8,8.0,8,6,8,7,5.0,7,5.0,4.0,7,7,8,8.0,8.0,8,9,8,7,8,7.0,8,8.0,7,7,8
210595,7,7,8,7,8,7.0,4.0,8,8.0,8,6,8,7,5.0,7,5.0,6.0,7,7,8,7.0,8.0,8,9,8,7,8,6.0,8,6.0,7,7,8
213298,6.0,6.0,8.0,6.0,8.0,7.0,6.0,8.0,8.0,6.0,6.0,7.0,6.0,7.0,6.0,7.0,6.0,5.0,8.0,7.0,9.0,8.0,8.0,7.0,6.0,7.0,7.0,6.0,7.0,7.0,9.0,9.0,7.0
213115,7.0,8.0,8.0,9.0,8.0,8.0,8.0,7.0,8.0,6.0,7.0,6.0,6.0,8.0,8.0,8.0,8.0,7.0,8.0,8.0,9.0,8.0,7.0,9.0,7.0,7.0,7.0,8.0,9.0,9.0,7.0,7.0,8.0
210453,7,7,8,7,8,7.0,8.0,8,10.0,8,6,8,7,9.0,7,9.0,8.0,7,7,8,10.0,10.0,8,9,8,7,8,7,8,10.0,7,7,8
213162,7.0,7.0,7.0,6.0,7.0,6.0,7.0,8.0,7.0,6.0,5.0,7.0,6.0,8.0,6.0,8.0,6.0,7.0,6.0,7.0,6.0,7.0,6.0,8.0,7.0,6.0,7.0,6.0,7.0,8.0,6.0,6.0,8
211356,7,7,8,7,8,8.0,7.0,8,8.0,8,6,8,7,7.0,7,7.0,6.0,7,7,8,7.0,8.0,8,9,8,7,8,7.0,8,7.0,7,7,8
212043,6.0,8.0,8,8.0,8,9.0,7.0,8,10.0,8.0,7.0,8,8.0,7.0,7,7.0,7.0,7,7,8.0,8.0,10.0,8,10.0,8,9.0,8,8.0,9.0,8.0,8.0,8.0,8
212352,7.0,7.0,8,8.0,8,8.0,6.0,8,9.0,8.0,8.0,8,8.0,7.0,7,7.0,7.0,7,7,8,10.0,9.0,8,9.0,8,9.0,8,8.0,9.0,9.0,9.0,9.0,8
211098,7,7,8,7,8,7.0,6.0,8,7.0,8,6,8,7,6.0,7,6.0,4.0,7,7,8,7.0,7.0,8,9,8,7,8,7.0,8,6.0,7,7,8
211743,7.0,8.0,8,6.0,8,6.0,7.0,8,8.0,8.0,6.0,8,6.0,8.0,7,8.0,8.0,7,7,8.0,8.0,8.0,8,9.0,8,5.0,8,8.0,7.0,7.0,6.0,6.0,8
211392,7,7,8,7,8,8.0,7.0,8,8.0,8,6,8,7,6.0,7,6.0,6.0,7,7,8,8.0,8.0,8,9,8,7,8,8.0,8,7.0,7,7,8
212904,7.0,7.0,7.0,7.0,7.0,8.0,6.0,9.0,7.0,8.0,6.0,7.0,6.0,8.0,6.0,8.0,6.0,7.0,6.0,8.0,7.0,7.0,8.0,9.0,6.0,6.0,7.0,7.0,7.0,6.0,6.0,6.0,6.0
211014,7,7,8,7,8,8.0,8.0,8,8.0,8,6,8,7,9.0,7,9.0,8.0,7,7,8,8.0,8.0,8,9,8,7,8,7.0,8,9.0,7,7,8
212213,7.0,8.0,8,8.0,8,8.0,7.0,8,10.0,10.0,7.0,8,9.0,8.0,7,8.0,8.0,7,7,9.0,9.0,10.0,8,9.0,8,10.0,8,9.0,10.0,9.0,7.0,7.0,8
212838,8.0,8.0,9.0,8.0,10.0,8.0,8.0,10.0,10.0,9.0,7.0,9.0,6.0,9.0,8.0,9.0,7.0,9.0,7.0,8.0,10.0,10.0,9.0,10.0,8.0,8.0,10.0,8.0,8.0,9.0,8.0,8.0,9.0
212114,7.0,7.0,8,7.0,8,7.0,7.0,8,6.0,8.0,5.0,8,5.0,6.0,7,6.0,7.0,7,7,7.0,6.0,6.0,8,10.0,8,6.0,8,6.0,6.0,7.0,5.0,5.0,8
211461,7,7,8,7,8,7.0,8.0,8,8.0,8,6,8,7,8.0,7,8.0,7.0,7,7,8,8.0,8.0,8,9,8,7,8,6.0,8,8.0,7,7,8
211030,7,7,8,7,8,6.0,7.0,8,6.0,8,6,8,7,6.0,7,6.0,6.0,7,7,8,6.0,6.0,8,9,8,7,8,6.0,8,6.0,7,7,8
212758,5.0,6.0,8,6.0,8,6.0,6.0,8,8.0,6.0,6.0,8,6.0,7.0,7,7.0,6.0,7,7.0,7.0,8.0,8.0,7.0,8.0,8,6.0,8,7.0,7.0,8.0,7.0,7.0,7.0
212894,6.0,6.0,8,6.0,8,6.0,6.0,8,9.0,7.0,6.0,8,7.0,6.0,7,6.0,3.0,7,7.0,8.0,9.0,9.0,8.0,8.0,8,7.0,8,7.0,6.0,8.0,6.0,6.0,6.0
213071,6.0,8.0,7.0,9.0,7.0,8.0,8.0,6.0,9.0,8.0,8.0,9.0,7.0,6.0,6.0,6.0,8.0,7.0,9.0,9.0,7.0,9.0,9.0,9.0,7.0,8.0,7.0,7.0,10.0,8.0,8.0,8.0,8.0
210517,7,7,8,7,8,6.0,6.0,8,5.0,8,6,8,7,6.0,7,6.0,8.0,7,7,8,7.0,5.0,8,9,8,7,8,5.0,8,6.0,7,7,8
210974,7,7,8,7,8,7.0,5.0,8,7.0,8,6,8,7,5.0,7,5.0,5.0,7,7,8,7.0,7.0,8,9,8,7,8,6.0,8,6.0,7,7,8
210126,7,7,8,7,8,7.0,6.0,8,6.0,8,6,8,7,6.0,7,6.0,6.0,7,7,8,6.0,6.0,8,9,8,7,8,6.0,8,7.0,7,7,8
211407,7,7,8,7,8,7.0,6.0,8,8.0,8,6,8,7,5.0,7,5.0,6.0,7,7,8,6.0,8.0,8,9,8,7,8,7.0,8,7.0,7,7,8
210035,7,7,8,7,8,8.0,9.0,8,9.0,8,6,8,7,9.0,7,9.0,9.0,7,7,8,8.0,9.0,8,9,8,7,8,8.0,8,9.0,7,7,8
213053,7.0,7.0,8.0,7.0,9.0,8.0,8.0,9.0,8.0,9.0,6.0,7.0,7.0,8.0,8.0,8.0,8.0,8.0,6.0,8.0,8.0,8.0,8.0,9.0,9.0,7.0,9.0,6.0,7.0,8.0,7.0,7.0,8.0
210953,7,7,8,7,8,8.0,7.0,8,8.0,8,6,8,7,7.0,7,7.0,8.0,7,7,8,7.0,8.0,8,9,8,7,8,7.0,8,7.0,7,7,8
212729,6.0,7.0,7.0,7.0,5.0,7.0,6.0,8.0,7.0,6.0,5.0,6.0,6.0,6.0,6.0,6.0,6.0,6.0,6.0,6.0,6.0,7.0,7.0,7.0,7.0,6.0,6.0,6.0,7.0,6.0,6.0,6.0,8
210427,7,7,8,7,8,8.0,7.0,8,9.0,8,6,8,7,7.0,7,7.0,6.0,7,7,8,10.0,9.0,8,9,8,7,8,10.0,8,10.0,7,7,8
212410,7.0,7.0,8,8.0,8,8.0,8.0,8,7.0,8.0,6.0,8,6.0,8.0,7,8.0,9.0,7,7,8.0,7.0,7.0,8,10.0,8,6.0,8,7.0,9.0,7.0,6.0,6.0,8
211449,7,7,8,7,8,8.0,7.0,8,9.0,8,6,8,7,7.0,7,7.0,8.0,7,7,8,6.0,9.0,8,9,8,7,8,7.0,8,7.0,7,7,8
210183,7,7,8,7,8,8.0,8.0,8,9.0,8,6,8,7,9.0,7,9.0,7.0,7,7,8,10.0,9.0,8,9,8,7,8,7.0,8,9.0,7,7,8
210303,7,7,8,7,8,9.0,7.0,8,10.0,8,6,8,7,7.0,7,7.0,7.0,7,7,8,8.0,10.0,8,9,8,7,8,9.0,8,8.0,7,7,8
212581,7.0,7.0,7.0,9.0,7.0,9.0,9.0,7.0,8.0,8.0,7.0,7.0,7.0,8.0,7.0,8.0,9.0,8.0,8.0,7.0,8.0,8.0,7.0,10.0,8.0,9.0,7.0,7.0,10.0,8.0,7.0,7.0,10.0
212825,8.0,7.0,7.0,8.0,7.0,9.0,9.0,8.0,7.0,8.0,6.0,8.0,6.0,9.0,6.0,9.0,10.0,7.0,7.0,8.0,6.0,7.0,7.0,9.0,8.0,6.0,6.0,7.0,8.0,6.0,6.0,6.0,8.0
211926,5.0,7.0,8,5.0,8,6.0,6.0,8,7.0,8.0,6.0,8,6.0,6.0,7,6.0,6.0,7,7,8.0,7.0,7.0,8,7.0,8,8.0,8,6.0,7.0,6.0,6.0,6.0,8
210650,7,7,8,7,8,7.0,8.0,8,9.0,8,6,8,7,7.0,7,7.0,7.0,7,7,8,8.0,9.0,8,9,8,7,8,7.0,8,8.0,7,7,8
212369,6.0,8.0,8,7.0,8,7.0,6.0,8,8.0,9.0,6.0,8,6.0,6.0,7,6.0,6.0,7,7,8.0,7.0,8.0,8,8.0,8,7.0,8,7.0,7.0,6.0,6.0,6.0,8
211641,7.0,7.0,8,8.0,8,8.0,7.0,8,8.0,7.0,8.0,8,6.0,7.0,7,7.0,7.0,7,7,7.0,9.0,8.0,8,9.0,8,7.0,8,8.0,9.0,8.0,8.0,8.0,8
212378,7.0,6.0,8,5.0,8,7.0,5.0,8,7.0,6.0,6.0,8,5.0,6.0,7,6.0,3.0,7,7,7.0,9.0,7.0,8,7.0,8,6.0,8,7.0,7.0,7.0,6.0,6.0,8
211429,7,7,8,7,8,7.0,6.0,8,8.0,8,6,8,7,7.0,7,7.0,5.0,7,7,8,8.0,8.0,8,9,8,7,8,7.0,8,7.0,7,7,8
211758,6.0,7.0,8,7.0,8,7.0,6.0,8,7.0,7.0,6.0,8,7.0,6.0,7,6.0,6.0,7,7,8.0,7.0,7.0,8,7.0,8,7.0,8,6.0,6.0,7.0,6.0,6.0,8
211702,8.0,8.0,8,8.0,8,9.0,6.0,8,9.0,9.0,7.0,8,8.0,8.0,7,8.0,6.0,7,7,9.0,10.0,9.0,8,9.0,8,8.0,8,7.0,8.0,9.0,8.0,8.0,8
212548,9.0,9.0,9.0,7.0,9.0,9.0,8.0,10.0,9.0,9.0,7.0,9.0,8.0,8.0,7.0,8.0,8.0,9.0,7.0,9.0,9.0,9.0,9.0,10.0,9.0,8.0,9.0,9.0,9.0,9.0,8.0,8.0,9.0
211874,7.0,6.0,8,7.0,8,8.0,8.0,8,6.0,7.0,5.0,8,5.0,7.0,7,7.0,7.0,7,7,6.0,7.0,6.0,8,9.0,8,5.0,8,6.0,7.0,6.0,5.0,5.0,8
210954,7,7,8,7,8,6.0,5.0,8,6.0,8,6,8,7,7.0,7,7.0,5.0,7,7,8,8.0,6.0,8,9,8,7,8,8.0,8,6.0,7,7,8
211187,7,7,8,7,8,8.0,8.0,8,7.0,8,6,8,7,8.0,7,8.0,8.0,7,7,8,8.0,7.0,8,9,8,7,8,6.0,8,8.0,7,7,8
211630,7.0,7.0,8,6.0,8,7.0,6.0,8,6.0,7.0,5.0,8,5.0,6.0,7,6.0,7.0,7,7,6.0,6.0,6.0,8,8.0,8,6.0,8,6.0,6.0,6.0,5.0,5.0,8
210194,7,7,8,7,8,8.0,8.0,8,7,8,6,8,7,8.0,7,8.0,9.0,7,7,8,6.0,7,8,9,8,7,8,6.0,8,7.0,7,7,8
212029,5.0,6.0,8,6.0,8,6.0,6.0,8,8.0,6.0,5.0,8,6.0,6.0,7,6.0,5.0,7,7,7.0,8.0,8.0,8,7.0,8,6.0,8,6.0,6.0,8.0,6.0,6.0,8
213090,5.0,6.0,8,7.0,8,7.0,6.0,8,6.0,7.0,6.0,8,6.0,6.0,7,6.0,7.0,7,7.0,6.0,6.0,6.0,6.0,6.0,8,6.0,8,6.0,8.0,7.0,6.0,6.0,7.0
211584,7.0,7.0,8,7.0,8,7.0,6.0,8,9.0,8.0,6.0,8,6.0,7.0,7,7.0,6.0,7,7,8.0,10.0,9.0,8,9.0,8,6.0,8,9.0,7.0,7.0,7.0,7.0,8
211690,8.0,7.0,8,8.0,8,8.0,8.0,8,9.0,7.0,7.0,8,6.0,9.0,7,9.0,8.0,7,7,8.0,9.0,9.0,8,9.0,8,7.0,8,7.0,8.0,9.0,8.0,8.0,8
212517,7.0,6.0,9.0,8.0,10.0,7.0,8.0,9.0,9.0,7.0,7.0,9.0,7.0,9.0,10.0,9.0,8.0,8.0,8.0,9.0,9.0,9.0,8.0,9.0,8.0,8.0,9.0,7.0,10.0,10.0,7.0,7.0,10.0
211666,7.0,6.0,8,7.0,8,7.0,6.0,8,8.0,7.0,7.0,8,7.0,8.0,7,8.0,7.0,7,7,8.0,9.0,8.0,8,8.0,8,7.0,8,7.0,8.0,10.0,7.0,7.0,8
211752,8.0,9.0,8,7.0,8,9.0,8.0,8,8.0,9.0,6.0,8,7.0,8.0,7,8.0,7.0,7,7,7.0,7.0,8.0,8,10.0,8,9.0,8,8.0,7.0,7.0,6.0,6.0,8
211788,7.0,6.0,8,7.0,8,8.0,7.0,8,8.0,7.0,6.0,8,8.0,7.0,7,7.0,6.0,7,7,8.0,9.0,8.0,8,8.0,8,7.0,8,7.0,7.0,7.0,7.0,7.0,8
211017,7,7,8,7,8,9.0,9.0,8,9.0,8,6,8,7,8.0,7,8.0,7.0,7,7,8,9.0,9.0,8,9,8,7,8,8.0,8,10.0,7,7,8
210370,7,7,8,7,8,9.0,9.0,8,9.0,8,6,8,7,10.0,7,10.0,9.0,7,7,8,9.0,9.0,8,9,8,7,8,7.0,8,9.0,7,7,8
212848,6.0,7.0,6.0,7.0,6.0,7.0,7.0,8.0,7.0,6.0,6.0,7.0,6.0,6.0,5.0,6.0,7.0,7.0,6.0,7.0,7.0,7.0,6.0,8.0,8,7.0,6.0,6.0,8.0,6.0,5.0,5.0,6.0
211225,7,7,8,7,8,8.0,8.0,8,8.0,8,6,8,7,8.0,7,8.0,7.0,7,7,8,7.0,8.0,8,9,8,7,8,8.0,8,6.0,7,7,8
211261,7,7,8,7,8,8.0,7.0,8,8.0,8,6,8,7,8.0,7,8.0,7.0,7,7,8,8.0,8.0,8,9,8,7,8,7.0,8,8.0,7,7,8
211131,7,7,8,7,8,7.0,7.0,8,10.0,8,6,8,7,8.0,7,8.0,7.0,7,7,8,9.0,10.0,8,9,8,7,8,9.0,8,10.0,7,7,8
211552,5.0,6.0,8,7.0,8,6.0,7.0,8,8.0,7.0,5.0,8,6.0,6.0,7,6.0,5.0,7,7,7.0,7.0,8.0,8,6.0,8,7.0,8,7.0,7.0,7.0,6.0,6.0,8
210696,7,7,8,7,8,7.0,6.0,8,7.0,8,6,8,7,5.0,7,5.0,6.0,7,7,8,6.0,7.0,8,9,8,7,8,6.0,8,6.0,7,7,8
212304,7.0,7.0,8,8.0,8,9.0,8.0,8,7.0,7.0,6.0,8,6.0,9.0,7,9.0,9.0,7,7,7.0,8.0,7.0,8,9.0,8,6.0,8,8.0,10.0,7.0,7.0,7.0,8
212458,6.0,8.0,8,8.0,8,7.0,7.0,8,8.0,7.0,7.0,8,6.0,6.0,7,6.0,9.0,7,7,8.0,7.0,8.0,8,9.0,8,7.0,8,6.0,9.0,7.0,6.0,6.0,8
210232,7,7,8,7,8,6.0,7.0,8,8.0,8,6,8,7,6.0,7,6.0,5.0,7,7,8,7.0,8.0,8,9,8,7,8,6.0,8,6.0,7,7,8
212338,5.0,5.0,8,6.0,8,6.0,6.0,8,7.0,6.0,5.0,8,5.0,7.0,7,7.0,6.0,7,7,5.0,6.0,7.0,8,7.0,8,7.0,8,6.0,7.0,6.0,5.0,5.0,8
211549,7.0,7.0,8,7.0,8,7.0,6.0,8,8.0,6.0,7.0,8,5.0,6.0,7,6.0,6.0,7,7,7.0,8.0,8.0,8,8.0,8,7.0,8,6.0,8.0,7.0,6.0,6.0,8
210819,7,7,8,7,8,8.0,9.0,8,9.0,8,6,8,7,7.0,7,7.0,9.0,7,7,8,8.0,9.0,8,9,8,7,8,8.0,8,8.0,7,7,8
211524,7.0,8.0,8,9.0,8,8.0,9.0,8,8.0,9.0,6.0,8,7.0,10.0,7,10.0,9.0,7,7,9.0,8.0,8.0,8,10.0,8,8.0,8,9.0,9.0,9.0,7.0,7.0,8
212739,4.0,4.0,8,7.0,8,7.0,6.0,8,6.0,5.0,6.0,8,6.0,7.0,7,7.0,6.0,7,7.0,6.0,7.0,6.0,8,7.0,8,7.0,8,6.0,8.0,7.0,6.0,6.0,8.0
212077,6.0,6.0,8,6.0,8,7.0,7.0,8,6.0,7.0,6.0,8,5.0,9.0,7,9.0,7.0,7,7,7.0,7.0,6.0,8,9.0,8,6.0,8,7.0,7.0,8.0,5.0,5.0,8
211698,7.0,6.0,8,8.0,8,8.0,8.0,8,10.0,7.0,8.0,8,8.0,9.0,7,9.0,8.0,7,7,8.0,10.0,10.0,8,10.0,8,8.0,8,6.0,9.0,10.0,8.0,8.0,8
211562,7.0,7.0,8,7.0,8,8.0,7.0,8,7.0,8.0,6.0,8,7.0,7.0,7,7.0,7.0,7,7,7.0,7.0,7.0,8,8.0,8,8.0,8,6.0,8.0,7.0,7.0,7.0,8
211013,7,7,8,7,8,7.0,6.0,8,5.0,8,6,8,7,8.0,7,8.0,9.0,7,7,8,7.0,5.0,8,9,8,7,8,6.0,8,6.0,7,7,8
210402,7,7,8,7,8,5.0,7.0,8,7.0,8,6,8,7,7.0,7,7.0,7.0,7,7,8,7.0,7.0,8,9,8,7,8,7,8,7.0,7,7,8
212327,6.0,6.0,8,7.0,8,7.0,7.0,8,7.0,8.0,5.0,8,6.0,6.0,7,6.0,7.0,7,7,7.0,6.0,7.0,8,8.0,8,7.0,8,6.0,7.0,6.0,6.0,6.0,8
210708,7,7,8,7,8,7.0,6.0,8,7.0,8,6,8,7,5.0,7,5.0,6.0,7,7,8,6.0,7.0,8,9,8,7,8,6.0,8,6.0,7,7,8
211884,6.0,6.0,8,7.0,8,7.0,7.0,8,8.0,6.0,6.0,8,7.0,7.0,7,7.0,7.0,7,7,9.0,8.0,8.0,8,8.0,8,8.0,8,7.0,8.0,9.0,7.0,7.0,8
211413,7,7,8,7,8,8.0,8.0,8,8.0,8,6,8,7,9.0,7,9.0,9.0,7,7,8,8.0,8.0,8,9,8,7,8,8.0,8,9.0,7,7,8
210908,7,7,8,7,8,7.0,7.0,8,7.0,8,6,8,7,6.0,7,6.0,7.0,7,7,8,5.0,7.0,8,9,8,7,8,7.0,8,7.0,7,7,8
210753,7,7,8,7,8,7.0,6.0,8,9.0,8,6,8,7,8.0,7,8.0,5.0,7,7,8,9.0,9.0,8,9,8,7,8,8.0,8,8.0,7,7,8
213303,7.0,7.0,7.0,6.0,7.0,7.0,6.0,7.0,7.0,8.0,6.0,7.0,6.0,6.0,4.0,6.0,6.0,6.0,5.0,8.0,8.0,7.0,8.0,8.0,6.0,7.0,7.0,7.0,8.0,6.0,6.0,6.0,5.0
213329,6.0,7.0,7.0,6.0,7.0,8.0,6.0,8.0,8.0,8.0,7.0,7.0,7.0,6.0,4.0,6.0,6.0,6.0,8.0,9.0,7.0,8.0,9.0,9.0,7.0,8.0,7.0,8.0,8.0,7.0,8.0,8.0,6.0
212764,7.0,7.0,8.0,7.0,8.0,7.0,6.0,8.0,8.0,7.0,6.0,8.0,8.0,6.0,7.0,6.0,7.0,7.0,7.0,8.0,9.0,8.0,8.0,8.0,7.0,7.0,7.0,7.0,8.0,8.0,8.0,8.0,7.0
210220,7,7,8,7,8,7.0,7.0,8,9.0,8,6,8,7,5.0,7,5.0,6.0,7,7,8,9.0,9.0,8,9,8,7,8,8.0,8,7.0,7,7,8
211928,5.0,6.0,8,7.0,8,6.0,6.0,8,6.0,4.0,5.0,8,3.0,6.0,7,6.0,6.0,7,7,8,7.0,6.0,8,8.0,8,5.0,8,5.0,7.0,7.0,7,7,8
212466,10.0,10.0,8,7,8,9.0,8.0,8,9.0,10.0,7.0,8,8.0,9.0,7,9.0,7.0,7,7,8.0,9.0,9.0,8,10.0,8,8.0,8,9.0,8.0,9.0,8.0,8.0,8
212726,7.0,7.0,8.0,6.0,8.0,7.0,7.0,10.0,8.0,8.0,6.0,8.0,7.0,8.0,6.0,8.0,7.0,8.0,7.0,8.0,9.0,8.0,7.0,9.0,7.0,7.0,8.0,7.0,7.0,8.0,7.0,7.0,7.0
210915,7,7,8,7,8,9.0,9.0,8,9.0,8,6,8,7,10.0,7,10.0,8.0,7,7,8,9.0,9.0,8,9,8,7,8,9.0,8,9.0,7,7,8
212260,7.0,8.0,8,7.0,8,8.0,9.0,8,8.0,8.0,5.0,8,5.0,8.0,7,8.0,8.0,7,7,6.0,7.0,8.0,8,9.0,8,7.0,8,7.0,8.0,7.0,6.0,6.0,8
213169,6.0,7.0,5.0,6.0,4.0,7.0,6.0,6.0,6.0,6.0,4.0,5.0,4.0,6.0,4.0,6.0,6.0,7.0,7.0,6.0,6.0,6.0,7.0,8.0,6.0,6.0,5.0,6.0,8.0,6.0,5.0,5.0,8
212944,7.0,8.0,7.0,8.0,7.0,10.0,8.0,8.0,8.0,8.0,6.0,7.0,8.0,8.0,7.0,8.0,9.0,7.0,9.0,8.0,8.0,8.0,9.0,10.0,7.0,7.0,7.0,8.0,10.0,9.0,8.0,8.0,9.0
211693,6.0,8.0,8,7.0,8,9.0,8.0,8,7.0,8.0,6.0,8,5.0,6.0,7,6.0,8.0,7,7,6.0,8.0,7.0,8,8.0,8,7.0,8,6.0,8.0,6.0,6.0,6.0,8
210310,7,7,8,7,8,9.0,9.0,8,6.0,8,6,8,7,8.0,7,8.0,10.0,7,7,8,8.0,6.0,8,9,8,7,8,8.0,8,7.0,7,7,8
212387,6.0,6.0,8,6.0,8,6.0,6.0,8,6.0,7.0,5.0,8,5.0,6.0,7,6.0,6.0,7,7,5.0,6.0,6.0,8,7.0,8,5.0,8,6.0,7.0,5.0,4.0,4.0,8
212638,6.0,6.0,8.0,8.0,7.0,9.0,7.0,7.0,9.0,7.0,7.0,8.0,8.0,8.0,8.0,8.0,7.0,7.0,8.0,8.0,9.0,9.0,7.0,9.0,7.0,8.0,7.0,7.0,9.0,9.0,8.0,8.0,8.0
213335,6.0,5.0,8,6.0,8,6.0,6.0,8,8.0,6.0,6.0,8,6.0,7.0,7,7.0,6.0,7,6.0,7.0,8.0,8.0,8,8.0,8,7.0,8,6.0,7.0,7.0,6.0,6.0,6.0
210890,7,7,8,7,8,6.0,5.0,8,7.0,8,6,8,7,7.0,7,7.0,7.0,7,7,8,7.0,7.0,8,9,8,7,8,6.0,8,6.0,7,7,8
210097,7,7,8,7,8,8.0,9.0,8,10.0,8,6,8,7,8.0,7,8.0,8.0,7,7,8,9.0,10.0,8,9,8,7,8,9.0,8,9.0,7,7,8
210788,7,7,8,7,8,8.0,8.0,8,8.0,8,6,8,7,8.0,7,8.0,10.0,7,7,8,8.0,8.0,8,9,8,7,8,7.0,8,8.0,7,7,8
210705,7,7,8,7,8,10.0,10.0,8,8.0,8,6,8,7,9.0,7,9.0,10.0,7,7,8,7.0,8.0,8,9,8,7,8,8.0,8,8.0,7,7,8
210346,7,7,8,7,8,9.0,8.0,8,8.0,8,6,8,7,7.0,7,7.0,8.0,7,7,8,7.0,8.0,8,9,8,7,8,7,8,7.0,7,7,8
213259,7.0,6.0,8.0,6.0,8.0,6.0,6.0,8.0,8.0,6.0,6.0,7.0,6.0,7.0,7.0,7.0,7.0,7.0,7.0,6.0,9.0,8.0,6.0,9.0,6.0,6.0,7.0,8.0,8.0,7.0,6.0,6.0,7.0
210275,7,7,8,7,8,9.0,8.0,8,8.0,8,6,8,7,8.0,7,8.0,9.0,7,7,8,7.0,8.0,8,9,8,7,8,7.0,8,7.0,7,7,8
211712,7.0,8.0,8,7.0,8,8.0,8.0,8,8.0,9.0,6.0,8,7.0,7.0,7,7.0,6.0,7,7,9.0,9.0,8.0,8,10.0,8,8.0,8,8.0,7.0,7.0,6.0,6.0,8
212440,6.0,6.0,8,6.0,8,6.0,7.0,8,6.0,5.0,4.0,8,3.0,6.0,7,6.0,7.0,7,7,6.0,7.0,6.0,8,8.0,8,4.0,8,7.0,6.0,6.0,6.0,6.0,8
211569,8.0,9.0,8,8.0,8,8.0,7.0,8,9.0,10.0,8.0,8,8.0,7.0,7,7.0,8.0,7,7,10.0,9.0,9.0,8,9.0,8,8.0,8,9.0,9.0,7.0,8.0,8.0,8
210771,7,7,8,7,8,9.0,8.0,8,8.0,8,6,8,7,8.0,7,8.0,9.0,7,7,8,8.0,8.0,8,9,8,7,8,7.0,8,8.0,7,7,8
212716,7.0,7.0,8.0,8.0,8.0,8.0,10.0,9.0,8.0,9.0,7.0,8.0,6.0,9.0,7.0,9.0,9.0,9.0,7.0,8.0,9.0,8.0,8.0,10.0,8.0,7.0,8.0,8.0,9.0,8.0,6.0,6.0,9.0
212186,6.0,6.0,8,7.0,8,7.0,7.0,8,7.0,5.0,6.0,8,5.0,7.0,7,7.0,7.0,7,7,6.0,7.0,7.0,8,8.0,8,6.0,8,6.0,8.0,8.0,8.0,8.0,8
212940,6.0,6.0,8.0,7.0,7.0,7.0,6.0,7.0,9.0,6.0,7.0,7.0,7.0,6.0,5.0,6.0,6.0,5.0,7.0,7.0,8.0,9.0,8.0,8.0,6.0,8.0,6.0,8.0,8.0,7.0,7.0,7.0,7.0
212236,9.0,9.0,8,9.0,8,8.0,9.0,8,9.0,8.0,7.0,8,8.0,9.0,7,9.0,7.0,7,7,9.0,9.0,9.0,8,10.0,8,9.0,8,8.0,8.0,8.0,7.0,7.0,8
210701,7,7,8,7,8,6.0,7.0,8,7.0,8,6,8,7,7.0,7,7.0,7.0,7,7,8,8.0,7.0,8,9,8,7,8,6.0,8,8.0,7,7,8
211080,7,7,8,7,8,9.0,8.0,8,8.0,8,6,8,7,9.0,7,9.0,10.0,7,7,8,7.0,8.0,8,9,8,7,8,7.0,8,8.0,7,7,8
212160,6.0,5.0,8,7.0,8,7.0,7.0,8,6.0,6.0,5.0,8,6.0,8.0,7,8.0,6.0,7,7,8,6.0,6.0,8,7.0,8,6.0,8,5.0,7.0,7.0,7,7,8
212829,7.0,7.0,8.0,9.0,9.0,7.0,8.0,8.0,9.0,7.0,6.0,8.0,7.0,9.0,8.0,9.0,9.0,8.0,8.0,9.0,9.0,9.0,8.0,9.0,8.0,8.0,8.0,8.0,10.0,9.0,8.0,8.0,9.0
212383,5.0,4.0,8,5.0,8,7.0,5.0,8,6.0,5.0,6.0,8,5.0,7.0,7,7.0,6.0,7,7,7.0,7.0,6.0,8,6.0,8,5.0,8,6.0,7.0,7.0,7.0,7.0,8
210945,7,7,8,7,8,8.0,7.0,8,10.0,8,6,8,7,7.0,7,7.0,6.0,7,7,8,10.0,10.0,8,9,8,7,8,9.0,8,9.0,7,7,8
212332,6.0,7.0,8,8.0,8,7.0,7.0,8,8.0,8.0,8.0,8,7.0,8.0,7,8.0,8.0,7,7,8.0,8.0,8.0,8,10.0,8,8.0,8,7.0,9.0,9.0,8.0,8.0,8
210886,7,7,8,7,8,6.0,5.0,8,9.0,8,6,8,7,7.0,7,7.0,7.0,7,7,8,9.0,9.0,8,9,8,7,8,9.0,8,8.0,7,7,8
211835,5.0,7.0,8,7.0,8,8.0,7.0,8,7.0,7.0,7.0,8,7.0,8.0,7,8.0,7.0,7,7,8.0,8.0,7.0,8,8.0,8,8.0,8,6.0,9.0,8.0,8.0,8.0,8
210276,7,7,8,7,8,9.0,7.0,8,10.0,8,6,8,7,7.0,7,7.0,6.0,7,7,8,10.0,10.0,8,9,8,7,8,8.0,8,9.0,7,7,8
210414,7,7,8,7,8,7.0,7.0,8,6.0,8,6,8,7,6.0,7,6.0,6.0,7,7,8,6.0,6.0,8,9,8,7,8,6.0,8,7.0,7,7,8
213299,7.0,7.0,7.0,6.0,7.0,6.0,6.0,9.0,8.0,7.0,6.0,7.0,6.0,7.0,5.0,7.0,7.0,6.0,6.0,8.0,7.0,8.0,9.0,9.0,7.0,8.0,7.0,7.0,7.0,7.0,6.0,6.0,6.0
211473,7,7,8,7,8,8.0,8.0,8,7.0,8,6,8,7,9.0,7,9.0,8.0,7,7,8,8.0,7.0,8,9,8,7,8,7.0,8,7.0,7,7,8
212455,8.0,8.0,8,8.0,8,9.0,7.0,8,9.0,8.0,7.0,8,7.0,7.0,7,7.0,7.0,7,7,9.0,9.0,9.0,8,9.0,8,7.0,8,8.0,8.0,8.0,9.0,9.0,8
211556,6.0,6.0,8,6.0,8,7.0,6.0,8,7.0,6.0,5.0,8,6.0,6.0,7,6.0,6.0,7,7,7.0,7.0,7.0,8,7.0,8,5.0,8,6.0,7.0,8.0,6.0,6.0,8
211652,7.0,6.0,8,7.0,8,8.0,7.0,8,8.0,8.0,6.0,8,6.0,8.0,7,8.0,8.0,7,7,7.0,8.0,8.0,8,9.0,8,5.0,8,7.0,8.0,9.0,6.0,6.0,8
212886,6.0,8.0,8.0,8.0,8.0,9.0,8.0,7.0,8.0,7.0,8.0,7.0,7.0,8.0,8.0,8.0,7.0,7.0,8.0,8.0,10.0,8.0,8.0,9.0,6.0,8.0,7.0,8.0,9.0,9.0,8.0,8.0,7.0
213230,7.0,7.0,7.0,7.0,8.0,8.0,7.0,8.0,9.0,9.0,8.0,9.0,8.0,7.0,6.0,7.0,6.0,7.0,9.0,10.0,10.0,9.0,10.0,8.0,7.0,9.0,8.0,9.0,8.0,7.0,8.0,8.0,7.0
210837,7,7,8,7,8,9.0,9.0,8,10.0,8,6,8,7,6.0,7,6.0,7.0,7,7,8,9.0,10.0,8,9,8,7,8,8.0,8,9.0,7,7,8
211989,7.0,6.0,8,7.0,8,7.0,6.0,8,8.0,7.0,7.0,8,7.0,7.0,7,7.0,6.0,7,7,8.0,9.0,8.0,8,9.0,8,7.0,8,7.0,8.0,8.0,8.0,8.0,8
210671,7,7,8,7,8,9.0,8.0,8,9.0,8,6,8,7,7.0,7,7.0,9.0,7,7,8,10.0,9.0,8,9,8,7,8,8.0,8,7.0,7,7,8
211421,7,7,8,7,8,7.0,7.0,8,6.0,8,6,8,7,7.0,7,7.0,7.0,7,7,8,6.0,6.0,8,9,8,7,8,7.0,8,7.0,7,7,8
210233,7,7,8,7,8,6.0,6.0,8,7.0,8,6,8,7,7.0,7,7.0,6.0,7,7,8,8.0,7.0,8,9,8,7,8,6.0,8,8.0,7,7,8
212123,6.0,7.0,8,6.0,8,7.0,6.0,8,7.0,7.0,5.0,8,6.0,7.0,7,7.0,8.0,7,7,7.0,6.0,7.0,8,9.0,8,6.0,8,6.0,6.0,6.0,5.0,5.0,8
212684,6.0,7.0,8.0,7.0,8.0,8.0,7.0,7.0,8.0,8.0,6.0,8.0,7.0,7.0,7,7.0,8.0,7.0,8.0,9.0,8.0,8.0,8.0,9.0,7.0,8.0,7.0,7.0,8.0,8.0,7.0,7.0,8.0
212680,8.0,9.0,8.0,7.0,9.0,9.0,8.0,9.0,9.0,9.0,7.0,9.0,10.0,8.0,8.0,8.0,7.0,9.0,8.0,10.0,9.0,9.0,10.0,10.0,9.0,9.0,9.0,9.0,9.0,9.0,8.0,8.0,8.0
212664,7.0,7.0,9.0,8.0,8.0,8.0,8.0,8.0,8.0,7.0,7.0,6.0,6.0,8.0,8.0,8.0,8.0,7.0,8.0,7.0,10.0,8.0,8.0,10.0,8.0,7.0,7.0,6.0,9.0,9.0,8.0,8.0,9.0
210332,7,7,8,7,8,8.0,7.0,8,9.0,8,6,8,7,7.0,7,7.0,7.0,7,7,8,8.0,9.0,8,9,8,7,8,8.0,8,7.0,7,7,8
213201,5.0,6.0,8,7.0,8,7.0,7.0,8,6.0,6.0,4.0,8,4.0,6.0,7,6.0,9.0,7,7.0,6.0,6.0,6.0,7.0,8.0,8,5.0,8,6.0,7.0,6.0,6.0,6.0,8
211192,7,7,8,7,8,9.0,7.0,8,8.0,8,6,8,7,6.0,7,6.0,7.0,7,7,8,8.0,8.0,8,9,8,7,8,6.0,8,8.0,7,7,8
212270,7.0,9.0,8,7.0,8,8.0,7.0,8,9.0,9.0,5.0,8,7.0,8.0,7,8.0,8.0,7,7,8.0,8.0,9.0,8,10.0,8,5.0,8,8.0,7.0,8.0,7.0,7.0,8
212520,9.0,7.0,9.0,9.0,9.0,8.0,9.0,10.0,8.0,8.0,7.0,7.0,6.0,10.0,8.0,10.0,9.0,8.0,7.0,6.0,9.0,8.0,7.0,9.0,8.0,6.0,8.0,7.0,9.0,8.0,7.0,7.0,9.0
212203,8.0,9.0,8,9.0,8,9.0,10.0,8,8.0,8.0,7.0,8,8.0,9.0,7,9.0,9.0,7,7,9.0,8.0,8.0,8,10.0,8,7.0,8,8.0,9.0,8.0,7.0,7.0,8
211737,7.0,8.0,8,8.0,8,7.0,6.0,8,8.0,8.0,7.0,8,8.0,7.0,7,7.0,7.0,7,7,9.0,8.0,8.0,8,9.0,8,8.0,8,8.0,8.0,7.0,6.0,6.0,8
212345,6.0,6.0,8,5.0,8,6.0,7.0,8,7.0,6.0,4.0,8,5.0,7.0,7,7.0,8.0,7,7,8,7.0,7.0,8,10.0,8,6.0,8,6.0,7.0,6.0,6.0,6.0,8
210580,7,7,8,7,8,6.0,7.0,8,7.0,8,6,8,7,6.0,7,6.0,6.0,7,7,8,7.0,7.0,8,9,8,7,8,6.0,8,7.0,7,7,8
210540,7,7,8,7,8,8.0,7.0,8,9.0,8,6,8,7,6.0,7,6.0,6.0,7,7,8,8.0,9.0,8,9,8,7,8,7.0,8,8.0,7,7,8
212844,6.0,6.0,5.0,7.0,6.0,7.0,7.0,5.0,6.0,6.0,5.0,5.0,6.0,6.0,6.0,6.0,7.0,5.0,7.0,6.0,8.0,6.0,6.0,7.0,5.0,6.0,4.0,6.0,7.0,7.0,6.0,6.0,8
210543,7,7,8,7,8,8.0,7.0,8,8.0,8,6,8,7,6.0,7,6.0,7.0,7,7,8,6.0,8.0,8,9,8,7,8,5.0,8,6.0,7,7,8
212493,6.0,6.0,8,7.0,8,7.0,7.0,8,7.0,6.0,6.0,8,6.0,7.0,7,7.0,8.0,7,7,6.0,7.0,7.0,8,8.0,8,6.0,8,6.0,9.0,7.0,7.0,7.0,8
211073,7,7,8,7,8,7.0,6.0,8,8.0,8,6,8,7,5.0,7,5.0,6.0,7,7,8,6.0,8.0,8,9,8,7,8,6.0,8,6.0,7,7,8
211893,8.0,7.0,8,9.0,8,9.0,9.0,8,9.0,10.0,7.0,8,8.0,9.0,7,9.0,9.0,7,7,8.0,9.0,9.0,8,10.0,8,9.0,8,7.0,10.0,10.0,7.0,7.0,8
210291,7,7,8,7,8,7.0,7.0,8,7.0,8,6,8,7,7.0,7,7.0,7.0,7,7,8,8.0,7.0,8,9,8,7,8,7.0,8,7.0,7,7,8
212245,6.0,5.0,8,6.0,8,6.0,5.0,8,8.0,5.0,6.0,8,6.0,6.0,7,6.0,5.0,7,7,6.0,8.0,8.0,8,7.0,8,6.0,8,6.0,6.0,8.0,6.0,6.0,8
213163,6.0,6.0,6.0,7.0,6.0,6.0,8.0,7.0,7.0,6.0,4.0,6.0,5.0,8.0,6.0,8.0,7.0,8.0,6.0,6.0,6.0,7.0,6.0,8.0,7.0,6.0,7.0,6.0,7.0,7.0,5.0,5.0,8
211970,6.0,7.0,8,6.0,8,7.0,6.0,8,8.0,7.0,6.0,8,6.0,6.0,7,6.0,5.0,7,7,8.0,7.0,8.0,8,8.0,8,7.0,8,6.0,7.0,6.0,6.0,6.0,8
213240,6.0,8.0,6.0,7.0,6.0,8.0,8.0,8.0,7.0,6.0,6.0,6.0,5.0,8.0,6.0,8.0,8.0,6.0,7.0,7.0,6.0,7.0,7.0,9.0,7.0,6.0,6.0,6.0,9.0,7.0,7.0,7.0,8.0
213153,6.0,6.0,6.0,7.0,6.0,7.0,6.0,8.0,8.0,6.0,6.0,7.0,6.0,6.0,4.0,6.0,7.0,6.0,6.0,7.0,7.0,8.0,8.0,8.0,7.0,6.0,7.0,6.0,6.0,6.0,6.0,6.0,6.0
210458,7,7,8,7,8,9.0,9.0,8,10.0,8,6,8,7,8.0,7,8.0,8.0,7,7,8,9.0,10.0,8,9,8,7,8,9.0,8,8.0,7,7,8
211347,7,7,8,7,8,7.0,5.0,8,6.0,8,6,8,7,6.0,7,6.0,6.0,7,7,8,6.0,6.0,8,9,8,7,8,5.0,8,7.0,7,7,8
212978,8.0,8.0,10.0,9.0,9.0,9.0,9.0,10.0,9.0,9.0,8.0,9.0,8.0,9.0,9.0,9.0,9.0,9.0,8.0,9.0,9.0,9.0,8.0,10.0,9.0,9.0,9.0,9.0,10.0,9.0,7.0,7.0,10.0
212449,7.0,6.0,8,6.0,8,6.0,6.0,8,8.0,7.0,6.0,8,7.0,7.0,7,7.0,6.0,7,7,8.0,10.0,8.0,8,10.0,8,7.0,8,8.0,8.0,7.0,8.0,8.0,8
210350,7,7,8,7,8,7.0,5.0,8,9.0,8,6,8,7,6.0,7,6.0,5.0,7,7,8,9.0,9.0,8,9,8,7,8,7.0,8,8.0,7,7,8
210579,7,7,8,7,8,6.0,7.0,8,5.0,8,6,8,7,7.0,7,7.0,7.0,7,7,8,6.0,5.0,8,9,8,7,8,7,8,7.0,7,7,8
210423,7,7,8,7,8,7.0,7.0,8,7.0,8,6,8,7,6.0,7,6.0,6.0,7,7,8,7.0,7.0,8,9,8,7,8,7.0,8,5.0,7,7,8
211023,7,7,8,7,8,7.0,6.0,8,7.0,8,6,8,7,8.0,7,8.0,6.0,7,7,8,8.0,7.0,8,9,8,7,8,5.0,8,9.0,7,7,8
211622,6.0,6.0,8,8.0,8,9.0,7.0,8,9.0,7.0,8.0,8,6.0,8.0,7,8.0,8.0,7,7,7.0,9.0,9.0,8,9.0,8,7.0,8,7.0,9.0,10.0,8.0,8.0,8
211980,6.0,5.0,8,6.0,8,6.0,6.0,8,6.0,7.0,5.0,8,5.0,6.0,7,6.0,6.0,7,7,6.0,8.0,6.0,8,8.0,8,6.0,8,7.0,6.0,7.0,6.0,6.0,8
212692,7.0,6.0,7.0,7.0,8.0,7.0,7.0,7.0,7.0,6.0,6.0,5.0,5.0,7.0,7.0,7.0,8.0,7.0,6.0,6.0,9.0,7.0,7.0,9.0,6.0,5.0,7.0,6.0,8.0,8.0,7.0,7.0,8.0
213189,9.0,8.0,8.0,8.0,10.0,8.0,8.0,9.0,8.0,7.0,7.0,7.0,7.0,9.0,8.0,9.0,10.0,8.0,8.0,7.0,9.0,8.0,7.0,9.0,8.0,6.0,8.0,8.0,8.0,9.0,8.0,8.0,10.0
212643,5.0,6.0,8,7.0,8,7.0,6.0,8,6.0,6.0,6.0,8,5.0,7.0,7,7.0,7.0,7,6.0,6.0,6.0,6.0,6.0,7.0,8,6.0,8,6.0,8.0,7.0,6.0,6.0,8.0
211962,7.0,7.0,8,7.0,8,8.0,7.0,8,8.0,9.0,6.0,8,8.0,7.0,7,7.0,6.0,7,7,9.0,8.0,8.0,8,9.0,8,8.0,8,9.0,8.0,8.0,8.0,8.0,8
210550,7,7,8,7,8,6.0,5.0,8,7.0,8,6,8,7,5.0,7,5.0,5.0,7,7,8,8.0,7.0,8,9,8,7,8,7.0,8,7.0,7,7,8
213237,8.0,7.0,9.0,8.0,9.0,8.0,6.0,8.0,10.0,8.0,7.0,9.0,9.0,8.0,7.0,8.0,7.0,7.0,8.0,8.0,10.0,10.0,10.0,10.0,8.0,8.0,7.0,8.0,8.0,8.0,8.0,8.0,7.0
210605,7,7,8,7,8,8.0,7.0,8,7.0,8,6,8,7,7.0,7,7.0,7.0,7,7,8,7.0,7.0,8,9,8,7,8,6.0,8,7.0,7,7,8
212034,8.0,8.0,8,8.0,8,9.0,9.0,8,9.0,9.0,7.0,8,8.0,7.0,7,7.0,9.0,7,7,9.0,7.0,9.0,8,10.0,8,8.0,8,9.0,9.0,7.0,8.0,8.0,8
212551,6.0,7.0,7.0,6.0,7.0,7.0,7.0,9.0,7.0,7.0,4.0,7.0,6.0,7.0,7.0,7.0,6.0,7.0,6.0,6.0,7.0,7.0,5.0,9.0,6.0,6.0,8.0,6.0,7.0,7.0,5.0,5.0,8
210192,7,7,8,7,8,7.0,6.0,8,6.0,8,6,8,7,6.0,7,6.0,8.0,7,7,8,7.0,6.0,8,9,8,7,8,7.0,8,6.0,7,7,8
210576,7,7,8,7,8,7.0,5.0,8,9.0,8,6,8,7,7.0,7,7.0,5.0,7,7,8,9.0,9.0,8,9,8,7,8,6.0,8,8.0,7,7,8
212001,6.0,6.0,8,6.0,8,7.0,5.0,8,8.0,6.0,6.0,8,6.0,5.0,7,5.0,5.0,7,7,7.0,8.0,8.0,8,7.0,8,7.0,8,7.0,7.0,7.0,7.0,7.0,8
211341,7,7,8,7,8,7.0,7.0,8,9.0,8,6,8,7,7.0,7,7.0,7.0,7,7,8,10.0,9.0,8,9,8,7,8,8.0,8,9.0,7,7,8
210368,7,7,8,7,8,8.0,7.0,8,6.0,8,6,8,7,7.0,7,7.0,8.0,7,7,8,6.0,6.0,8,9,8,7,8,7.0,8,7.0,7,7,8
212911,7.0,8.0,8.0,7.0,6.0,8.0,6.0,7.0,9.0,8.0,6.0,9.0,7.0,6.0,4.0,6.0,7.0,6.0,8.0,9.0,7.0,9.0,8.0,9.0,7.0,9.0,6.0,7.0,8.0,7.0,8.0,8.0,7.0
211845,8.0,9.0,8,8.0,8,8.0,9.0,8,9.0,9.0,8.0,8,7.0,8.0,7,8.0,10.0,7,7,8.0,7.0,9.0,8,10.0,8,9.0,8,8.0,9.0,8.0,7.0,7.0,8
212031,6.0,5.0,8,6.0,8,6.0,5.0,8,8.0,6.0,6.0,8,7.0,6.0,7,6.0,4.0,7,7,7.0,9.0,8.0,8,8.0,8,6.0,8,7.0,6.0,6.0,6.0,6.0,8
210406,7,7,8,7,8,6.0,5.0,8,7.0,8,6,8,7,6.0,7,6.0,6.0,7,7,8,7.0,7.0,8,9,8,7,8,5.0,8,8.0,7,7,8
212754,6.0,7.0,6.0,7.0,7.0,7.0,8.0,8.0,7.0,7.0,7.0,6.0,7.0,8.0,7.0,8.0,7.0,8.0,6.0,7.0,8.0,7.0,7.0,9.0,7.0,7.0,6.0,6.0,8.0,7.0,6.0,6.0,8.0
211951,6.0,7.0,8,6.0,8,6.0,6.0,8,8.0,7.0,5.0,8,6.0,6.0,7,6.0,6.0,7,7,7.0,8.0,8.0,8,9.0,8,6.0,8,7.0,6.0,7.0,6.0,6.0,8
212042,6.0,6.0,8,6.0,8,7.0,7.0,8,6.0,5.0,6.0,8,5.0,7.0,7,7.0,7.0,7,7,6.0,9.0,6.0,8,9.0,8,5.0,8,6.0,9.0,8.0,7.0,7.0,8
211416,7,7,8,7,8,8.0,7.0,8,8.0,8,6,8,7,7.0,7,7.0,9.0,7,7,8,9.0,8.0,8,9,8,7,8,7.0,8,9.0,7,7,8
210341,7,7,8,7,8,7.0,6.0,8,8.0,8,6,8,7,7.0,7,7.0,7.0,7,7,8,8.0,8.0,8,9,8,7,8,7.0,8,8.0,7,7,8
210741,7,7,8,7,8,8.0,7.0,8,9.0,8,6,8,7,8.0,7,8.0,6.0,7,7,8,9.0,9.0,8,9,8,7,8,8.0,8,7.0,7,7,8
