Arkonian Warfare Tactics,ExoGenetics Evolution,Transdimensional Navigation,Warp Field Theory,Dark Matter Biophysics,Zarnithian Philosophy,Drakthon Linguistics,Xynthium Material Sciences,Hyperspace Topology,Helio-Bio Interface,Luminarian Art Theory,Stellar Cartography,Chrono-Kinetics,Technotronic Linguistic Fusion,Cybernetic Ethics,Nebulon Astrophysics,Quasar Dynamics,Glacial Holo-Architecture,Aether Resonance,Gravix Planetary Studies,Vortex Quantum Mechanics,Holo-Temporal Engineering,Psi-Energy Manipulation,Plasmawave Analysis,Neutronia Metallurgy,Syntho-Chemical Engineering,Sublight Propulsion Systems,Krythos Biomechanics,Flux Capacitor Management,Xyloprax Computation,Yridium Power Systems,Quantum Neuro-Hacking,Zyglon Neurology
7.0,8.0,8.0,8.0,8.0,8.0,7.0,8.0,8.0,8.0,7.0,8.0,7.0,8.0,7.0,8.0,8.0,8.0,8.0,8.0,8.0,8.0,8.0,9.0,8.0,8.0,8.0,8.0,8.0,8.0,7.0,7.0,8.0
6.0,6.0,7.0,6.0,6.0,7.0,6.0,8.0,7.0,7.0,5.0,6.0,6.0,5.0,5.0,5.0,6.0,6.0,6.0,7.0,7.0,7.0,7.0,8.0,6.0,6.0,6.0,8.0,7.0,6.0,6.0,6.0,7.0
7.0,8.0,8.0,8.0,8.0,8.0,7.0,8.0,10.0,8.0,7.0,8.0,7.0,9.0,7.0,9.0,6.0,8.0,8.0,8.0,10.0,10.0,8.0,9.0,8.0,8.0,8.0,9.0,8.0,10.0,7.0,7.0,8.0
7.0,8.0,8.0,8.0,8.0,9.0,8.0,8.0,9.0,8.0,7.0,8.0,7.0,8.0,7.0,8.0,8.0,8.0,8.0,8.0,8.0,9.0,8.0,9.0,8.0,8.0,8.0,8.0,8.0,8.0,7.0,7.0,8.0
6.0,6.0,7.0,6.0,8.0,7.0,8.0,8.0,7.0,7.0,7.0,8.0,7.0,7.0,7.0,7.0,8.0,6.0,6.0,7.0,7.0,7.0,7.0,9.0,6.0,6.0,6.0,6.0,7.0,7.0,6.0,6.0,8.0
4.0,6.0,7.0,6.0,6.0,6.0,6.0,8.0,6.0,6.0,4.0,6.0,5.0,6.0,5.0,6.0,6.0,6.0,6.0,6.0,6.0,6.0,7.0,7.0,6.0,6.0,6.0,6.0,8.0,7.0,6.0,6.0,7.0
6.0,8.0,7.0,6.0,6.0,7.0,6.0,8.0,7.0,7.0,5.0,6.0,5.0,7.0,5.0,7.0,7.0,6.0,6.0,6.0,6.0,7.0,7.0,8.0,6.0,6.0,6.0,6.0,7.0,6.0,5.0,5.0,7.0
7.0,7.0,7.0,7.0,8.0,8.0,8.0,8.0,7.0,8.0,5.0,8.0,5.0,7.0,7.0,7.0,7.0,6.0,6.0,8.0,7.0,7.0,7.0,10.0,6.0,6.0,6.0,7.0,7.0,7.0,6.0,6.0,8.0
6.0,6.0,7.0,8.0,8.0,7.0,8.0,8.0,8.0,7.0,7.0,8.0,6.0,7.0,7.0,7.0,8.0,6.0,6.0,7.0,8.0,8.0,7.0,8.0,6.0,7.0,6.0,6.0,9.0,9.0,7.0,7.0,8.0
6.0,6.0,7.0,6.0,6.0,6.0,6.0,8.0,8.0,8.0,6.0,6.0,7.0,6.0,5.0,6.0,4.0,6.0,6.0,8.0,9.0,8.0,7.0,7.0,6.0,8.0,6.0,7.0,7.0,8.0,6.0,6.0,7.0
8.0,9.0,8.0,8.0,8.0,9.0,7.0,8.0,10.0,10.0,8.0,8.0,8.0,7.0,7.0,7.0,7.0,8.0,8.0,9.0,9.0,10.0,8.0,8.0,8.0,10.0,8.0,9.0,9.0,8.0,9.0,9.0,8.0
7.0,8.0,8.0,8.0,8.0,8.0,8.0,8.0,9.0,8.0,7.0,8.0,7.0,8.0,7.0,8.0,8.0,8.0,8.0,8.0,8.0,9.0,8.0,9.0,8.0,8.0,8.0,8.0,8.0,8.0,7.0,7.0,8.0
6.0,6.0,7.0,6.0,6.0,7.0,7.0,8.0,6.0,7.0,5.0,6.0,6.0,7.0,5.0,7.0,7.0,6.0,6.0,7.0,7.0,6.0,7.0,8.0,6.0,6.0,6.0,6.0,7.0,6.0,6.0,6.0,7.0
7.0,7.0,7.0,8.0,6.0,7.0,8.0,8.0,6.0,7.0,4.0,6.0,5.0,6.0,5.0,6.0,8.0,6.0,6.0,7.0,6.0,6.0,7.0,8.0,6.0,5.0,6.0,6.0,8.0,6.0,5.0,5.0,7.0
8.0,8.0,8.0,8.0,8.0,9.0,8.0,8.0,8.0,7.0,6.0,8.0,7.0,9.0,7.0,9.0,8.0,8.0,8.0,8.0,10.0,8.0,8.0,10.0,8.0,6.0,8.0,8.0,9.0,8.0,7.0,7.0,8.0
5.0,7.0,7.0,7.0,6.0,7.0,6.0,8.0,7.0,8.0,5.0,6.0,6.0,7.0,5.0,7.0,6.0,6.0,6.0,7.0,6.0,7.0,7.0,7.0,6.0,6.0,6.0,6.0,7.0,6.0,6.0,6.0,7.0
7.0,8.0,8.0,8.0,8.0,9.0,8.0,8.0,9.0,8.0,7.0,8.0,7.0,9.0,7.0,9.0,9.0,8.0,8.0,8.0,8.0,9.0,8.0,9.0,8.0,8.0,8.0,7.0,8.0,10.0,7.0,7.0,8.0
7.0,8.0,8.0,8.0,8.0,7.0,10.0,8.0,8.0,8.0,7.0,8.0,7.0,10.0,7.0,10.0,9.0,8.0,8.0,8.0,8.0,8.0,8.0,9.0,8.0,8.0,8.0,8.0,8.0,9.0,7.0,7.0,8.0
7.0,8.0,8.0,8.0,8.0,8.0,6.0,8.0,10.0,8.0,7.0,8.0,7.0,8.0,7.0,8.0,7.0,8.0,8.0,8.0,10.0,10.0,8.0,9.0,8.0,8.0,8.0,8.0,8.0,9.0,7.0,7.0,8.0
6.0,7.0,7.0,7.0,8.0,8.0,7.0,8.0,8.0,7.0,6.0,8.0,6.0,7.0,7.0,7.0,7.0,6.0,6.0,7.0,8.0,8.0,7.0,10.0,6.0,9.0,6.0,7.0,9.0,8.0,6.0,6.0,8.0
6.0,7.0,7.0,5.0,6.0,7.0,6.0,8.0,7.0,7.0,5.0,6.0,5.0,4.0,5.0,4.0,5.0,6.0,6.0,7.0,6.0,7.0,7.0,7.0,6.0,7.0,6.0,7.0,7.0,5.0,6.0,6.0,7.0
5.0,7.0,7.0,7.0,8.0,9.0,7.0,8.0,7.0,7.0,6.0,8.0,6.0,7.0,7.0,7.0,8.0,6.0,7.0,7.0,7.0,7.0,7.0,8.0,6.0,7.0,6.0,6.0,9.0,7.0,8.0,8.0,7.0
6.0,6.0,7.0,6.0,8.0,7.0,7.0,8.0,9.0,7.0,7.0,8.0,7.0,8.0,7.0,8.0,5.0,6.0,6.0,7.0,8.0,9.0,7.0,9.0,6.0,6.0,6.0,8.0,7.0,9.0,6.0,6.0,8.0
6.0,6.0,7.0,6.0,6.0,7.0,6.0,8.0,8.0,7.0,5.0,6.0,6.0,6.0,5.0,6.0,5.0,6.0,6.0,7.0,8.0,8.0,7.0,8.0,6.0,6.0,6.0,6.0,7.0,7.0,6.0,6.0,7.0
6.0,6.0,7.0,6.0,6.0,6.0,7.0,8.0,6.0,6.0,6.0,6.0,4.0,8.0,5.0,8.0,7.0,6.0,6.0,6.0,6.0,6.0,7.0,8.0,6.0,6.0,6.0,6.0,7.0,8.0,6.0,6.0,7.0
7.0,7.0,9.0,9.0,10.0,9.0,8.0,10.0,9.0,7.0,7.0,9.0,8.0,8.0,9.0,8.0,8.0,8.0,9.0,8.0,9.0,9.0,8.0,9.0,8.0,9.0,8.0,8.0,9.0,10.0,8.0,8.0,10.0
6.0,6.0,7.0,6.0,8.0,8.0,6.0,8.0,7.0,7.0,7.0,8.0,7.0,7.0,7.0,7.0,6.0,6.0,6.0,7.0,7.0,7.0,7.0,9.0,6.0,6.0,6.0,7.0,7.0,7.0,6.0,6.0,8.0
6.0,6.0,7.0,6.0,8.0,7.0,8.0,8.0,7.0,7.0,7.0,8.0,7.0,7.0,7.0,7.0,8.0,6.0,6.0,7.0,6.0,7.0,7.0,9.0,6.0,6.0,6.0,8.0,7.0,6.0,6.0,6.0,8.0
8.0,7.0,8.0,8.0,8.0,9.0,7.0,8.0,9.0,8.0,7.0,8.0,7.0,8.0,7.0,8.0,8.0,8.0,8.0,7.0,8.0,9.0,8.0,10.0,8.0,7.0,8.0,7.0,9.0,7.0,8.0,8.0,8.0
7.0,8.0,8.0,8.0,8.0,9.0,7.0,8.0,10.0,8.0,7.0,8.0,7.0,8.0,7.0,8.0,8.0,8.0,8.0,8.0,9.0,10.0,8.0,9.0,8.0,8.0,8.0,9.0,8.0,9.0,7.0,7.0,8.0
7.0,8.0,8.0,8.0,8.0,9.0,9.0,8.0,8.0,8.0,7.0,8.0,7.0,8.0,7.0,8.0,9.0,8.0,8.0,8.0,8.0,8.0,8.0,9.0,8.0,8.0,8.0,8.0,8.0,8.0,7.0,7.0,8.0
6.0,6.0,7.0,6.0,6.0,6.0,6.0,8.0,7.0,7.0,5.0,6.0,6.0,7.0,5.0,7.0,5.0,6.0,6.0,7.0,6.0,7.0,7.0,8.0,6.0,6.0,6.0,6.0,7.0,5.0,6.0,6.0,7.0
6.0,6.0,7.0,6.0,6.0,6.0,6.0,8.0,7.0,7.0,5.0,6.0,6.0,7.0,5.0,7.0,6.0,6.0,6.0,7.0,8.0,7.0,7.0,8.0,6.0,6.0,6.0,6.0,7.0,8.0,6.0,6.0,7.0
6.0,6.0,7.0,6.0,6.0,6.0,6.0,8.0,7.0,7.0,5.0,6.0,6.0,5.0,5.0,5.0,6.0,6.0,6.0,7.0,7.0,7.0,7.0,8.0,6.0,6.0,6.0,6.0,7.0,7.0,6.0,6.0,7.0
6.0,6.0,7.0,6.0,6.0,6.0,6.0,8.0,7.0,6.0,6.0,6.0,6.0,5.0,5.0,5.0,6.0,6.0,6.0,7.0,8.0,7.0,7.0,8.0,6.0,6.0,6.0,7.0,6.0,7.0,6.0,6.0,7.0
6.0,6.0,7.0,6.0,6.0,6.0,6.0,8.0,8.0,7.0,5.0,6.0,6.0,6.0,5.0,6.0,6.0,6.0,6.0,7.0,7.0,8.0,7.0,8.0,6.0,6.0,6.0,7.0,7.0,7.0,6.0,6.0,7.0
7.0,6.0,10.0,8.0,8.0,8.0,7.0,10.0,9.0,8.0,7.0,8.0,7.0,8.0,8.0,8.0,7.0,8.0,8.0,9.0,8.0,9.0,7.0,10.0,7.0,8.0,8.0,8.0,8.0,8.0,8.0,8.0,7.0
8.0,8.0,7.0,7.0,8.0,7.0,7.0,8.0,8.0,7.0,7.0,8.0,6.0,8.0,7.0,8.0,7.0,6.0,6.0,8.0,8.0,8.0,7.0,9.0,6.0,6.0,6.0,8.0,7.0,7.0,6.0,6.0,8.0
8.0,8.0,9.0,8.0,9.0,9.0,7.0,8.0,10.0,7.0,7.0,9.0,6.0,8.0,7.0,8.0,7.0,8.0,8.0,7.0,10.0,10.0,8.0,10.0,8.0,6.0,9.0,8.0,8.0,7.0,7.0,7.0,8.0
6.0,6.0,7.0,6.0,6.0,7.0,8.0,8.0,6.0,7.0,5.0,6.0,6.0,6.0,5.0,6.0,6.0,6.0,6.0,7.0,6.0,6.0,7.0,8.0,6.0,6.0,6.0,6.0,7.0,6.0,6.0,6.0,7.0
6.0,6.0,7.0,6.0,6.0,6.0,5.0,8.0,7.0,7.0,5.0,6.0,6.0,6.0,5.0,6.0,6.0,6.0,6.0,7.0,7.0,7.0,7.0,8.0,6.0,6.0,6.0,5.0,7.0,8.0,6.0,6.0,7.0
6.0,6.0,7.0,7.0,8.0,7.0,8.0,8.0,8.0,7.0,7.0,8.0,7.0,8.0,7.0,8.0,8.0,6.0,6.0,8.0,8.0,8.0,7.0,9.0,6.0,7.0,6.0,7.0,9.0,9.0,6.0,6.0,8.0
8.0,8.0,8.0,8.0,7.0,9.0,7.0,9.0,9.0,9.0,7.0,9.0,7.0,7.0,6.0,7.0,7.0,7.0,7.0,7.0,9.0,9.0,8.0,10.0,8.0,8.0,7.0,8.0,8.0,7.0,7.0,7.0,6.0
6.0,4.0,7.0,6.0,6.0,6.0,6.0,8.0,8.0,7.0,6.0,6.0,6.0,6.0,5.0,6.0,4.0,6.0,7.0,7.0,9.0,8.0,7.0,8.0,6.0,7.0,6.0,7.0,7.0,7.0,7.0,7.0,6.0
7.0,7.0,7.0,8.0,7.0,7.0,7.0,7.0,8.0,8.0,7.0,9.0,9.0,7.0,7.0,7.0,8.0,7.0,8.0,9.0,7.0,8.0,8.0,9.0,8.0,9.0,7.0,7.0,10.0,8.0,7.0,7.0,8.0
7.0,8.0,7.0,7.0,6.0,7.0,7.0,8.0,8.0,8.0,5.0,6.0,5.0,6.0,5.0,6.0,7.0,6.0,6.0,8.0,7.0,8.0,7.0,8.0,6.0,7.0,6.0,7.0,7.0,6.0,5.0,5.0,7.0
6.0,6.0,7.0,6.0,8.0,7.0,7.0,8.0,6.0,7.0,7.0,8.0,7.0,8.0,7.0,8.0,7.0,6.0,6.0,7.0,7.0,6.0,7.0,9.0,6.0,6.0,6.0,6.0,7.0,8.0,6.0,6.0,8.0
7.0,8.0,8.0,8.0,8.0,9.0,7.0,8.0,9.0,8.0,7.0,8.0,7.0,7.0,7.0,7.0,8.0,8.0,8.0,8.0,8.0,9.0,8.0,9.0,8.0,8.0,8.0,9.0,8.0,7.0,7.0,7.0,8.0
6.0,6.0,7.0,6.0,6.0,6.0,6.0,8.0,8.0,7.0,5.0,6.0,6.0,7.0,5.0,7.0,6.0,6.0,6.0,7.0,7.0,8.0,7.0,8.0,6.0,6.0,6.0,5.0,7.0,7.0,6.0,6.0,7.0
7.0,7.0,8.0,7.0,10.0,9.0,7.0,8.0,10.0,9.0,8.0,9.0,9.0,8.0,7.0,8.0,7.0,7.0,8.0,9.0,10.0,10.0,8.0,10.0,7.0,9.0,8.0,8.0,8.0,8.0,8.0,8.0,8.0
8.0,7.0,7.0,7.0,8.0,7.0,7.0,8.0,7.0,6.0,6.0,8.0,4.0,6.0,7.0,6.0,8.0,6.0,6.0,6.0,7.0,7.0,7.0,8.0,6.0,5.0,6.0,6.0,8.0,7.0,6.0,6.0,8.0
6.0,6.0,7.0,6.0,8.0,7.0,8.0,8.0,8.0,7.0,7.0,8.0,7.0,8.0,7.0,8.0,8.0,6.0,6.0,7.0,8.0,8.0,7.0,9.0,6.0,6.0,6.0,6.0,7.0,9.0,6.0,6.0,8.0
8.0,9.0,8.0,9.0,8.0,9.0,7.0,8.0,8.0,9.0,7.0,8.0,7.0,6.0,6.0,6.0,8.0,8.0,7.0,8.0,9.0,8.0,8.0,10.0,8.0,8.0,7.0,8.0,9.0,8.0,7.0,7.0,9.0
7.0,8.0,8.0,8.0,8.0,9.0,8.0,8.0,8.0,8.0,7.0,8.0,7.0,7.0,7.0,7.0,8.0,8.0,8.0,8.0,9.0,8.0,8.0,9.0,8.0,8.0,8.0,7.0,8.0,8.0,7.0,7.0,8.0
7.0,8.0,8.0,8.0,8.0,8.0,8.0,8.0,9.0,8.0,7.0,8.0,7.0,9.0,7.0,9.0,8.0,8.0,8.0,8.0,9.0,9.0,8.0,9.0,8.0,8.0,8.0,7.0,8.0,9.0,7.0,7.0,8.0
6.0,6.0,7.0,6.0,6.0,6.0,6.0,8.0,7.0,7.0,5.0,6.0,6.0,6.0,5.0,6.0,6.0,6.0,6.0,7.0,7.0,7.0,7.0,8.0,6.0,6.0,6.0,6.0,7.0,6.0,6.0,6.0,7.0
7.0,8.0,8.0,8.0,8.0,8.0,8.0,8.0,9.0,8.0,7.0,8.0,7.0,7.0,7.0,7.0,8.0,8.0,8.0,8.0,10.0,9.0,8.0,9.0,8.0,8.0,8.0,7.0,8.0,9.0,7.0,7.0,8.0
6.0,6.0,7.0,6.0,8.0,8.0,6.0,8.0,9.0,7.0,7.0,8.0,7.0,6.0,7.0,6.0,6.0,6.0,6.0,7.0,9.0,9.0,7.0,9.0,6.0,6.0,6.0,7.0,7.0,8.0,6.0,6.0,8.0
7.0,8.0,7.0,8.0,8.0,7.0,8.0,8.0,7.0,9.0,6.0,8.0,6.0,9.0,7.0,9.0,8.0,6.0,6.0,8.0,7.0,7.0,7.0,9.0,6.0,7.0,6.0,7.0,9.0,8.0,6.0,6.0,8.0
7.0,8.0,8.0,9.0,8.0,10.0,9.0,8.0,8.0,9.0,6.0,8.0,7.0,9.0,7.0,9.0,9.0,8.0,8.0,9.0,9.0,8.0,8.0,10.0,8.0,8.0,8.0,7.0,10.0,8.0,8.0,8.0,8.0
6.0,6.0,7.0,6.0,8.0,7.0,7.0,8.0,8.0,7.0,7.0,8.0,7.0,7.0,7.0,7.0,6.0,6.0,6.0,7.0,8.0,8.0,7.0,9.0,6.0,6.0,6.0,7.0,7.0,7.0,6.0,6.0,8.0
6.0,6.0,7.0,5.0,6.0,6.0,6.0,8.0,8.0,7.0,6.0,6.0,7.0,7.0,5.0,7.0,6.0,6.0,6.0,7.0,8.0,8.0,7.0,8.0,6.0,7.0,6.0,7.0,7.0,7.0,6.0,6.0,7.0
6.0,6.0,7.0,6.0,6.0,7.0,7.0,8.0,6.0,6.0,4.0,6.0,5.0,7.0,5.0,7.0,7.0,6.0,6.0,6.0,6.0,6.0,7.0,8.0,6.0,6.0,6.0,6.0,8.0,7.0,5.0,5.0,7.0
6.0,7.0,6.0,6.0,8.0,6.0,6.0,6.0,7.0,8.0,6.0,7.0,6.0,7.0,6.0,7.0,7.0,6.0,7.0,7.0,6.0,7.0,8.0,7.0,7.0,7.0,6.0,6.0,8.0,7.0,7.0,7.0,7.0
6.0,6.0,7.0,7.0,8.0,7.0,7.0,7.0,7.0,5.0,6.0,5.0,6.0,8.0,8.0,8.0,7.0,7.0,7.0,6.0,9.0,7.0,6.0,8.0,6.0,6.0,7.0,7.0,8.0,9.0,7.0,7.0,8.0
7.0,8.0,8.0,8.0,8.0,8.0,7.0,8.0,9.0,8.0,7.0,8.0,7.0,9.0,7.0,9.0,7.0,8.0,8.0,8.0,9.0,9.0,8.0,9.0,8.0,8.0,8.0,8.0,8.0,9.0,7.0,7.0,8.0
7.0,9.0,8.0,8.0,8.0,8.0,9.0,8.0,8.0,8.0,6.0,8.0,7.0,10.0,7.0,10.0,9.0,8.0,8.0,9.0,9.0,8.0,8.0,10.0,8.0,8.0,8.0,7.0,10.0,8.0,6.0,6.0,8.0
6.0,6.0,7.0,6.0,8.0,8.0,8.0,8.0,8.0,7.0,7.0,8.0,7.0,7.0,7.0,7.0,7.0,6.0,6.0,7.0,8.0,8.0,7.0,9.0,6.0,6.0,6.0,8.0,7.0,8.0,6.0,6.0,8.0
6.0,6.0,7.0,6.0,6.0,6.0,6.0,8.0,6.0,7.0,5.0,6.0,6.0,6.0,5.0,6.0,6.0,6.0,6.0,7.0,7.0,6.0,7.0,8.0,6.0,6.0,6.0,5.0,7.0,7.0,6.0,6.0,7.0
6.0,6.0,7.0,6.0,6.0,6.0,6.0,8.0,8.0,7.0,5.0,6.0,6.0,7.0,5.0,7.0,7.0,6.0,6.0,7.0,7.0,8.0,7.0,8.0,6.0,6.0,6.0,7.0,7.0,6.0,6.0,6.0,7.0
6.0,6.0,7.0,6.0,7.0,6.0,6.0,8.0,7.0,6.0,6.0,6.0,7.0,6.0,6.0,6.0,6.0,6.0,6.0,7.0,7.0,7.0,6.0,7.0,6.0,7.0,5.0,6.0,7.0,7.0,6.0,6.0,7.0
6.0,6.0,7.0,6.0,6.0,6.0,6.0,8.0,9.0,7.0,5.0,6.0,6.0,5.0,5.0,5.0,4.0,6.0,6.0,7.0,8.0,9.0,7.0,8.0,6.0,6.0,6.0,7.0,7.0,8.0,6.0,6.0,7.0
6.0,7.0,5.0,7.0,6.0,7.0,6.0,6.0,7.0,6.0,5.0,6.0,6.0,7.0,4.0,7.0,6.0,5.0,6.0,6.0,7.0,7.0,7.0,8.0,6.0,6.0,5.0,6.0,7.0,6.0,6.0,6.0,7.0
7.0,7.0,7.0,6.0,8.0,7.0,6.0,8.0,9.0,7.0,5.0,8.0,6.0,8.0,7.0,8.0,7.0,6.0,6.0,7.0,8.0,9.0,7.0,8.0,6.0,7.0,6.0,7.0,7.0,9.0,8.0,8.0,8.0
7.0,8.0,7.0,8.0,8.0,7.0,7.0,8.0,9.0,8.0,5.0,8.0,7.0,7.0,7.0,7.0,7.0,6.0,6.0,9.0,8.0,9.0,7.0,9.0,6.0,7.0,6.0,8.0,8.0,8.0,7.0,7.0,8.0
7.0,7.0,7.0,7.0,8.0,7.0,7.0,8.0,9.0,8.0,7.0,8.0,8.0,8.0,7.0,8.0,6.0,6.0,6.0,9.0,8.0,9.0,7.0,8.0,6.0,8.0,6.0,7.0,7.0,8.0,7.0,7.0,8.0
6.0,7.0,7.0,7.0,6.0,6.0,6.0,8.0,8.0,7.0,5.0,6.0,5.0,7.0,5.0,7.0,6.0,6.0,6.0,6.0,6.0,8.0,7.0,8.0,6.0,7.0,6.0,6.0,6.0,6.0,5.0,5.0,7.0
7.0,8.0,8.0,8.0,8.0,10.0,9.0,8.0,9.0,8.0,7.0,8.0,7.0,7.0,7.0,7.0,8.0,8.0,8.0,8.0,8.0,9.0,8.0,9.0,8.0,8.0,8.0,7.0,8.0,7.0,7.0,7.0,8.0
5.0,7.0,7.0,7.0,6.0,6.0,7.0,8.0,6.0,6.0,4.0,6.0,4.0,6.0,5.0,6.0,7.0,6.0,6.0,6.0,6.0,6.0,7.0,8.0,6.0,5.0,6.0,6.0,7.0,6.0,5.0,5.0,7.0
9.0,9.0,9.0,7.0,9.0,9.0,8.0,10.0,8.0,9.0,7.0,8.0,6.0,9.0,8.0,9.0,9.0,8.0,7.0,7.0,8.0,8.0,7.0,10.0,8.0,6.0,9.0,8.0,9.0,8.0,7.0,7.0,9.0
6.0,6.0,7.0,6.0,6.0,8.0,6.0,8.0,8.0,7.0,5.0,6.0,6.0,7.0,5.0,7.0,5.0,6.0,6.0,7.0,9.0,8.0,7.0,8.0,6.0,6.0,6.0,7.0,7.0,8.0,6.0,6.0,7.0
7.0,8.0,8.0,8.0,8.0,9.0,8.0,8.0,9.0,8.0,7.0,8.0,7.0,8.0,7.0,8.0,8.0,8.0,8.0,8.0,10.0,9.0,8.0,9.0,8.0,8.0,8.0,9.0,8.0,8.0,7.0,7.0,8.0
6.0,6.0,7.0,6.0,8.0,8.0,8.0,8.0,8.0,7.0,7.0,8.0,7.0,8.0,7.0,8.0,9.0,6.0,6.0,7.0,6.0,8.0,7.0,9.0,6.0,6.0,6.0,6.0,7.0,7.0,6.0,6.0,8.0
7.0,6.0,7.0,7.0,8.0,8.0,6.0,8.0,8.0,6.0,6.0,8.0,6.0,8.0,7.0,8.0,8.0,6.0,6.0,6.0,8.0,8.0,7.0,9.0,6.0,6.0,6.0,6.0,8.0,7.0,6.0,6.0,8.0
6.0,6.0,7.0,6.0,8.0,8.0,7.0,8.0,8.0,7.0,7.0,8.0,7.0,7.0,7.0,7.0,7.0,6.0,6.0,7.0,8.0,8.0,7.0,9.0,6.0,6.0,6.0,6.0,7.0,7.0,6.0,6.0,8.0
6.0,6.0,7.0,6.0,8.0,8.0,7.0,8.0,7.0,7.0,7.0,8.0,7.0,7.0,7.0,7.0,8.0,6.0,6.0,7.0,6.0,7.0,7.0,9.0,6.0,6.0,6.0,6.0,7.0,6.0,6.0,6.0,8.0
7.0,8.0,8.0,8.0,8.0,8.0,8.0,8.0,8.0,7.0,7.0,8.0,9.0,7.0,7.0,7.0,8.0,8.0,8.0,10.0,9.0,8.0,8.0,9.0,8.0,10.0,8.0,8.0,10.0,9.0,8.0,8.0,8.0
7.0,8.0,8.0,7.0,8.0,8.0,8.0,8.0,8.0,7.0,7.0,8.0,7.0,9.0,7.0,9.0,8.0,8.0,8.0,8.0,9.0,8.0,8.0,9.0,8.0,7.0,8.0,7.0,9.0,9.0,8.0,8.0,8.0
6.0,6.0,7.0,6.0,6.0,6.0,6.0,8.0,7.0,7.0,5.0,6.0,6.0,6.0,5.0,6.0,4.0,6.0,6.0,7.0,7.0,7.0,7.0,8.0,6.0,6.0,6.0,6.0,7.0,8.0,6.0,6.0,7.0
6.0,6.0,7.0,8.0,8.0,7.0,6.0,8.0,7.0,6.0,7.0,8.0,6.0,7.0,7.0,7.0,8.0,6.0,6.0,6.0,7.0,7.0,7.0,7.0,6.0,5.0,6.0,6.0,9.0,8.0,8.0,8.0,8.0
7.0,8.0,7.0,8.0,7.0,8.0,7.0,6.0,7.0,7.0,8.0,6.0,7.0,8.0,8.0,8.0,10.0,7.0,8.0,8.0,8.0,7.0,8.0,8.0,6.0,8.0,6.0,7.0,9.0,9.0,8.0,8.0,9.0
6.0,6.0,7.0,6.0,6.0,6.0,6.0,8.0,6.0,7.0,5.0,6.0,6.0,7.0,5.0,7.0,6.0,6.0,6.0,7.0,6.0,6.0,7.0,8.0,6.0,6.0,6.0,5.0,7.0,7.0,6.0,6.0,7.0
6.0,7.0,6.0,8.0,8.0,7.0,7.0,8.0,7.0,7.0,6.0,7.0,6.0,8.0,8.0,8.0,8.0,8.0,8.0,7.0,8.0,7.0,7.0,8.0,7.0,7.0,7.0,7.0,8.0,7.0,6.0,6.0,9.0
6.0,6.0,7.0,6.0,6.0,7.0,5.0,8.0,7.0,7.0,5.0,6.0,6.0,5.0,5.0,5.0,5.0,6.0,6.0,7.0,6.0,7.0,7.0,8.0,6.0,6.0,6.0,6.0,7.0,7.0,6.0,6.0,7.0
8.0,8.0,8.0,8.0,9.0,9.0,7.0,9.0,10.0,8.0,7.0,9.0,8.0,7.0,7.0,7.0,7.0,7.0,8.0,8.0,9.0,10.0,9.0,10.0,7.0,8.0,9.0,8.0,8.0,8.0,9.0,9.0,8.0
6.0,6.0,7.0,6.0,8.0,7.0,7.0,8.0,8.0,7.0,7.0,8.0,7.0,6.0,7.0,6.0,6.0,6.0,6.0,7.0,9.0,8.0,7.0,9.0,6.0,6.0,6.0,8.0,7.0,7.0,6.0,6.0,8.0
7.0,8.0,8.0,8.0,8.0,8.0,9.0,8.0,9.0,8.0,7.0,8.0,7.0,9.0,7.0,9.0,9.0,8.0,8.0,8.0,10.0,9.0,8.0,9.0,8.0,8.0,8.0,9.0,8.0,9.0,7.0,7.0,8.0
7.0,8.0,8.0,8.0,8.0,9.0,9.0,8.0,9.0,8.0,7.0,8.0,7.0,10.0,7.0,10.0,9.0,8.0,8.0,8.0,8.0,9.0,8.0,9.0,8.0,8.0,8.0,8.0,8.0,9.0,7.0,7.0,8.0
6.0,6.0,7.0,6.0,7.0,6.0,6.0,8.0,8.0,6.0,6.0,7.0,6.0,7.0,6.0,7.0,6.0,6.0,6.0,6.0,8.0,8.0,6.0,7.0,5.0,6.0,6.0,7.0,6.0,7.0,7.0,7.0,7.0
7.0,8.0,7.0,7.0,6.0,8.0,8.0,7.0,7.0,8.0,6.0,8.0,6.0,6.0,4.0,6.0,8.0,7.0,8.0,7.0,7.0,7.0,8.0,9.0,7.0,7.0,7.0,7.0,8.0,6.0,7.0,7.0,7.0
4.0,7.0,7.0,6.0,6.0,7.0,6.0,8.0,8.0,8.0,6.0,6.0,7.0,4.0,5.0,4.0,5.0,6.0,7.0,8.0,8.0,8.0,9.0,6.0,6.0,8.0,6.0,6.0,8.0,7.0,7.0,7.0,6.0
6.0,6.0,7.0,6.0,6.0,7.0,5.0,8.0,6.0,7.0,5.0,6.0,6.0,6.0,5.0,6.0,6.0,6.0,6.0,7.0,6.0,6.0,7.0,8.0,6.0,6.0,6.0,6.0,7.0,7.0,6.0,6.0,7.0
7.0,8.0,8.0,8.0,8.0,8.0,8.0,8.0,9.0,8.0,7.0,8.0,7.0,10.0,7.0,10.0,8.0,8.0,8.0,8.0,9.0,9.0,8.0,9.0,8.0,8.0,8.0,9.0,8.0,9.0,7.0,7.0,8.0
7.0,8.0,8.0,8.0,8.0,9.0,8.0,8.0,10.0,8.0,7.0,8.0,7.0,7.0,7.0,7.0,6.0,8.0,8.0,8.0,9.0,10.0,8.0,9.0,8.0,8.0,8.0,8.0,8.0,8.0,7.0,7.0,8.0
6.0,7.0,8.0,7.0,8.0,8.0,7.0,7.0,7.0,7.0,6.0,6.0,6.0,7.0,7.0,7.0,9.0,8.0,6.0,7.0,7.0,7.0,6.0,9.0,7.0,6.0,7.0,6.0,8.0,7.0,7.0,7.0,8.0
9.0,8.0,10.0,9.0,9.0,9.0,9.0,10.0,9.0,10.0,7.0,9.0,8.0,9.0,8.0,9.0,9.0,9.0,8.0,9.0,9.0,9.0,8.0,10.0,9.0,9.0,9.0,7.0,9.0,9.0,8.0,8.0,10.0
5.0,6.0,7.0,7.0,6.0,7.0,6.0,8.0,7.0,7.0,6.0,6.0,7.0,6.0,5.0,6.0,6.0,6.0,7.0,7.0,6.0,7.0,8.0,8.0,6.0,7.0,6.0,7.0,8.0,6.0,6.0,6.0,6.0
8.0,8.0,7.0,8.0,8.0,7.0,7.0,8.0,8.0,9.0,6.0,8.0,7.0,7.0,7.0,7.0,7.0,6.0,6.0,9.0,8.0,8.0,7.0,10.0,6.0,8.0,6.0,7.0,7.0,7.0,7.0,7.0,8.0
7.0,6.0,7.0,6.0,6.0,6.0,7.0,8.0,6.0,6.0,4.0,6.0,3.0,8.0,5.0,8.0,7.0,6.0,6.0,7.0,8.0,6.0,7.0,8.0,6.0,3.0,6.0,5.0,7.0,6.0,6.0,6.0,7.0
6.0,6.0,7.0,6.0,8.0,6.0,5.0,8.0,8.0,7.0,7.0,8.0,7.0,7.0,7.0,7.0,6.0,6.0,6.0,7.0,9.0,8.0,7.0,9.0,6.0,6.0,6.0,6.0,7.0,8.0,6.0,6.0,8.0
6.0,6.0,7.0,6.0,8.0,9.0,9.0,8.0,8.0,7.0,7.0,8.0,7.0,8.0,7.0,8.0,7.0,6.0,6.0,7.0,7.0,8.0,7.0,9.0,6.0,6.0,6.0,8.0,7.0,7.0,6.0,6.0,8.0
7.0,8.0,8.0,8.0,8.0,10.0,9.0,8.0,7.0,8.0,7.0,8.0,7.0,10.0,7.0,10.0,9.0,8.0,8.0,8.0,8.0,7.0,8.0,9.0,8.0,8.0,8.0,8.0,8.0,9.0,7.0,7.0,8.0
8.0,9.0,8.0,8.0,8.0,8.0,8.0,8.0,9.0,9.0,7.0,8.0,9.0,8.0,7.0,8.0,7.0,8.0,8.0,9.0,10.0,9.0,8.0,10.0,8.0,9.0,8.0,9.0,9.0,9.0,8.0,8.0,8.0
7.0,9.0,9.0,7.0,10.0,8.0,7.0,10.0,10.0,8.0,7.0,8.0,8.0,8.0,8.0,8.0,7.0,7.0,7.0,9.0,10.0,10.0,9.0,10.0,7.0,9.0,9.0,9.0,8.0,9.0,8.0,8.0,8.0
8.0,8.0,8.0,8.0,9.0,9.0,9.0,9.0,9.0,8.0,7.0,7.0,4.0,8.0,8.0,8.0,8.0,8.0,7.0,7.0,8.0,9.0,7.0,10.0,8.0,6.0,8.0,7.0,8.0,8.0,7.0,7.0,8.0
4.0,5.0,7.0,6.0,6.0,7.0,6.0,8.0,6.0,5.0,5.0,6.0,5.0,6.0,5.0,6.0,6.0,6.0,6.0,7.0,8.0,6.0,7.0,6.0,6.0,6.0,6.0,5.0,8.0,7.0,6.0,6.0,7.0
7.0,7.0,7.0,6.0,7.0,6.0,8.0,10.0,6.0,8.0,5.0,6.0,7.0,8.0,5.0,8.0,8.0,8.0,6.0,7.0,7.0,6.0,7.0,8.0,7.0,6.0,6.0,6.0,6.0,6.0,6.0,6.0,7.0
6.0,6.0,7.0,6.0,8.0,8.0,7.0,8.0,7.0,7.0,7.0,8.0,7.0,7.0,7.0,7.0,7.0,6.0,6.0,7.0,9.0,7.0,7.0,9.0,6.0,6.0,6.0,7.0,7.0,9.0,6.0,6.0,8.0
6.0,6.0,7.0,6.0,8.0,7.0,7.0,8.0,8.0,7.0,7.0,8.0,7.0,7.0,7.0,7.0,7.0,6.0,6.0,7.0,8.0,8.0,7.0,9.0,6.0,6.0,6.0,7.0,7.0,6.0,6.0,6.0,8.0
6.0,6.0,7.0,6.0,6.0,6.0,6.0,8.0,7.0,7.0,5.0,6.0,4.0,6.0,5.0,6.0,6.0,6.0,6.0,5.0,7.0,7.0,7.0,8.0,6.0,5.0,6.0,6.0,7.0,7.0,5.0,5.0,7.0
7.0,6.0,8.0,8.0,9.0,7.0,7.0,9.0,7.0,6.0,6.0,7.0,6.0,8.0,8.0,8.0,7.0,8.0,7.0,7.0,7.0,7.0,6.0,9.0,7.0,6.0,8.0,6.0,8.0,9.0,6.0,6.0,9.0
6.0,6.0,7.0,6.0,6.0,6.0,6.0,8.0,6.0,7.0,5.0,6.0,6.0,6.0,5.0,6.0,6.0,6.0,6.0,7.0,7.0,6.0,7.0,8.0,6.0,6.0,6.0,6.0,7.0,6.0,6.0,6.0,7.0
6.0,6.0,7.0,6.0,8.0,7.0,6.0,8.0,10.0,7.0,7.0,8.0,7.0,7.0,7.0,7.0,6.0,6.0,6.0,7.0,8.0,10.0,7.0,9.0,6.0,6.0,6.0,9.0,7.0,8.0,6.0,6.0,8.0
5.0,7.0,7.0,7.0,8.0,8.0,7.0,8.0,8.0,6.0,6.0,8.0,6.0,7.0,7.0,7.0,7.0,6.0,6.0,7.0,7.0,8.0,7.0,8.0,6.0,8.0,6.0,6.0,9.0,7.0,7.0,7.0,8.0
6.0,6.0,7.0,6.0,7.0,7.0,6.0,7.0,7.0,6.0,6.0,7.0,7.0,6.0,4.0,6.0,6.0,6.0,6.0,8.0,7.0,7.0,8.0,7.0,7.0,8.0,6.0,6.0,7.0,6.0,6.0,6.0,7.0
5.0,6.0,7.0,7.0,6.0,6.0,6.0,8.0,6.0,6.0,5.0,6.0,4.0,6.0,5.0,6.0,7.0,6.0,6.0,7.0,6.0,6.0,7.0,8.0,6.0,5.0,6.0,5.0,7.0,6.0,6.0,6.0,7.0
6.0,7.0,7.0,7.0,8.0,7.0,6.0,8.0,9.0,8.0,6.0,8.0,8.0,6.0,7.0,6.0,6.0,6.0,6.0,10.0,8.0,9.0,7.0,9.0,6.0,10.0,6.0,8.0,7.0,7.0,8.0,8.0,8.0
6.0,6.0,6.0,6.0,7.0,6.0,6.0,8.0,7.0,8.0,6.0,7.0,6.0,6.0,5.0,6.0,6.0,5.0,7.0,7.0,7.0,7.0,7.0,8.0,6.0,7.0,7.0,6.0,6.0,7.0,6.0,6.0,6.0
6.0,8.0,8.0,8.0,7.0,8.0,8.0,9.0,10.0,9.0,8.0,8.0,8.0,7.0,7.0,7.0,8.0,7.0,9.0,9.0,9.0,10.0,9.0,9.0,8.0,9.0,7.0,7.0,10.0,8.0,8.0,8.0,9.0
8.0,9.0,8.0,8.0,8.0,9.0,9.0,8.0,8.0,9.0,7.0,8.0,5.0,7.0,7.0,7.0,9.0,8.0,8.0,6.0,8.0,8.0,8.0,10.0,8.0,7.0,8.0,7.0,8.0,8.0,7.0,7.0,8.0
6.0,6.0,7.0,6.0,8.0,7.0,6.0,8.0,8.0,7.0,7.0,8.0,7.0,7.0,7.0,7.0,6.0,6.0,6.0,7.0,9.0,8.0,7.0,9.0,6.0,6.0,6.0,6.0,7.0,9.0,6.0,6.0,8.0
6.0,8.0,8.0,8.0,8.0,8.0,7.0,8.0,10.0,8.0,8.0,8.0,8.0,9.0,7.0,9.0,7.0,8.0,8.0,9.0,9.0,10.0,8.0,9.0,8.0,9.0,8.0,8.0,10.0,10.0,8.0,8.0,8.0
6.0,6.0,7.0,6.0,6.0,7.0,8.0,8.0,6.0,7.0,5.0,6.0,6.0,7.0,5.0,7.0,7.0,6.0,6.0,7.0,5.0,6.0,7.0,8.0,6.0,6.0,6.0,7.0,7.0,6.0,6.0,6.0,7.0
7.0,7.0,10.0,8.0,9.0,8.0,8.0,10.0,10.0,9.0,8.0,10.0,9.0,7.0,8.0,7.0,7.0,9.0,9.0,10.0,9.0,10.0,10.0,10.0,10.0,10.0,9.0,8.0,9.0,9.0,8.0,8.0,7.0
6.0,6.0,7.0,6.0,6.0,7.0,5.0,8.0,8.0,7.0,5.0,6.0,6.0,6.0,5.0,6.0,6.0,6.0,6.0,7.0,7.0,8.0,7.0,8.0,6.0,6.0,6.0,7.0,7.0,7.0,6.0,6.0,7.0
6.0,6.0,7.0,6.0,6.0,7.0,7.0,8.0,5.0,7.0,5.0,6.0,6.0,6.0,5.0,6.0,8.0,6.0,6.0,7.0,5.0,5.0,7.0,8.0,6.0,6.0,6.0,5.0,7.0,6.0,6.0,6.0,7.0
7.0,8.0,8.0,8.0,9.0,9.0,9.0,9.0,8.0,7.0,7.0,7.0,7.0,9.0,9.0,9.0,9.0,9.0,8.0,9.0,9.0,8.0,8.0,10.0,8.0,9.0,9.0,8.0,10.0,8.0,7.0,7.0,10.0
6.0,6.0,7.0,6.0,8.0,9.0,7.0,8.0,9.0,7.0,7.0,8.0,7.0,6.0,7.0,6.0,6.0,6.0,6.0,7.0,7.0,9.0,7.0,9.0,6.0,6.0,6.0,8.0,7.0,7.0,6.0,6.0,8.0
7.0,8.0,8.0,8.0,8.0,8.0,8.0,8.0,10.0,8.0,7.0,8.0,7.0,8.0,7.0,8.0,8.0,8.0,8.0,8.0,9.0,10.0,8.0,9.0,8.0,8.0,8.0,10.0,8.0,9.0,7.0,7.0,8.0
6.0,6.0,7.0,6.0,8.0,6.0,6.0,8.0,8.0,7.0,7.0,8.0,7.0,8.0,7.0,8.0,7.0,6.0,6.0,7.0,8.0,8.0,7.0,9.0,6.0,6.0,6.0,5.0,7.0,8.0,6.0,6.0,8.0
6.0,7.0,7.0,7.0,8.0,8.0,6.0,8.0,7.0,7.0,7.0,8.0,6.0,7.0,7.0,7.0,7.0,6.0,6.0,6.0,8.0,7.0,7.0,8.0,6.0,6.0,6.0,7.0,8.0,7.0,7.0,7.0,8.0
6.0,6.0,7.0,6.0,6.0,7.0,4.0,8.0,7.0,7.0,5.0,6.0,6.0,6.0,5.0,6.0,5.0,6.0,6.0,7.0,8.0,7.0,7.0,8.0,6.0,6.0,6.0,6.0,7.0,7.0,6.0,6.0,7.0
5.0,8.0,7.0,6.0,6.0,7.0,6.0,8.0,6.0,8.0,5.0,6.0,5.0,7.0,5.0,7.0,6.0,6.0,6.0,6.0,7.0,6.0,7.0,8.0,6.0,7.0,6.0,7.0,7.0,7.0,6.0,6.0,7.0
6.0,6.0,7.0,6.0,8.0,7.0,8.0,8.0,6.0,7.0,7.0,8.0,7.0,8.0,7.0,8.0,9.0,6.0,6.0,7.0,7.0,6.0,7.0,9.0,6.0,6.0,6.0,7.0,7.0,7.0,6.0,6.0,8.0
7.0,7.0,7.0,7.0,8.0,8.0,7.0,8.0,9.0,8.0,6.0,8.0,7.0,8.0,7.0,8.0,6.0,6.0,6.0,8.0,8.0,9.0,7.0,9.0,6.0,8.0,6.0,7.0,8.0,8.0,8.0,8.0,8.0
6.0,6.0,7.0,6.0,8.0,8.0,8.0,8.0,7.0,7.0,7.0,8.0,7.0,8.0,7.0,8.0,8.0,6.0,6.0,7.0,7.0,7.0,7.0,9.0,6.0,6.0,6.0,8.0,7.0,7.0,6.0,6.0,8.0
7.0,8.0,6.0,7.0,8.0,8.0,9.0,9.0,7.0,9.0,6.0,8.0,7.0,8.0,6.0,8.0,8.0,7.0,7.0,9.0,7.0,7.0,9.0,9.0,8.0,9.0,8.0,7.0,9.0,7.0,6.0,6.0,8.0
7.0,9.0,9.0,7.0,6.0,8.0,7.0,10.0,8.0,8.0,6.0,7.0,6.0,7.0,6.0,7.0,8.0,7.0,7.0,9.0,8.0,8.0,7.0,10.0,8.0,7.0,8.0,7.0,7.0,6.0,7.0,7.0,7.0
9.0,9.0,9.0,9.0,10.0,9.0,10.0,10.0,8.0,10.0,8.0,9.0,8.0,10.0,8.0,10.0,8.0,10.0,7.0,9.0,10.0,8.0,9.0,10.0,10.0,8.0,8.0,9.0,9.0,9.0,7.0,7.0,10.0
6.0,6.0,7.0,6.0,6.0,7.0,6.0,8.0,6.0,7.0,5.0,6.0,6.0,6.0,5.0,6.0,8.0,6.0,6.0,7.0,6.0,6.0,7.0,8.0,6.0,6.0,6.0,6.0,7.0,6.0,6.0,6.0,7.0
7.0,8.0,8.0,8.0,8.0,8.0,8.0,8.0,9.0,8.0,7.0,8.0,7.0,8.0,7.0,8.0,8.0,8.0,8.0,8.0,9.0,9.0,8.0,9.0,8.0,8.0,8.0,8.0,8.0,9.0,7.0,7.0,8.0
6.0,6.0,7.0,6.0,8.0,8.0,6.0,8.0,9.0,7.0,7.0,8.0,7.0,7.0,7.0,7.0,5.0,6.0,6.0,7.0,9.0,9.0,7.0,9.0,6.0,6.0,6.0,7.0,7.0,7.0,6.0,6.0,8.0
6.0,6.0,7.0,6.0,6.0,7.0,7.0,8.0,7.0,7.0,5.0,6.0,6.0,7.0,5.0,7.0,7.0,6.0,6.0,7.0,7.0,7.0,7.0,8.0,6.0,6.0,6.0,7.0,7.0,7.0,6.0,6.0,7.0
6.0,6.0,7.0,6.0,8.0,8.0,7.0,8.0,7.0,7.0,7.0,8.0,7.0,7.0,7.0,7.0,7.0,6.0,6.0,7.0,7.0,7.0,7.0,9.0,6.0,6.0,6.0,5.0,7.0,8.0,6.0,6.0,8.0
6.0,6.0,7.0,6.0,8.0,7.0,8.0,8.0,6.0,7.0,7.0,8.0,7.0,8.0,7.0,8.0,8.0,6.0,6.0,7.0,7.0,6.0,7.0,9.0,6.0,6.0,6.0,6.0,7.0,7.0,6.0,6.0,8.0
7.0,8.0,8.0,8.0,8.0,10.0,9.0,8.0,8.0,8.0,7.0,8.0,7.0,10.0,7.0,10.0,9.0,8.0,8.0,8.0,8.0,8.0,8.0,9.0,8.0,8.0,8.0,8.0,8.0,7.0,7.0,7.0,8.0
7.0,9.0,8.0,7.0,8.0,9.0,8.0,9.0,10.0,8.0,6.0,8.0,8.0,7.0,7.0,7.0,7.0,7.0,8.0,9.0,10.0,10.0,10.0,9.0,8.0,9.0,8.0,8.0,10.0,8.0,8.0,8.0,8.0
7.0,8.0,8.0,8.0,8.0,9.0,9.0,8.0,8.0,8.0,7.0,8.0,7.0,8.0,7.0,8.0,9.0,8.0,8.0,8.0,8.0,8.0,8.0,9.0,8.0,8.0,8.0,8.0,8.0,9.0,7.0,7.0,8.0
7.0,8.0,8.0,8.0,8.0,8.0,8.0,8.0,10.0,8.0,7.0,8.0,7.0,8.0,7.0,8.0,7.0,8.0,8.0,8.0,10.0,10.0,8.0,9.0,8.0,8.0,8.0,8.0,8.0,10.0,7.0,7.0,8.0
4.0,6.0,7.0,5.0,6.0,6.0,6.0,8.0,7.0,5.0,6.0,6.0,5.0,6.0,5.0,6.0,6.0,6.0,6.0,6.0,6.0,7.0,7.0,7.0,6.0,6.0,6.0,6.0,8.0,7.0,7.0,7.0,7.0
6.0,6.0,7.0,6.0,6.0,6.0,6.0,8.0,8.0,7.0,5.0,6.0,6.0,7.0,5.0,7.0,5.0,6.0,6.0,7.0,8.0,8.0,7.0,8.0,6.0,6.0,6.0,7.0,7.0,7.0,6.0,6.0,7.0
7.0,8.0,8.0,8.0,8.0,10.0,8.0,8.0,9.0,8.0,7.0,8.0,7.0,9.0,7.0,9.0,8.0,8.0,8.0,8.0,10.0,9.0,8.0,9.0,8.0,8.0,8.0,8.0,8.0,8.0,7.0,7.0,8.0
7.0,8.0,8.0,8.0,8.0,8.0,9.0,8.0,9.0,8.0,7.0,8.0,7.0,9.0,7.0,9.0,8.0,8.0,8.0,8.0,10.0,9.0,8.0,9.0,8.0,8.0,8.0,8.0,8.0,9.0,7.0,7.0,8.0
7.0,8.0,9.0,9.0,9.0,8.0,10.0,10.0,9.0,9.0,7.0,9.0,8.0,10.0,8.0,10.0,9.0,10.0,8.0,9.0,8.0,9.0,9.0,10.0,10.0,8.0,10.0,9.0,10.0,9.0,7.0,7.0,10.0
5.0,7.0,7.0,6.0,6.0,7.0,6.0,8.0,7.0,7.0,6.0,6.0,5.0,6.0,5.0,6.0,6.0,6.0,6.0,7.0,6.0,7.0,7.0,6.0,6.0,6.0,6.0,6.0,7.0,6.0,6.0,6.0,6.0
6.0,7.0,7.0,6.0,6.0,7.0,6.0,8.0,9.0,8.0,6.0,6.0,6.0,6.0,5.0,6.0,6.0,6.0,6.0,8.0,7.0,9.0,7.0,8.0,6.0,8.0,6.0,8.0,7.0,6.0,6.0,6.0,7.0
7.0,8.0,8.0,8.0,8.0,9.0,9.0,8.0,7.0,8.0,7.0,8.0,7.0,9.0,7.0,9.0,10.0,8.0,8.0,8.0,8.0,7.0,8.0,9.0,8.0,8.0,8.0,8.0,8.0,8.0,7.0,7.0,8.0
7.0,8.0,8.0,8.0,8.0,8.0,8.0,8.0,9.0,8.0,7.0,8.0,7.0,8.0,7.0,8.0,8.0,8.0,8.0,8.0,9.0,9.0,8.0,9.0,8.0,8.0,8.0,7.0,8.0,9.0,7.0,7.0,8.0
7.0,8.0,9.0,8.0,9.0,9.0,8.0,10.0,9.0,9.0,6.0,8.0,7.0,9.0,8.0,9.0,8.0,10.0,7.0,9.0,9.0,9.0,8.0,10.0,8.0,7.0,9.0,8.0,7.0,9.0,8.0,8.0,9.0
6.0,8.0,7.0,8.0,8.0,8.0,8.0,8.0,8.0,8.0,6.0,8.0,8.0,8.0,7.0,8.0,7.0,6.0,6.0,9.0,8.0,8.0,7.0,8.0,6.0,8.0,6.0,8.0,9.0,9.0,7.0,7.0,8.0
6.0,6.0,7.0,6.0,8.0,7.0,7.0,8.0,7.0,7.0,7.0,8.0,7.0,8.0,7.0,8.0,7.0,6.0,6.0,7.0,8.0,7.0,7.0,9.0,6.0,6.0,6.0,8.0,7.0,6.0,6.0,6.0,8.0
9.0,9.0,8.0,8.0,8.0,9.0,9.0,8.0,8.0,10.0,7.0,8.0,8.0,7.0,7.0,7.0,8.0,8.0,8.0,10.0,8.0,8.0,8.0,10.0,8.0,9.0,8.0,8.0,9.0,7.0,8.0,8.0,8.0
7.0,8.0,7.0,7.0,8.0,8.0,8.0,8.0,7.0,8.0,6.0,8.0,7.0,8.0,7.0,8.0,7.0,6.0,6.0,9.0,8.0,7.0,7.0,10.0,6.0,8.0,6.0,8.0,8.0,7.0,7.0,7.0,8.0
6.0,7.0,7.0,7.0,6.0,8.0,6.0,8.0,7.0,6.0,5.0,6.0,5.0,8.0,5.0,8.0,7.0,6.0,6.0,8.0,6.0,7.0,7.0,7.0,6.0,7.0,6.0,7.0,7.0,6.0,5.0,5.0,7.0
6.0,7.0,7.0,8.0,7.0,7.0,6.0,7.0,7.0,7.0,7.0,7.0,7.0,7.0,7.0,7.0,7.0,6.0,7.0,7.0,7.0,7.0,7.0,8.0,6.0,8.0,6.0,7.0,8.0,8.0,7.0,7.0,8.0
6.0,6.0,7.0,7.0,8.0,8.0,6.0,8.0,8.0,6.0,6.0,8.0,7.0,7.0,7.0,7.0,6.0,6.0,6.0,8.0,8.0,8.0,7.0,8.0,6.0,7.0,6.0,6.0,9.0,8.0,7.0,7.0,8.0
8.0,9.0,8.0,8.0,8.0,10.0,8.0,8.0,10.0,10.0,8.0,8.0,9.0,7.0,7.0,7.0,8.0,8.0,8.0,10.0,9.0,10.0,8.0,9.0,8.0,10.0,8.0,8.0,9.0,9.0,8.0,8.0,8.0
6.0,6.0,7.0,6.0,8.0,7.0,8.0,8.0,9.0,7.0,7.0,8.0,7.0,7.0,7.0,7.0,7.0,6.0,6.0,7.0,9.0,9.0,7.0,9.0,6.0,6.0,6.0,7.0,7.0,6.0,6.0,6.0,8.0
7.0,8.0,8.0,8.0,8.0,9.0,8.0,8.0,9.0,8.0,7.0,8.0,7.0,8.0,7.0,8.0,7.0,8.0,8.0,8.0,9.0,9.0,8.0,9.0,8.0,8.0,8.0,8.0,8.0,7.0,7.0,7.0,8.0
7.0,6.0,7.0,5.0,6.0,7.0,6.0,8.0,6.0,7.0,4.0,6.0,5.0,6.0,5.0,6.0,6.0,6.0,6.0,6.0,7.0,6.0,7.0,8.0,6.0,6.0,6.0,7.0,7.0,6.0,5.0,5.0,7.0
7.0,8.0,7.0,8.0,9.0,9.0,9.0,7.0,8.0,8.0,7.0,8.0,8.0,9.0,9.0,9.0,8.0,8.0,8.0,8.0,8.0,8.0,8.0,10.0,9.0,10.0,8.0,7.0,9.0,10.0,8.0,8.0,10.0
6.0,6.0,7.0,6.0,6.0,7.0,5.0,8.0,7.0,6.0,6.0,6.0,6.0,5.0,5.0,5.0,6.0,6.0,6.0,7.0,8.0,7.0,7.0,7.0,6.0,7.0,6.0,7.0,7.0,7.0,7.0,7.0,6.0
6.0,6.0,7.0,6.0,6.0,7.0,7.0,8.0,6.0,6.0,4.0,6.0,3.0,6.0,5.0,6.0,8.0,6.0,6.0,7.0,6.0,6.0,7.0,7.0,6.0,5.0,6.0,5.0,7.0,6.0,6.0,6.0,7.0
7.0,8.0,8.0,8.0,8.0,8.0,7.0,8.0,9.0,8.0,7.0,8.0,7.0,8.0,7.0,8.0,7.0,8.0,8.0,8.0,8.0,9.0,8.0,9.0,8.0,8.0,8.0,8.0,8.0,8.0,7.0,7.0,8.0
6.0,6.0,7.0,6.0,8.0,8.0,8.0,8.0,6.0,7.0,7.0,8.0,7.0,7.0,7.0,7.0,9.0,6.0,6.0,7.0,7.0,6.0,7.0,9.0,6.0,6.0,6.0,6.0,7.0,5.0,6.0,6.0,8.0
6.0,6.0,7.0,6.0,8.0,8.0,8.0,8.0,9.0,7.0,7.0,8.0,7.0,8.0,7.0,8.0,8.0,6.0,6.0,7.0,7.0,9.0,7.0,9.0,6.0,6.0,6.0,8.0,7.0,6.0,6.0,6.0,8.0
7.0,8.0,8.0,8.0,8.0,8.0,9.0,8.0,7.0,8.0,7.0,8.0,7.0,8.0,7.0,8.0,9.0,8.0,8.0,8.0,8.0,7.0,8.0,9.0,8.0,8.0,8.0,7.0,8.0,8.0,7.0,7.0,8.0
8.0,8.0,7.0,9.0,8.0,9.0,8.0,9.0,7.0,6.0,6.0,7.0,5.0,8.0,7.0,8.0,10.0,8.0,8.0,6.0,8.0,7.0,7.0,10.0,8.0,7.0,7.0,7.0,9.0,7.0,6.0,6.0,10.0
6.0,7.0,7.0,7.0,8.0,7.0,7.0,8.0,7.0,7.0,7.0,8.0,7.0,7.0,7.0,7.0,7.0,6.0,6.0,7.0,8.0,7.0,7.0,9.0,6.0,8.0,6.0,7.0,7.0,7.0,7.0,7.0,8.0
8.0,8.0,8.0,9.0,8.0,9.0,8.0,8.0,10.0,9.0,7.0,8.0,10.0,8.0,7.0,8.0,6.0,8.0,8.0,10.0,10.0,10.0,8.0,10.0,8.0,10.0,8.0,9.0,9.0,10.0,9.0,9.0,8.0
8.0,8.0,7.0,6.0,7.0,8.0,8.0,9.0,8.0,9.0,7.0,7.0,7.0,6.0,5.0,6.0,8.0,7.0,7.0,9.0,8.0,8.0,7.0,10.0,8.0,8.0,7.0,8.0,7.0,8.0,7.0,7.0,7.0
7.0,8.0,8.0,8.0,8.0,9.0,8.0,8.0,9.0,8.0,7.0,8.0,7.0,8.0,7.0,8.0,7.0,8.0,8.0,8.0,10.0,9.0,8.0,9.0,8.0,8.0,8.0,8.0,8.0,9.0,7.0,7.0,8.0
6.0,6.0,7.0,7.0,6.0,6.0,8.0,8.0,6.0,7.0,5.0,6.0,5.0,8.0,5.0,8.0,6.0,6.0,6.0,7.0,6.0,6.0,7.0,9.0,6.0,7.0,6.0,6.0,7.0,6.0,4.0,4.0,7.0
6.0,6.0,7.0,6.0,6.0,7.0,5.0,8.0,8.0,7.0,5.0,6.0,6.0,6.0,5.0,6.0,4.0,6.0,6.0,7.0,8.0,8.0,7.0,8.0,6.0,6.0,6.0,6.0,7.0,6.0,6.0,6.0,7.0
7.0,9.0,7.0,7.0,8.0,8.0,8.0,8.0,6.0,9.0,6.0,8.0,6.0,8.0,7.0,8.0,9.0,6.0,6.0,8.0,7.0,6.0,7.0,9.0,6.0,7.0,6.0,7.0,9.0,7.0,5.0,5.0,8.0
6.0,6.0,7.0,6.0,8.0,7.0,9.0,8.0,8.0,7.0,7.0,8.0,7.0,8.0,7.0,8.0,7.0,6.0,6.0,7.0,8.0,8.0,7.0,9.0,6.0,6.0,6.0,6.0,7.0,8.0,6.0,6.0,8.0
6.0,6.0,7.0,6.0,6.0,7.0,6.0,8.0,8.0,7.0,5.0,6.0,6.0,5.0,5.0,5.0,5.0,6.0,6.0,7.0,8.0,8.0,7.0,8.0,6.0,6.0,6.0,6.0,7.0,5.0,6.0,6.0,7.0
6.0,6.0,7.0,6.0,8.0,7.0,7.0,8.0,8.0,7.0,7.0,8.0,7.0,7.0,7.0,7.0,6.0,6.0,6.0,7.0,9.0,8.0,7.0,9.0,6.0,6.0,6.0,7.0,7.0,9.0,6.0,6.0,8.0
6.0,6.0,7.0,6.0,8.0,8.0,8.0,8.0,9.0,7.0,7.0,8.0,7.0,9.0,7.0,9.0,7.0,6.0,6.0,7.0,7.0,9.0,7.0,9.0,6.0,6.0,6.0,7.0,7.0,8.0,6.0,6.0,8.0
6.0,6.0,7.0,6.0,6.0,7.0,5.0,8.0,7.0,7.0,5.0,6.0,6.0,5.0,5.0,5.0,6.0,6.0,6.0,7.0,6.0,7.0,7.0,8.0,6.0,6.0,6.0,6.0,7.0,6.0,6.0,6.0,7.0
6.0,6.0,7.0,6.0,8.0,7.0,7.0,8.0,8.0,7.0,7.0,8.0,7.0,6.0,7.0,6.0,6.0,6.0,6.0,7.0,8.0,8.0,7.0,9.0,6.0,6.0,6.0,7.0,7.0,8.0,6.0,6.0,8.0
7.0,7.0,8.0,9.0,8.0,8.0,8.0,8.0,8.0,8.0,6.0,8.0,6.0,7.0,7.0,7.0,9.0,8.0,8.0,7.0,9.0,8.0,8.0,9.0,8.0,8.0,8.0,8.0,9.0,8.0,7.0,7.0,8.0
6.0,7.0,5.0,6.0,5.0,6.0,7.0,7.0,7.0,8.0,4.0,7.0,6.0,6.0,4.0,6.0,7.0,6.0,7.0,7.0,6.0,7.0,8.0,9.0,7.0,6.0,6.0,6.0,7.0,6.0,6.0,6.0,7.0
6.0,6.0,7.0,7.0,6.0,7.0,6.0,8.0,8.0,7.0,6.0,6.0,7.0,6.0,5.0,6.0,7.0,6.0,6.0,8.0,7.0,8.0,7.0,9.0,6.0,7.0,6.0,8.0,8.0,6.0,7.0,7.0,7.0
6.0,7.0,7.0,9.0,9.0,7.0,8.0,7.0,8.0,7.0,6.0,7.0,7.0,8.0,8.0,8.0,7.0,8.0,8.0,8.0,7.0,8.0,8.0,9.0,7.0,8.0,7.0,7.0,9.0,8.0,7.0,7.0,9.0
8.0,10.0,8.0,9.0,8.0,9.0,9.0,8.0,9.0,9.0,7.0,8.0,8.0,9.0,7.0,9.0,9.0,8.0,8.0,10.0,9.0,9.0,8.0,10.0,8.0,8.0,8.0,8.0,9.0,8.0,7.0,7.0,8.0
9.0,9.0,8.0,7.0,9.0,9.0,7.0,10.0,10.0,9.0,8.0,10.0,8.0,8.0,7.0,8.0,7.0,9.0,8.0,8.0,9.0,10.0,9.0,10.0,8.0,8.0,10.0,9.0,9.0,8.0,8.0,8.0,8.0
7.0,7.0,7.0,7.0,6.0,6.0,6.0,8.0,7.0,7.0,6.0,6.0,6.0,7.0,5.0,7.0,6.0,6.0,6.0,7.0,7.0,7.0,7.0,8.0,6.0,7.0,6.0,7.0,7.0,7.0,7.0,7.0,7.0
6.0,6.0,7.0,6.0,6.0,7.0,6.0,8.0,6.0,7.0,5.0,6.0,6.0,6.0,5.0,6.0,6.0,6.0,6.0,7.0,6.0,6.0,7.0,8.0,6.0,6.0,6.0,5.0,7.0,5.0,6.0,6.0,7.0
6.0,8.0,7.0,6.0,6.0,7.0,7.0,8.0,6.0,6.0,5.0,6.0,4.0,6.0,5.0,6.0,6.0,6.0,6.0,5.0,6.0,6.0,7.0,8.0,6.0,5.0,6.0,6.0,6.0,6.0,5.0,5.0,7.0
9.0,8.0,10.0,8.0,10.0,8.0,8.0,10.0,9.0,9.0,8.0,9.0,7.0,9.0,8.0,9.0,9.0,9.0,7.0,8.0,9.0,9.0,8.0,10.0,10.0,8.0,10.0,9.0,8.0,9.0,7.0,7.0,10.0
6.0,7.0,7.0,7.0,6.0,8.0,6.0,6.0,7.0,7.0,7.0,7.0,8.0,6.0,4.0,6.0,6.0,5.0,8.0,7.0,8.0,7.0,8.0,8.0,6.0,9.0,5.0,7.0,8.0,7.0,8.0,8.0,6.0
8.0,8.0,8.0,8.0,9.0,9.0,8.0,10.0,10.0,10.0,9.0,9.0,10.0,7.0,7.0,7.0,6.0,8.0,9.0,10.0,9.0,10.0,10.0,10.0,9.0,10.0,9.0,9.0,9.0,9.0,8.0,8.0,8.0
7.0,6.0,8.0,8.0,8.0,8.0,7.0,8.0,7.0,6.0,6.0,7.0,6.0,8.0,7.0,8.0,8.0,7.0,7.0,6.0,7.0,7.0,6.0,8.0,8.0,5.0,7.0,7.0,8.0,8.0,7.0,7.0,8.0
6.0,6.0,7.0,6.0,8.0,7.0,7.0,8.0,7.0,7.0,7.0,8.0,7.0,9.0,7.0,9.0,8.0,6.0,6.0,7.0,7.0,7.0,7.0,9.0,6.0,6.0,6.0,7.0,7.0,8.0,6.0,6.0,8.0
6.0,6.0,7.0,6.0,8.0,8.0,7.0,8.0,9.0,7.0,7.0,8.0,7.0,5.0,7.0,5.0,5.0,6.0,6.0,7.0,8.0,9.0,7.0,9.0,6.0,6.0,6.0,8.0,7.0,7.0,6.0,6.0,8.0
6.0,6.0,7.0,6.0,8.0,7.0,7.0,8.0,9.0,7.0,7.0,8.0,7.0,7.0,7.0,7.0,7.0,6.0,6.0,7.0,8.0,9.0,7.0,9.0,6.0,6.0,6.0,9.0,7.0,8.0,6.0,6.0,8.0
6.0,6.0,7.0,6.0,6.0,7.0,5.0,8.0,7.0,7.0,5.0,6.0,6.0,7.0,5.0,7.0,5.0,6.0,6.0,7.0,7.0,7.0,7.0,8.0,6.0,6.0,6.0,6.0,7.0,7.0,6.0,6.0,7.0
6.0,6.0,7.0,6.0,8.0,8.0,7.0,8.0,9.0,7.0,7.0,8.0,7.0,7.0,7.0,7.0,6.0,6.0,6.0,7.0,9.0,9.0,7.0,9.0,6.0,6.0,6.0,8.0,7.0,8.0,6.0,6.0,8.0
7.0,8.0,8.0,8.0,8.0,8.0,8.0,8.0,10.0,8.0,7.0,8.0,7.0,9.0,7.0,9.0,7.0,8.0,8.0,8.0,10.0,10.0,8.0,9.0,8.0,8.0,8.0,9.0,8.0,9.0,7.0,7.0,8.0
8.0,8.0,8.0,8.0,9.0,10.0,9.0,9.0,8.0,9.0,7.0,8.0,7.0,9.0,8.0,9.0,9.0,9.0,8.0,8.0,8.0,8.0,8.0,9.0,9.0,8.0,9.0,8.0,9.0,8.0,7.0,7.0,9.0
7.0,7.0,8.0,8.0,6.0,8.0,8.0,7.0,7.0,7.0,6.0,6.0,6.0,7.0,5.0,7.0,8.0,7.0,7.0,7.0,7.0,7.0,7.0,8.0,7.0,6.0,7.0,7.0,8.0,7.0,6.0,6.0,7.0
6.0,6.0,8.0,7.0,8.0,6.0,7.0,8.0,6.0,7.0,6.0,7.0,6.0,8.0,5.0,8.0,6.0,7.0,6.0,7.0,7.0,6.0,6.0,8.0,7.0,6.0,7.0,7.0,7.0,8.0,6.0,6.0,7.0
6.0,6.0,7.0,6.0,8.0,7.0,5.0,8.0,9.0,7.0,7.0,8.0,7.0,6.0,7.0,6.0,6.0,6.0,6.0,7.0,8.0,9.0,7.0,9.0,6.0,6.0,6.0,8.0,7.0,7.0,6.0,6.0,8.0
7.0,6.0,7.0,7.0,8.0,7.0,8.0,8.0,9.0,7.0,7.0,8.0,7.0,7.0,7.0,7.0,6.0,6.0,6.0,8.0,9.0,9.0,7.0,8.0,6.0,7.0,6.0,7.0,7.0,8.0,8.0,8.0,8.0
6.0,6.0,7.0,6.0,6.0,7.0,6.0,8.0,7.0,7.0,5.0,6.0,6.0,5.0,5.0,5.0,6.0,6.0,6.0,7.0,7.0,7.0,7.0,8.0,6.0,6.0,6.0,6.0,7.0,6.0,6.0,6.0,7.0
7.0,8.0,8.0,9.0,7.0,8.0,7.0,8.0,8.0,8.0,6.0,7.0,7.0,8.0,7.0,8.0,9.0,8.0,9.0,8.0,8.0,8.0,8.0,9.0,9.0,7.0,7.0,8.0,10.0,8.0,8.0,8.0,9.0
6.0,6.0,7.0,7.0,6.0,7.0,6.0,8.0,8.0,8.0,5.0,6.0,7.0,6.0,5.0,6.0,6.0,6.0,6.0,8.0,7.0,8.0,7.0,8.0,6.0,8.0,6.0,6.0,7.0,7.0,6.0,6.0,7.0
7.0,6.0,9.0,7.0,9.0,7.0,6.0,9.0,9.0,7.0,6.0,8.0,8.0,6.0,6.0,6.0,6.0,7.0,7.0,8.0,10.0,9.0,8.0,8.0,6.0,8.0,8.0,8.0,8.0,8.0,7.0,7.0,7.0
6.0,6.0,7.0,6.0,8.0,8.0,7.0,8.0,7.0,7.0,7.0,8.0,7.0,6.0,7.0,6.0,8.0,6.0,6.0,7.0,7.0,7.0,7.0,9.0,6.0,6.0,6.0,7.0,7.0,6.0,6.0,6.0,8.0
8.0,9.0,8.0,8.0,8.0,9.0,9.0,8.0,8.0,8.0,6.0,8.0,5.0,9.0,7.0,9.0,10.0,8.0,8.0,8.0,8.0,8.0,8.0,10.0,8.0,7.0,8.0,8.0,9.0,9.0,7.0,7.0,8.0
6.0,6.0,7.0,6.0,8.0,8.0,7.0,8.0,7.0,7.0,7.0,8.0,7.0,8.0,7.0,8.0,8.0,6.0,6.0,7.0,8.0,7.0,7.0,9.0,6.0,6.0,6.0,6.0,7.0,8.0,6.0,6.0,8.0
7.0,8.0,7.0,7.0,8.0,7.0,8.0,8.0,8.0,9.0,6.0,8.0,8.0,6.0,7.0,6.0,8.0,6.0,6.0,9.0,8.0,8.0,7.0,9.0,6.0,9.0,6.0,8.0,8.0,7.0,8.0,8.0,8.0
6.0,6.0,7.0,6.0,6.0,6.0,7.0,8.0,6.0,6.0,5.0,6.0,6.0,7.0,5.0,7.0,6.0,6.0,6.0,6.0,7.0,6.0,7.0,8.0,6.0,7.0,6.0,7.0,7.0,7.0,7.0,7.0,7.0
7.0,8.0,7.0,7.0,6.0,7.0,6.0,8.0,8.0,8.0,5.0,6.0,6.0,6.0,5.0,6.0,6.0,6.0,6.0,8.0,7.0,8.0,7.0,9.0,6.0,8.0,6.0,6.0,6.0,6.0,6.0,6.0,7.0
7.0,7.0,8.0,7.0,8.0,8.0,8.0,8.0,9.0,8.0,7.0,8.0,7.0,9.0,7.0,9.0,8.0,8.0,8.0,9.0,10.0,9.0,8.0,10.0,8.0,9.0,8.0,8.0,9.0,10.0,9.0,9.0,8.0
7.0,9.0,7.0,6.0,6.0,7.0,7.0,8.0,7.0,9.0,5.0,6.0,6.0,6.0,5.0,6.0,7.0,6.0,6.0,8.0,6.0,7.0,7.0,10.0,6.0,8.0,6.0,7.0,7.0,6.0,5.0,5.0,7.0
6.0,6.0,7.0,6.0,6.0,6.0,6.0,8.0,8.0,7.0,5.0,6.0,6.0,5.0,5.0,5.0,5.0,6.0,6.0,7.0,7.0,8.0,7.0,8.0,6.0,6.0,6.0,6.0,7.0,7.0,6.0,6.0,7.0
6.0,7.0,7.0,6.0,6.0,7.0,6.0,8.0,6.0,8.0,5.0,6.0,6.0,7.0,5.0,7.0,6.0,6.0,6.0,8.0,6.0,6.0,7.0,8.0,6.0,7.0,6.0,7.0,7.0,6.0,6.0,6.0,7.0
6.0,6.0,7.0,6.0,8.0,8.0,7.0,8.0,8.0,7.0,7.0,8.0,7.0,5.0,7.0,5.0,7.0,6.0,6.0,7.0,7.0,8.0,7.0,9.0,6.0,6.0,6.0,8.0,7.0,7.0,6.0,6.0,8.0
8.0,10.0,8.0,8.0,8.0,8.0,8.0,8.0,9.0,10.0,7.0,8.0,9.0,8.0,7.0,8.0,8.0,8.0,8.0,10.0,9.0,9.0,8.0,10.0,8.0,9.0,8.0,9.0,9.0,8.0,8.0,8.0,8.0
6.0,8.0,8.0,7.0,6.0,8.0,7.0,9.0,8.0,8.0,6.0,7.0,6.0,7.0,6.0,7.0,7.0,8.0,7.0,7.0,7.0,8.0,8.0,10.0,8.0,6.0,7.0,7.0,8.0,7.0,6.0,6.0,7.0
6.0,6.0,7.0,6.0,8.0,8.0,8.0,8.0,7.0,7.0,7.0,8.0,7.0,8.0,7.0,8.0,8.0,6.0,6.0,7.0,8.0,7.0,7.0,9.0,6.0,6.0,6.0,8.0,7.0,7.0,6.0,6.0,8.0
6.0,6.0,7.0,6.0,8.0,7.0,7.0,8.0,9.0,7.0,7.0,8.0,7.0,8.0,7.0,8.0,6.0,6.0,6.0,7.0,10.0,9.0,7.0,9.0,6.0,6.0,6.0,8.0,7.0,8.0,6.0,6.0,8.0
7.0,9.0,8.0,9.0,8.0,9.0,9.0,8.0,9.0,9.0,6.0,8.0,8.0,9.0,7.0,9.0,8.0,8.0,8.0,9.0,8.0,9.0,8.0,9.0,8.0,9.0,8.0,7.0,10.0,8.0,7.0,7.0,8.0
7.0,8.0,8.0,8.0,8.0,8.0,7.0,8.0,9.0,8.0,7.0,8.0,7.0,7.0,7.0,7.0,8.0,8.0,8.0,8.0,9.0,9.0,8.0,9.0,8.0,8.0,8.0,8.0,8.0,8.0,7.0,7.0,8.0
6.0,6.0,7.0,6.0,8.0,7.0,8.0,8.0,6.0,7.0,7.0,8.0,7.0,7.0,7.0,7.0,8.0,6.0,6.0,7.0,7.0,6.0,7.0,9.0,6.0,6.0,6.0,6.0,7.0,7.0,6.0,6.0,8.0
6.0,6.0,7.0,6.0,8.0,8.0,7.0,8.0,7.0,7.0,7.0,8.0,7.0,7.0,7.0,7.0,8.0,6.0,6.0,7.0,7.0,7.0,7.0,9.0,6.0,6.0,6.0,7.0,7.0,7.0,6.0,6.0,8.0
8.0,10.0,8.0,8.0,8.0,9.0,9.0,10.0,9.0,10.0,7.0,9.0,7.0,9.0,6.0,9.0,9.0,9.0,8.0,9.0,7.0,9.0,10.0,10.0,10.0,9.0,8.0,8.0,9.0,8.0,7.0,7.0,8.0
6.0,6.0,7.0,6.0,8.0,8.0,7.0,8.0,7.0,7.0,7.0,8.0,7.0,6.0,7.0,6.0,7.0,6.0,6.0,7.0,7.0,7.0,7.0,9.0,6.0,6.0,6.0,7.0,7.0,7.0,6.0,6.0,8.0
6.0,6.0,7.0,6.0,6.0,6.0,6.0,8.0,7.0,7.0,5.0,6.0,6.0,8.0,5.0,8.0,7.0,6.0,6.0,7.0,7.0,7.0,7.0,8.0,6.0,6.0,6.0,5.0,7.0,7.0,6.0,6.0,7.0
6.0,6.0,7.0,6.0,8.0,8.0,7.0,8.0,9.0,7.0,7.0,8.0,7.0,8.0,7.0,8.0,8.0,6.0,6.0,7.0,8.0,9.0,7.0,9.0,6.0,6.0,6.0,6.0,7.0,7.0,6.0,6.0,8.0
9.0,10.0,8.0,8.0,8.0,9.0,8.0,8.0,9.0,9.0,6.0,8.0,8.0,8.0,7.0,8.0,8.0,8.0,8.0,8.0,9.0,9.0,8.0,10.0,8.0,8.0,8.0,9.0,8.0,9.0,7.0,7.0,8.0
6.0,6.0,7.0,6.0,6.0,7.0,5.0,8.0,10.0,7.0,5.0,6.0,6.0,5.0,5.0,5.0,5.0,6.0,6.0,7.0,8.0,10.0,7.0,8.0,6.0,6.0,6.0,7.0,7.0,7.0,6.0,6.0,7.0
8.0,8.0,9.0,8.0,8.0,8.0,8.0,9.0,8.0,8.0,7.0,8.0,7.0,9.0,8.0,9.0,8.0,9.0,8.0,8.0,8.0,8.0,7.0,10.0,10.0,7.0,8.0,8.0,10.0,8.0,7.0,7.0,9.0
6.0,6.0,7.0,6.0,6.0,6.0,6.0,8.0,7.0,7.0,5.0,6.0,6.0,7.0,5.0,7.0,5.0,6.0,6.0,7.0,8.0,7.0,7.0,8.0,6.0,6.0,6.0,7.0,7.0,8.0,6.0,6.0,7.0
8.0,8.0,8.0,7.0,8.0,10.0,8.0,8.0,9.0,9.0,6.0,8.0,8.0,7.0,7.0,7.0,10.0,8.0,8.0,10.0,8.0,9.0,8.0,10.0,8.0,9.0,8.0,8.0,8.0,7.0,7.0,7.0,8.0
7.0,6.0,7.0,6.0,6.0,7.0,6.0,8.0,8.0,7.0,6.0,6.0,6.0,6.0,5.0,6.0,5.0,6.0,6.0,8.0,8.0,8.0,7.0,8.0,6.0,7.0,6.0,7.0,6.0,6.0,6.0,6.0,6.0
8.0,9.0,8.0,8.0,8.0,9.0,9.0,8.0,10.0,10.0,7.0,8.0,9.0,7.0,7.0,7.0,7.0,8.0,8.0,10.0,10.0,10.0,8.0,10.0,8.0,10.0,8.0,9.0,9.0,8.0,8.0,8.0,8.0
5.0,6.0,7.0,6.0,6.0,7.0,7.0,8.0,6.0,7.0,5.0,6.0,5.0,7.0,5.0,7.0,9.0,6.0,6.0,7.0,6.0,6.0,7.0,8.0,6.0,6.0,6.0,5.0,7.0,7.0,6.0,6.0,7.0
8.0,9.0,8.0,8.0,7.0,10.0,8.0,9.0,9.0,10.0,7.0,9.0,7.0,8.0,5.0,8.0,8.0,8.0,8.0,9.0,9.0,9.0,10.0,10.0,10.0,8.0,7.0,8.0,9.0,7.0,6.0,6.0,7.0
6.0,6.0,7.0,6.0,6.0,6.0,7.0,8.0,7.0,7.0,5.0,6.0,6.0,5.0,5.0,5.0,5.0,6.0,6.0,7.0,6.0,7.0,7.0,8.0,6.0,6.0,6.0,7.0,7.0,7.0,6.0,6.0,7.0
7.0,6.0,7.0,7.0,8.0,7.0,6.0,8.0,8.0,6.0,7.0,8.0,7.0,7.0,7.0,7.0,6.0,6.0,6.0,9.0,9.0,8.0,7.0,8.0,6.0,8.0,6.0,8.0,7.0,9.0,8.0,8.0,8.0
8.0,7.0,9.0,8.0,9.0,8.0,8.0,10.0,9.0,8.0,6.0,8.0,7.0,9.0,8.0,9.0,8.0,9.0,8.0,8.0,9.0,9.0,7.0,10.0,8.0,7.0,8.0,8.0,9.0,10.0,7.0,7.0,9.0
6.0,6.0,7.0,6.0,6.0,7.0,6.0,8.0,6.0,7.0,5.0,6.0,6.0,6.0,5.0,6.0,6.0,6.0,6.0,7.0,6.0,6.0,7.0,8.0,6.0,6.0,6.0,5.0,7.0,6.0,6.0,6.0,7.0
8.0,9.0,8.0,9.0,8.0,9.0,9.0,8.0,8.0,9.0,7.0,8.0,8.0,9.0,7.0,9.0,9.0,8.0,8.0,9.0,9.0,8.0,8.0,10.0,8.0,8.0,8.0,9.0,9.0,8.0,7.0,7.0,8.0
7.0,8.0,8.0,8.0,8.0,9.0,10.0,8.0,8.0,8.0,7.0,8.0,7.0,9.0,7.0,9.0,10.0,8.0,8.0,8.0,7.0,8.0,8.0,9.0,8.0,8.0,8.0,8.0,8.0,9.0,7.0,7.0,8.0
7.0,7.0,7.0,6.0,6.0,6.0,6.0,8.0,8.0,7.0,6.0,6.0,6.0,6.0,5.0,6.0,5.0,6.0,6.0,7.0,8.0,8.0,7.0,7.0,6.0,6.0,6.0,7.0,7.0,6.0,6.0,6.0,4.0
6.0,8.0,7.0,8.0,8.0,8.0,7.0,8.0,7.0,8.0,7.0,8.0,6.0,8.0,7.0,8.0,8.0,6.0,6.0,8.0,7.0,7.0,7.0,9.0,6.0,7.0,6.0,8.0,9.0,7.0,5.0,5.0,8.0
6.0,7.0,7.0,6.0,8.0,7.0,6.0,8.0,8.0,6.0,5.0,8.0,5.0,6.0,7.0,6.0,6.0,6.0,6.0,6.0,9.0,8.0,7.0,8.0,6.0,6.0,6.0,6.0,7.0,7.0,7.0,7.0,8.0
6.0,6.0,7.0,6.0,8.0,6.0,7.0,8.0,8.0,6.0,6.0,7.0,6.0,6.0,7.0,6.0,6.0,7.0,6.0,7.0,8.0,8.0,7.0,8.0,8.0,6.0,7.0,6.0,7.0,7.0,6.0,6.0,7.0
8.0,9.0,9.0,8.0,8.0,8.0,8.0,9.0,9.0,9.0,7.0,9.0,7.0,7.0,6.0,7.0,7.0,9.0,8.0,9.0,9.0,9.0,9.0,10.0,9.0,8.0,9.0,9.0,8.0,7.0,8.0,8.0,8.0
8.0,7.0,8.0,8.0,8.0,8.0,7.0,8.0,9.0,7.0,8.0,8.0,7.0,9.0,7.0,9.0,8.0,8.0,8.0,7.0,9.0,9.0,8.0,8.0,8.0,7.0,8.0,7.0,9.0,8.0,8.0,8.0,8.0
7.0,8.0,8.0,8.0,8.0,8.0,9.0,8.0,8.0,8.0,7.0,8.0,7.0,8.0,7.0,8.0,9.0,8.0,8.0,8.0,8.0,8.0,8.0,9.0,8.0,8.0,8.0,9.0,8.0,9.0,7.0,7.0,8.0
6.0,7.0,7.0,8.0,8.0,8.0,8.0,8.0,8.0,6.0,5.0,8.0,6.0,9.0,7.0,9.0,8.0,6.0,6.0,7.0,8.0,8.0,7.0,9.0,6.0,6.0,6.0,6.0,9.0,8.0,6.0,6.0,8.0
5.0,6.0,7.0,7.0,6.0,6.0,6.0,8.0,8.0,7.0,6.0,6.0,6.0,6.0,5.0,6.0,7.0,6.0,7.0,7.0,8.0,8.0,7.0,7.0,6.0,7.0,6.0,6.0,8.0,7.0,7.0,7.0,6.0
6.0,7.0,7.0,7.0,8.0,8.0,8.0,7.0,8.0,7.0,7.0,8.0,6.0,7.0,6.0,7.0,6.0,7.0,7.0,7.0,7.0,8.0,8.0,9.0,7.0,8.0,6.0,7.0,8.0,8.0,7.0,7.0,7.0
8.0,8.0,8.0,9.0,8.0,9.0,9.0,8.0,10.0,9.0,8.0,8.0,8.0,8.0,7.0,8.0,8.0,8.0,8.0,10.0,10.0,10.0,8.0,9.0,8.0,10.0,8.0,9.0,8.0,9.0,8.0,8.0,8.0
6.0,7.0,8.0,7.0,9.0,7.0,6.0,9.0,10.0,8.0,7.0,9.0,8.0,7.0,7.0,7.0,6.0,5.0,8.0,9.0,9.0,10.0,9.0,8.0,7.0,10.0,8.0,7.0,7.0,8.0,8.0,8.0,8.0
6.0,6.0,7.0,6.0,6.0,7.0,6.0,8.0,7.0,7.0,5.0,6.0,6.0,6.0,5.0,6.0,5.0,6.0,6.0,7.0,7.0,7.0,7.0,8.0,6.0,6.0,6.0,7.0,7.0,6.0,6.0,6.0,7.0
6.0,6.0,7.0,6.0,6.0,7.0,7.0,8.0,7.0,7.0,5.0,6.0,6.0,8.0,5.0,8.0,6.0,6.0,6.0,7.0,6.0,7.0,7.0,8.0,6.0,6.0,6.0,6.0,7.0,6.0,6.0,6.0,7.0
6.0,5.0,7.0,6.0,6.0,6.0,6.0,8.0,7.0,5.0,5.0,6.0,5.0,7.0,5.0,7.0,6.0,6.0,7.0,7.0,7.0,7.0,7.0,6.0,6.0,4.0,6.0,5.0,7.0,7.0,6.0,6.0,7.0
7.0,7.0,7.0,7.0,8.0,9.0,7.0,8.0,9.0,9.0,6.0,8.0,8.0,6.0,7.0,6.0,6.0,6.0,6.0,8.0,7.0,9.0,7.0,9.0,6.0,9.0,6.0,8.0,8.0,7.0,7.0,7.0,8.0
6.0,6.0,7.0,5.0,6.0,6.0,6.0,8.0,9.0,7.0,6.0,6.0,7.0,6.0,5.0,6.0,4.0,6.0,7.0,7.0,8.0,9.0,7.0,7.0,6.0,7.0,6.0,6.0,6.0,8.0,7.0,7.0,7.0
6.0,6.0,7.0,6.0,8.0,8.0,6.0,8.0,9.0,7.0,7.0,8.0,7.0,8.0,7.0,8.0,7.0,6.0,6.0,7.0,8.0,9.0,7.0,9.0,6.0,6.0,6.0,6.0,7.0,8.0,6.0,6.0,8.0
6.0,6.0,7.0,6.0,8.0,6.0,5.0,8.0,9.0,7.0,7.0,8.0,7.0,6.0,7.0,6.0,5.0,6.0,6.0,7.0,9.0,9.0,7.0,9.0,6.0,6.0,6.0,8.0,7.0,7.0,6.0,6.0,8.0
6.0,6.0,5.0,6.0,6.0,7.0,7.0,7.0,6.0,6.0,6.0,6.0,4.0,6.0,6.0,6.0,7.0,5.0,6.0,6.0,6.0,6.0,6.0,8.0,5.0,6.0,5.0,6.0,7.0,7.0,6.0,6.0,6.0
7.0,8.0,7.0,7.0,8.0,8.0,8.0,8.0,6.0,7.0,6.0,8.0,5.0,7.0,7.0,7.0,9.0,6.0,6.0,7.0,7.0,6.0,7.0,9.0,6.0,6.0,6.0,8.0,9.0,7.0,6.0,6.0,8.0
6.0,6.0,7.0,6.0,8.0,7.0,7.0,8.0,8.0,7.0,7.0,8.0,7.0,7.0,7.0,7.0,7.0,6.0,6.0,7.0,8.0,8.0,7.0,9.0,6.0,6.0,6.0,7.0,7.0,8.0,6.0,6.0,8.0
4.0,5.0,7.0,7.0,6.0,7.0,6.0,8.0,7.0,6.0,6.0,6.0,7.0,7.0,5.0,7.0,7.0,6.0,6.0,8.0,6.0,7.0,7.0,8.0,6.0,8.0,6.0,6.0,8.0,8.0,7.0,7.0,7.0
6.0,5.0,7.0,7.0,6.0,6.0,6.0,8.0,8.0,5.0,6.0,6.0,6.0,6.0,5.0,6.0,5.0,6.0,6.0,7.0,8.0,8.0,7.0,7.0,6.0,6.0,6.0,7.0,6.0,8.0,7.0,7.0,7.0
6.0,6.0,7.0,6.0,6.0,6.0,6.0,8.0,6.0,7.0,5.0,6.0,6.0,6.0,5.0,6.0,5.0,6.0,6.0,7.0,8.0,6.0,7.0,8.0,6.0,6.0,6.0,6.0,7.0,6.0,6.0,6.0,7.0
8.0,9.0,7.0,9.0,8.0,9.0,9.0,10.0,8.0,10.0,8.0,10.0,9.0,9.0,7.0,9.0,8.0,9.0,8.0,10.0,8.0,8.0,9.0,10.0,9.0,9.0,8.0,9.0,9.0,8.0,6.0,6.0,8.0
6.0,6.0,7.0,6.0,6.0,7.0,6.0,8.0,8.0,7.0,5.0,6.0,6.0,5.0,5.0,5.0,5.0,6.0,6.0,7.0,7.0,8.0,7.0,8.0,6.0,6.0,6.0,6.0,7.0,6.0,6.0,6.0,7.0
8.0,8.0,9.0,8.0,9.0,9.0,9.0,9.0,9.0,9.0,7.0,10.0,9.0,8.0,8.0,8.0,8.0,9.0,8.0,9.0,10.0,9.0,9.0,10.0,9.0,9.0,9.0,8.0,7.0,9.0,8.0,8.0,8.0
7.0,9.0,8.0,8.0,8.0,9.0,8.0,9.0,10.0,10.0,8.0,9.0,9.0,8.0,6.0,8.0,8.0,8.0,8.0,9.0,8.0,10.0,9.0,10.0,8.0,10.0,9.0,8.0,10.0,9.0,8.0,8.0,9.0
8.0,9.0,7.0,7.0,8.0,8.0,8.0,8.0,7.0,8.0,5.0,8.0,6.0,6.0,7.0,6.0,9.0,6.0,6.0,9.0,7.0,7.0,7.0,10.0,6.0,7.0,6.0,7.0,8.0,6.0,5.0,5.0,8.0
5.0,6.0,7.0,6.0,6.0,7.0,6.0,8.0,7.0,7.0,6.0,6.0,6.0,6.0,5.0,6.0,6.0,6.0,7.0,8.0,6.0,7.0,8.0,7.0,6.0,8.0,6.0,7.0,7.0,7.0,7.0,7.0,7.0
5.0,6.0,7.0,7.0,6.0,6.0,6.0,8.0,7.0,7.0,6.0,6.0,6.0,6.0,5.0,6.0,6.0,6.0,6.0,7.0,7.0,7.0,7.0,6.0,6.0,8.0,6.0,6.0,9.0,7.0,5.0,5.0,7.0
8.0,8.0,8.0,8.0,10.0,10.0,7.0,9.0,9.0,8.0,8.0,9.0,8.0,9.0,8.0,9.0,8.0,8.0,9.0,8.0,10.0,9.0,9.0,9.0,8.0,9.0,9.0,8.0,9.0,9.0,8.0,8.0,8.0
6.0,6.0,7.0,6.0,6.0,6.0,4.0,8.0,8.0,7.0,5.0,6.0,6.0,6.0,5.0,6.0,4.0,6.0,6.0,7.0,8.0,8.0,7.0,8.0,6.0,6.0,6.0,6.0,7.0,7.0,6.0,6.0,7.0
6.0,6.0,7.0,6.0,8.0,7.0,6.0,8.0,8.0,7.0,7.0,8.0,7.0,8.0,7.0,8.0,8.0,6.0,6.0,7.0,9.0,8.0,7.0,9.0,6.0,6.0,6.0,6.0,7.0,9.0,6.0,6.0,8.0
6.0,6.0,7.0,6.0,6.0,7.0,7.0,8.0,6.0,7.0,5.0,6.0,6.0,8.0,5.0,8.0,7.0,6.0,6.0,7.0,6.0,6.0,7.0,8.0,6.0,6.0,6.0,6.0,7.0,8.0,6.0,6.0,7.0
7.0,7.0,8.0,7.0,7.0,7.0,6.0,7.0,9.0,7.0,7.0,7.0,7.0,6.0,6.0,6.0,7.0,6.0,8.0,8.0,9.0,9.0,8.0,8.0,6.0,7.0,5.0,7.0,7.0,7.0,7.0,7.0,6.0
8.0,10.0,8.0,9.0,8.0,10.0,9.0,8.0,9.0,10.0,7.0,8.0,8.0,8.0,7.0,8.0,9.0,8.0,8.0,9.0,8.0,9.0,8.0,10.0,8.0,9.0,8.0,9.0,9.0,8.0,8.0,8.0,8.0
7.0,7.0,7.0,8.0,8.0,7.0,8.0,8.0,8.0,8.0,5.0,8.0,6.0,9.0,7.0,9.0,8.0,6.0,6.0,6.0,7.0,8.0,7.0,9.0,6.0,6.0,6.0,7.0,7.0,8.0,5.0,5.0,8.0
6.0,7.0,7.0,7.0,8.0,8.0,7.0,8.0,7.0,5.0,6.0,8.0,5.0,7.0,7.0,7.0,7.0,6.0,6.0,6.0,8.0,7.0,7.0,8.0,6.0,6.0,6.0,7.0,9.0,7.0,7.0,7.0,8.0
6.0,6.0,7.0,6.0,8.0,8.0,8.0,8.0,8.0,7.0,7.0,8.0,7.0,8.0,7.0,8.0,7.0,6.0,6.0,7.0,7.0,8.0,7.0,9.0,6.0,6.0,6.0,8.0,7.0,7.0,6.0,6.0,8.0
6.0,6.0,7.0,6.0,8.0,8.0,7.0,8.0,8.0,7.0,7.0,8.0,7.0,7.0,7.0,7.0,7.0,6.0,6.0,7.0,7.0,8.0,7.0,9.0,6.0,6.0,6.0,7.0,7.0,7.0,6.0,6.0,8.0
6.0,6.0,7.0,6.0,6.0,7.0,7.0,8.0,6.0,7.0,5.0,6.0,6.0,6.0,5.0,6.0,7.0,6.0,6.0,7.0,7.0,6.0,7.0,8.0,6.0,6.0,6.0,5.0,7.0,6.0,6.0,6.0,7.0
7.0,8.0,8.0,8.0,8.0,9.0,9.0,8.0,9.0,8.0,7.0,8.0,7.0,8.0,7.0,8.0,8.0,8.0,8.0,8.0,8.0,9.0,8.0,9.0,8.0,8.0,8.0,7.0,8.0,8.0,7.0,7.0,8.0
7.0,8.0,8.0,8.0,8.0,8.0,8.0,8.0,9.0,8.0,7.0,8.0,7.0,8.0,7.0,8.0,8.0,8.0,8.0,8.0,8.0,9.0,8.0,9.0,8.0,8.0,8.0,8.0,8.0,9.0,7.0,7.0,8.0
7.0,7.0,7.0,6.0,8.0,7.0,7.0,8.0,8.0,6.0,7.0,8.0,5.0,8.0,7.0,8.0,8.0,6.0,6.0,7.0,8.0,8.0,7.0,9.0,6.0,6.0,6.0,6.0,8.0,8.0,7.0,7.0,8.0
6.0,6.0,7.0,7.0,6.0,6.0,7.0,8.0,6.0,7.0,5.0,6.0,4.0,7.0,5.0,7.0,7.0,6.0,6.0,7.0,6.0,6.0,7.0,8.0,6.0,4.0,6.0,5.0,7.0,6.0,6.0,6.0,7.0
6.0,7.0,7.0,8.0,6.0,6.0,7.0,8.0,6.0,7.0,4.0,6.0,6.0,7.0,5.0,7.0,7.0,6.0,6.0,6.0,6.0,6.0,7.0,9.0,6.0,6.0,6.0,6.0,8.0,7.0,5.0,5.0,7.0
6.0,6.0,7.0,6.0,8.0,7.0,8.0,8.0,6.0,7.0,7.0,8.0,7.0,7.0,7.0,7.0,8.0,6.0,6.0,7.0,8.0,6.0,7.0,9.0,6.0,6.0,6.0,6.0,7.0,6.0,6.0,6.0,8.0
7.0,6.0,7.0,6.0,7.0,7.0,6.0,10.0,7.0,7.0,5.0,7.0,7.0,6.0,6.0,6.0,6.0,7.0,6.0,7.0,8.0,7.0,6.0,9.0,8.0,7.0,8.0,8.0,6.0,6.0,6.0,6.0,7.0
6.0,5.0,7.0,6.0,6.0,7.0,5.0,8.0,8.0,6.0,5.0,6.0,6.0,6.0,5.0,6.0,5.0,6.0,6.0,6.0,8.0,8.0,7.0,7.0,6.0,7.0,6.0,6.0,5.0,7.0,7.0,7.0,7.0
6.0,6.0,7.0,6.0,6.0,6.0,7.0,8.0,6.0,6.0,5.0,6.0,4.0,7.0,5.0,7.0,7.0,6.0,6.0,6.0,6.0,6.0,7.0,7.0,6.0,4.0,6.0,6.0,6.0,6.0,5.0,5.0,7.0
7.0,8.0,8.0,8.0,8.0,9.0,7.0,8.0,9.0,8.0,7.0,8.0,7.0,7.0,7.0,7.0,8.0,8.0,8.0,8.0,9.0,9.0,8.0,9.0,8.0,8.0,8.0,8.0,8.0,7.0,7.0,7.0,8.0
6.0,8.0,8.0,9.0,8.0,10.0,9.0,8.0,8.0,8.0,8.0,8.0,7.0,9.0,7.0,9.0,10.0,8.0,8.0,9.0,9.0,8.0,8.0,9.0,8.0,8.0,8.0,8.0,10.0,9.0,7.0,7.0,8.0
6.0,6.0,7.0,7.0,8.0,7.0,6.0,8.0,7.0,6.0,6.0,8.0,5.0,7.0,7.0,7.0,7.0,6.0,6.0,7.0,9.0,7.0,7.0,8.0,6.0,5.0,6.0,6.0,9.0,8.0,7.0,7.0,8.0
6.0,7.0,8.0,8.0,8.0,8.0,7.0,8.0,9.0,6.0,7.0,8.0,5.0,8.0,7.0,8.0,8.0,8.0,8.0,6.0,10.0,9.0,8.0,10.0,8.0,6.0,8.0,7.0,9.0,9.0,9.0,9.0,8.0
7.0,8.0,8.0,8.0,8.0,9.0,9.0,8.0,9.0,8.0,7.0,8.0,7.0,8.0,7.0,8.0,8.0,8.0,8.0,8.0,8.0,9.0,8.0,9.0,8.0,8.0,8.0,9.0,8.0,8.0,7.0,7.0,8.0
6.0,6.0,7.0,6.0,6.0,7.0,6.0,8.0,5.0,7.0,5.0,6.0,6.0,6.0,5.0,6.0,6.0,6.0,6.0,7.0,7.0,5.0,7.0,8.0,6.0,6.0,6.0,6.0,7.0,7.0,6.0,6.0,7.0
6.0,8.0,7.0,8.0,6.0,7.0,8.0,8.0,7.0,8.0,5.0,6.0,5.0,8.0,5.0,8.0,8.0,6.0,6.0,7.0,5.0,7.0,7.0,9.0,6.0,6.0,6.0,6.0,7.0,7.0,5.0,5.0,7.0
6.0,6.0,7.0,6.0,6.0,6.0,8.0,8.0,6.0,7.0,5.0,6.0,6.0,7.0,5.0,7.0,6.0,6.0,6.0,7.0,7.0,6.0,7.0,8.0,6.0,6.0,6.0,6.0,7.0,6.0,6.0,6.0,7.0
7.0,7.0,8.0,7.0,9.0,7.0,7.0,9.0,8.0,7.0,6.0,8.0,7.0,8.0,7.0,8.0,7.0,8.0,7.0,7.0,9.0,8.0,7.0,9.0,7.0,7.0,8.0,7.0,8.0,9.0,6.0,6.0,9.0
6.0,6.0,7.0,6.0,8.0,9.0,7.0,8.0,8.0,7.0,7.0,8.0,7.0,6.0,7.0,6.0,6.0,6.0,6.0,7.0,8.0,8.0,7.0,9.0,6.0,6.0,6.0,8.0,7.0,7.0,6.0,6.0,8.0
7.0,8.0,8.0,8.0,8.0,8.0,9.0,8.0,8.0,8.0,7.0,8.0,7.0,9.0,7.0,9.0,8.0,8.0,8.0,8.0,9.0,8.0,8.0,9.0,8.0,8.0,8.0,7.0,8.0,9.0,7.0,7.0,8.0
6.0,6.0,7.0,6.0,8.0,9.0,8.0,8.0,7.0,7.0,7.0,8.0,7.0,8.0,7.0,8.0,7.0,6.0,6.0,7.0,7.0,7.0,7.0,9.0,6.0,6.0,6.0,8.0,7.0,7.0,6.0,6.0,8.0
7.0,8.0,8.0,8.0,8.0,8.0,7.0,8.0,9.0,8.0,7.0,8.0,7.0,7.0,7.0,7.0,7.0,8.0,8.0,8.0,9.0,9.0,8.0,9.0,8.0,8.0,8.0,9.0,8.0,8.0,7.0,7.0,8.0
6.0,6.0,7.0,7.0,6.0,6.0,7.0,8.0,6.0,5.0,5.0,4.0,4.0,8.0,6.0,8.0,6.0,7.0,5.0,5.0,6.0,6.0,4.0,9.0,6.0,5.0,6.0,6.0,7.0,6.0,6.0,6.0,7.0
6.0,6.0,7.0,6.0,6.0,6.0,6.0,8.0,6.0,5.0,5.0,6.0,4.0,7.0,5.0,7.0,6.0,6.0,6.0,4.0,7.0,6.0,7.0,7.0,6.0,5.0,6.0,6.0,7.0,7.0,5.0,5.0,7.0
6.0,6.0,7.0,5.0,6.0,6.0,4.0,8.0,8.0,7.0,5.0,6.0,6.0,6.0,5.0,6.0,5.0,6.0,6.0,7.0,7.0,8.0,7.0,8.0,6.0,5.0,6.0,8.0,6.0,7.0,7.0,7.0,7.0
6.0,6.0,6.0,6.0,6.0,6.0,6.0,7.0,6.0,6.0,5.0,6.0,5.0,6.0,7.0,6.0,7.0,6.0,6.0,7.0,7.0,6.0,6.0,7.0,6.0,6.0,6.0,6.0,7.0,6.0,6.0,6.0,7.0
7.0,8.0,8.0,8.0,8.0,8.0,8.0,8.0,9.0,8.0,7.0,8.0,7.0,9.0,7.0,9.0,9.0,8.0,8.0,8.0,9.0,9.0,8.0,9.0,8.0,8.0,8.0,8.0,8.0,9.0,7.0,7.0,8.0
6.0,6.0,7.0,8.0,8.0,7.0,8.0,8.0,6.0,7.0,6.0,7.0,6.0,8.0,9.0,8.0,8.0,6.0,7.0,7.0,7.0,6.0,6.0,8.0,7.0,7.0,9.0,7.0,8.0,8.0,7.0,7.0,9.0
6.0,6.0,7.0,6.0,8.0,7.0,7.0,8.0,8.0,7.0,7.0,8.0,7.0,7.0,7.0,7.0,6.0,6.0,6.0,7.0,9.0,8.0,7.0,9.0,6.0,6.0,6.0,8.0,7.0,9.0,6.0,6.0,8.0
6.0,6.0,7.0,6.0,6.0,6.0,6.0,8.0,5.0,7.0,5.0,6.0,6.0,8.0,5.0,8.0,6.0,6.0,6.0,7.0,6.0,5.0,7.0,8.0,6.0,6.0,6.0,6.0,7.0,7.0,6.0,6.0,7.0
7.0,7.0,7.0,6.0,8.0,8.0,6.0,8.0,9.0,7.0,7.0,8.0,7.0,6.0,7.0,6.0,6.0,6.0,6.0,8.0,8.0,9.0,7.0,8.0,6.0,8.0,6.0,7.0,7.0,7.0,7.0,7.0,8.0
7.0,7.0,7.0,6.0,6.0,8.0,7.0,8.0,7.0,8.0,5.0,6.0,7.0,6.0,5.0,6.0,6.0,6.0,6.0,7.0,6.0,7.0,7.0,8.0,6.0,7.0,6.0,6.0,7.0,6.0,5.0,5.0,7.0
6.0,7.0,7.0,7.0,8.0,7.0,7.0,8.0,8.0,8.0,7.0,8.0,7.0,7.0,7.0,7.0,7.0,6.0,6.0,8.0,8.0,8.0,7.0,9.0,6.0,8.0,6.0,7.0,8.0,7.0,7.0,7.0,8.0
6.0,6.0,7.0,6.0,8.0,8.0,8.0,8.0,8.0,7.0,7.0,8.0,7.0,7.0,7.0,7.0,8.0,6.0,6.0,7.0,8.0,8.0,7.0,9.0,6.0,6.0,6.0,7.0,7.0,7.0,6.0,6.0,8.0
6.0,6.0,7.0,6.0,6.0,6.0,8.0,8.0,6.0,7.0,5.0,6.0,6.0,7.0,5.0,7.0,7.0,6.0,6.0,7.0,6.0,6.0,7.0,8.0,6.0,6.0,6.0,6.0,7.0,5.0,6.0,6.0,7.0
6.0,6.0,7.0,6.0,8.0,7.0,5.0,8.0,9.0,7.0,7.0,8.0,7.0,6.0,7.0,6.0,5.0,6.0,6.0,7.0,8.0,9.0,7.0,9.0,6.0,6.0,6.0,8.0,7.0,8.0,6.0,6.0,8.0
6.0,5.0,7.0,6.0,6.0,6.0,6.0,8.0,7.0,6.0,6.0,6.0,6.0,8.0,5.0,8.0,6.0,6.0,6.0,7.0,9.0,7.0,7.0,8.0,6.0,7.0,6.0,7.0,6.0,8.0,7.0,7.0,7.0
8.0,9.0,9.0,7.0,8.0,9.0,7.0,7.0,9.0,7.0,7.0,8.0,7.0,7.0,6.0,7.0,8.0,7.0,10.0,9.0,9.0,9.0,9.0,9.0,7.0,10.0,7.0,8.0,9.0,7.0,8.0,8.0,7.0
7.0,8.0,8.0,8.0,8.0,8.0,8.0,8.0,9.0,8.0,7.0,8.0,7.0,8.0,7.0,8.0,9.0,8.0,8.0,8.0,8.0,9.0,8.0,9.0,8.0,8.0,8.0,8.0,8.0,8.0,7.0,7.0,8.0
6.0,7.0,5.0,7.0,7.0,9.0,7.0,7.0,7.0,7.0,6.0,7.0,7.0,7.0,6.0,7.0,8.0,7.0,7.0,8.0,6.0,7.0,8.0,8.0,7.0,7.0,6.0,7.0,8.0,7.0,6.0,6.0,8.0
8.0,9.0,8.0,9.0,8.0,9.0,8.0,8.0,8.0,10.0,6.0,8.0,7.0,8.0,7.0,8.0,8.0,8.0,8.0,9.0,8.0,8.0,8.0,10.0,8.0,8.0,8.0,8.0,9.0,7.0,6.0,6.0,8.0
8.0,7.0,8.0,7.0,8.0,8.0,8.0,8.0,9.0,8.0,7.0,8.0,8.0,8.0,7.0,8.0,8.0,8.0,8.0,8.0,9.0,9.0,8.0,9.0,8.0,8.0,8.0,8.0,9.0,9.0,7.0,7.0,8.0
6.0,6.0,7.0,6.0,6.0,7.0,7.0,8.0,8.0,7.0,5.0,6.0,6.0,6.0,5.0,6.0,6.0,6.0,6.0,7.0,7.0,8.0,7.0,8.0,6.0,6.0,6.0,7.0,7.0,6.0,6.0,6.0,7.0
8.0,7.0,8.0,8.0,7.0,8.0,8.0,8.0,8.0,6.0,8.0,7.0,7.0,9.0,8.0,9.0,8.0,8.0,8.0,7.0,9.0,8.0,8.0,8.0,7.0,7.0,7.0,7.0,9.0,8.0,7.0,7.0,9.0
7.0,7.0,7.0,7.0,8.0,7.0,7.0,8.0,8.0,9.0,7.0,8.0,7.0,7.0,7.0,7.0,7.0,6.0,6.0,9.0,9.0,8.0,7.0,10.0,6.0,9.0,6.0,7.0,8.0,9.0,7.0,7.0,8.0
5.0,6.0,7.0,7.0,6.0,7.0,7.0,8.0,6.0,6.0,5.0,6.0,6.0,7.0,5.0,7.0,7.0,6.0,6.0,6.0,7.0,6.0,6.0,7.0,6.0,6.0,6.0,6.0,6.0,7.0,6.0,6.0,7.0
5.0,7.0,7.0,7.0,8.0,8.0,7.0,8.0,7.0,6.0,6.0,8.0,6.0,7.0,7.0,7.0,8.0,6.0,6.0,7.0,7.0,7.0,7.0,8.0,6.0,7.0,6.0,6.0,8.0,7.0,7.0,7.0,8.0
7.0,8.0,6.0,7.0,7.0,8.0,8.0,8.0,7.0,8.0,6.0,8.0,6.0,6.0,5.0,6.0,9.0,7.0,7.0,8.0,6.0,7.0,7.0,9.0,7.0,7.0,7.0,7.0,8.0,6.0,6.0,6.0,8.0
6.0,6.0,7.0,6.0,7.0,6.0,6.0,8.0,6.0,5.0,5.0,6.0,6.0,8.0,6.0,8.0,6.0,6.0,6.0,6.0,8.0,6.0,4.0,7.0,6.0,5.0,6.0,6.0,7.0,7.0,6.0,6.0,7.0
6.0,6.0,7.0,6.0,8.0,8.0,6.0,8.0,8.0,7.0,7.0,8.0,7.0,6.0,7.0,6.0,6.0,6.0,6.0,7.0,8.0,8.0,7.0,9.0,6.0,6.0,6.0,8.0,7.0,8.0,6.0,6.0,8.0
6.0,6.0,7.0,6.0,8.0,8.0,6.0,8.0,7.0,7.0,7.0,8.0,7.0,7.0,7.0,7.0,7.0,6.0,6.0,7.0,8.0,7.0,7.0,9.0,6.0,6.0,6.0,7.0,7.0,8.0,6.0,6.0,8.0
6.0,6.0,7.0,6.0,6.0,5.0,6.0,8.0,7.0,7.0,5.0,6.0,6.0,6.0,5.0,6.0,6.0,6.0,6.0,7.0,7.0,7.0,7.0,8.0,6.0,6.0,6.0,6.0,7.0,6.0,6.0,6.0,7.0
6.0,6.0,7.0,7.0,6.0,7.0,7.0,8.0,6.0,6.0,4.0,6.0,5.0,9.0,5.0,9.0,7.0,6.0,6.0,6.0,6.0,6.0,7.0,9.0,6.0,6.0,6.0,6.0,8.0,7.0,5.0,5.0,7.0
6.0,6.0,7.0,7.0,8.0,7.0,7.0,8.0,7.0,6.0,5.0,8.0,5.0,7.0,7.0,7.0,8.0,6.0,6.0,6.0,7.0,7.0,7.0,9.0,6.0,6.0,6.0,6.0,8.0,8.0,7.0,7.0,8.0
7.0,7.0,7.0,6.0,6.0,7.0,7.0,8.0,7.0,8.0,5.0,6.0,6.0,6.0,5.0,6.0,7.0,6.0,6.0,8.0,6.0,7.0,7.0,9.0,6.0,7.0,6.0,7.0,6.0,7.0,6.0,6.0,7.0
7.0,8.0,8.0,8.0,8.0,9.0,10.0,8.0,9.0,8.0,7.0,8.0,7.0,9.0,7.0,9.0,9.0,8.0,8.0,8.0,9.0,9.0,8.0,9.0,8.0,8.0,8.0,9.0,8.0,9.0,7.0,7.0,8.0
7.0,8.0,8.0,8.0,8.0,9.0,9.0,8.0,9.0,8.0,7.0,8.0,7.0,8.0,7.0,8.0,10.0,8.0,8.0,8.0,7.0,9.0,8.0,9.0,8.0,8.0,8.0,8.0,8.0,8.0,7.0,7.0,8.0
6.0,6.0,7.0,6.0,6.0,7.0,7.0,8.0,6.0,7.0,5.0,6.0,6.0,7.0,5.0,7.0,7.0,6.0,6.0,7.0,5.0,6.0,7.0,8.0,6.0,6.0,6.0,6.0,7.0,6.0,6.0,6.0,7.0
7.0,6.0,7.0,6.0,6.0,7.0,7.0,8.0,7.0,7.0,5.0,6.0,7.0,6.0,5.0,6.0,6.0,6.0,6.0,7.0,7.0,7.0,7.0,8.0,6.0,6.0,6.0,6.0,6.0,7.0,7.0,7.0,7.0
8.0,8.0,8.0,9.0,8.0,9.0,9.0,8.0,9.0,9.0,6.0,8.0,7.0,9.0,7.0,9.0,9.0,8.0,8.0,7.0,9.0,9.0,8.0,10.0,8.0,9.0,8.0,8.0,9.0,9.0,7.0,7.0,8.0
6.0,6.0,7.0,6.0,6.0,6.0,6.0,8.0,6.0,7.0,5.0,6.0,6.0,6.0,5.0,6.0,6.0,6.0,6.0,7.0,5.0,6.0,7.0,8.0,6.0,6.0,6.0,6.0,7.0,6.0,6.0,6.0,7.0
8.0,8.0,7.0,6.0,8.0,8.0,7.0,8.0,7.0,7.0,5.0,8.0,7.0,6.0,7.0,6.0,8.0,6.0,6.0,8.0,7.0,7.0,7.0,9.0,6.0,7.0,6.0,7.0,9.0,6.0,6.0,6.0,8.0
6.0,6.0,7.0,6.0,8.0,7.0,6.0,8.0,7.0,5.0,7.0,8.0,5.0,7.0,7.0,7.0,7.0,6.0,6.0,7.0,8.0,7.0,7.0,8.0,6.0,5.0,6.0,7.0,8.0,8.0,6.0,6.0,8.0
6.0,6.0,7.0,6.0,6.0,8.0,6.0,8.0,7.0,6.0,6.0,6.0,8.0,6.0,5.0,6.0,6.0,6.0,6.0,9.0,8.0,7.0,7.0,8.0,6.0,7.0,6.0,6.0,8.0,9.0,6.0,6.0,7.0
6.0,7.0,8.0,9.0,8.0,9.0,8.0,8.0,9.0,9.0,8.0,8.0,9.0,9.0,7.0,9.0,9.0,8.0,8.0,9.0,8.0,9.0,8.0,9.0,8.0,9.0,8.0,8.0,10.0,9.0,8.0,8.0,8.0
7.0,7.0,7.0,8.0,8.0,8.0,8.0,8.0,8.0,8.0,5.0,8.0,8.0,9.0,7.0,9.0,7.0,6.0,6.0,9.0,7.0,8.0,7.0,10.0,6.0,6.0,6.0,8.0,8.0,7.0,7.0,7.0,8.0
6.0,6.0,7.0,6.0,6.0,8.0,7.0,8.0,8.0,7.0,5.0,6.0,6.0,7.0,5.0,7.0,6.0,6.0,6.0,7.0,6.0,8.0,7.0,8.0,6.0,6.0,6.0,6.0,7.0,7.0,6.0,6.0,7.0
6.0,6.0,7.0,6.0,5.0,7.0,6.0,7.0,7.0,6.0,6.0,6.0,5.0,6.0,4.0,6.0,6.0,6.0,6.0,7.0,7.0,7.0,6.0,8.0,6.0,6.0,6.0,6.0,7.0,6.0,6.0,6.0,6.0
6.0,6.0,7.0,6.0,6.0,7.0,6.0,8.0,7.0,7.0,5.0,6.0,6.0,6.0,5.0,6.0,7.0,6.0,6.0,7.0,6.0,7.0,7.0,8.0,6.0,6.0,6.0,7.0,7.0,5.0,6.0,6.0,7.0
7.0,8.0,8.0,8.0,8.0,8.0,8.0,8.0,9.0,8.0,7.0,8.0,7.0,7.0,7.0,7.0,7.0,8.0,8.0,8.0,10.0,9.0,8.0,9.0,8.0,8.0,8.0,8.0,8.0,9.0,7.0,7.0,8.0
6.0,6.0,7.0,6.0,6.0,7.0,4.0,8.0,8.0,7.0,5.0,6.0,6.0,6.0,5.0,6.0,4.0,6.0,6.0,7.0,8.0,8.0,7.0,8.0,6.0,6.0,6.0,7.0,7.0,6.0,6.0,6.0,7.0
7.0,7.0,6.0,6.0,6.0,6.0,6.0,6.0,7.0,7.0,6.0,6.0,5.0,6.0,3.0,6.0,7.0,7.0,6.0,7.0,6.0,7.0,7.0,8.0,6.0,6.0,5.0,6.0,6.0,6.0,6.0,6.0,6.0
8.0,8.0,8.0,7.0,8.0,7.0,9.0,10.0,8.0,9.0,7.0,8.0,6.0,8.0,6.0,8.0,7.0,8.0,6.0,8.0,7.0,8.0,7.0,10.0,7.0,6.0,8.0,7.0,7.0,8.0,6.0,6.0,8.0
6.0,6.0,7.0,6.0,8.0,8.0,7.0,8.0,8.0,7.0,7.0,8.0,7.0,8.0,7.0,8.0,7.0,6.0,6.0,7.0,8.0,8.0,7.0,9.0,6.0,6.0,6.0,8.0,7.0,9.0,6.0,6.0,8.0
6.0,6.0,7.0,6.0,6.0,5.0,6.0,8.0,7.0,7.0,5.0,6.0,6.0,7.0,5.0,7.0,7.0,6.0,6.0,7.0,6.0,7.0,7.0,8.0,6.0,6.0,6.0,6.0,7.0,7.0,6.0,6.0,7.0
6.0,6.0,6.0,6.0,6.0,7.0,7.0,7.0,6.0,6.0,4.0,6.0,6.0,6.0,6.0,6.0,7.0,6.0,6.0,6.0,8.0,6.0,6.0,8.0,6.0,6.0,7.0,6.0,8.0,7.0,6.0,6.0,7.0
6.0,6.0,7.0,6.0,8.0,8.0,5.0,8.0,8.0,7.0,7.0,8.0,7.0,6.0,7.0,6.0,6.0,6.0,6.0,7.0,8.0,8.0,7.0,9.0,6.0,6.0,6.0,6.0,7.0,8.0,6.0,6.0,8.0
10.0,10.0,8.0,10.0,8.0,9.0,9.0,10.0,9.0,10.0,7.0,10.0,8.0,7.0,6.0,7.0,9.0,9.0,8.0,10.0,8.0,9.0,10.0,10.0,10.0,10.0,10.0,9.0,9.0,8.0,7.0,7.0,8.0
7.0,7.0,7.0,6.0,8.0,7.0,8.0,8.0,8.0,9.0,6.0,8.0,7.0,7.0,7.0,7.0,7.0,6.0,6.0,8.0,8.0,8.0,7.0,9.0,6.0,7.0,6.0,8.0,7.0,8.0,5.0,5.0,8.0
6.0,7.0,7.0,6.0,6.0,8.0,6.0,8.0,7.0,8.0,6.0,6.0,4.0,6.0,5.0,6.0,7.0,6.0,6.0,6.0,6.0,7.0,7.0,8.0,6.0,7.0,6.0,6.0,7.0,6.0,6.0,6.0,7.0
6.0,6.0,7.0,6.0,8.0,8.0,7.0,8.0,7.0,7.0,7.0,8.0,7.0,8.0,7.0,8.0,7.0,6.0,6.0,7.0,8.0,7.0,7.0,9.0,6.0,6.0,6.0,7.0,7.0,8.0,6.0,6.0,8.0
6.0,6.0,7.0,6.0,8.0,7.0,6.0,8.0,7.0,7.0,7.0,8.0,7.0,9.0,7.0,9.0,7.0,6.0,6.0,7.0,9.0,7.0,7.0,9.0,6.0,6.0,6.0,6.0,7.0,9.0,6.0,6.0,8.0
6.0,6.0,7.0,8.0,8.0,7.0,6.0,8.0,10.0,8.0,6.0,9.0,9.0,7.0,6.0,7.0,6.0,7.0,8.0,10.0,9.0,10.0,9.0,7.0,7.0,10.0,8.0,7.0,8.0,9.0,7.0,7.0,7.0
6.0,6.0,7.0,6.0,8.0,8.0,9.0,8.0,8.0,7.0,7.0,8.0,7.0,7.0,7.0,7.0,7.0,6.0,6.0,7.0,7.0,8.0,7.0,9.0,6.0,6.0,6.0,7.0,7.0,6.0,6.0,6.0,8.0
5.0,6.0,7.0,7.0,6.0,7.0,6.0,8.0,7.0,6.0,6.0,6.0,7.0,8.0,5.0,8.0,6.0,6.0,6.0,8.0,8.0,7.0,7.0,8.0,6.0,7.0,6.0,7.0,7.0,8.0,6.0,6.0,7.0
6.0,6.0,7.0,6.0,6.0,7.0,6.0,8.0,7.0,7.0,5.0,6.0,6.0,8.0,5.0,8.0,7.0,6.0,6.0,7.0,7.0,7.0,7.0,8.0,6.0,6.0,6.0,5.0,7.0,7.0,6.0,6.0,7.0
6.0,6.0,7.0,6.0,6.0,7.0,6.0,8.0,7.0,7.0,5.0,6.0,6.0,6.0,5.0,6.0,7.0,6.0,6.0,7.0,6.0,7.0,7.0,8.0,6.0,6.0,6.0,6.0,7.0,7.0,6.0,6.0,7.0
7.0,7.0,7.0,6.0,7.0,7.0,6.0,8.0,7.0,8.0,5.0,8.0,6.0,6.0,5.0,6.0,6.0,7.0,6.0,7.0,7.0,7.0,7.0,8.0,7.0,6.0,7.0,6.0,7.0,6.0,6.0,6.0,7.0
6.0,6.0,7.0,6.0,6.0,6.0,5.0,8.0,7.0,7.0,5.0,6.0,6.0,6.0,5.0,6.0,7.0,6.0,6.0,7.0,7.0,7.0,7.0,8.0,6.0,6.0,6.0,7.0,7.0,6.0,6.0,6.0,7.0
6.0,6.0,7.0,6.0,6.0,7.0,6.0,8.0,7.0,7.0,5.0,6.0,6.0,6.0,5.0,6.0,5.0,6.0,6.0,7.0,7.0,7.0,7.0,8.0,6.0,6.0,6.0,6.0,7.0,5.0,6.0,6.0,7.0
6.0,6.0,7.0,7.0,6.0,7.0,7.0,8.0,6.0,6.0,5.0,6.0,4.0,6.0,5.0,6.0,7.0,6.0,6.0,7.0,6.0,6.0,7.0,9.0,6.0,6.0,6.0,5.0,8.0,6.0,6.0,6.0,7.0
5.0,7.0,7.0,5.0,6.0,6.0,7.0,8.0,8.0,9.0,5.0,6.0,7.0,6.0,5.0,6.0,6.0,6.0,6.0,9.0,7.0,8.0,7.0,8.0,6.0,8.0,6.0,7.0,7.0,6.0,5.0,5.0,7.0
6.0,6.0,7.0,7.0,8.0,8.0,7.0,7.0,8.0,6.0,6.0,7.0,7.0,9.0,8.0,9.0,6.0,7.0,7.0,7.0,7.0,8.0,7.0,8.0,7.0,7.0,7.0,6.0,8.0,8.0,7.0,7.0,9.0
6.0,7.0,7.0,7.0,8.0,7.0,7.0,8.0,9.0,9.0,6.0,8.0,7.0,8.0,7.0,8.0,6.0,6.0,6.0,8.0,8.0,9.0,7.0,9.0,6.0,8.0,6.0,8.0,8.0,8.0,6.0,6.0,8.0
6.0,6.0,7.0,6.0,8.0,8.0,6.0,8.0,7.0,7.0,7.0,8.0,7.0,7.0,7.0,7.0,7.0,6.0,6.0,7.0,8.0,7.0,7.0,9.0,6.0,6.0,6.0,7.0,7.0,7.0,6.0,6.0,8.0
7.0,8.0,8.0,8.0,8.0,8.0,8.0,8.0,10.0,8.0,7.0,8.0,7.0,8.0,7.0,8.0,7.0,8.0,8.0,8.0,9.0,10.0,8.0,9.0,8.0,8.0,8.0,9.0,8.0,8.0,7.0,7.0,8.0
6.0,6.0,7.0,6.0,6.0,6.0,6.0,8.0,6.0,6.0,5.0,6.0,4.0,9.0,5.0,9.0,7.0,6.0,6.0,7.0,6.0,6.0,7.0,9.0,6.0,5.0,6.0,5.0,7.0,8.0,6.0,6.0,7.0
6.0,6.0,7.0,6.0,6.0,7.0,6.0,8.0,7.0,7.0,5.0,6.0,6.0,7.0,5.0,7.0,6.0,6.0,6.0,7.0,7.0,7.0,7.0,8.0,6.0,6.0,6.0,5.0,7.0,7.0,6.0,6.0,7.0
6.0,6.0,7.0,6.0,6.0,7.0,6.0,8.0,6.0,7.0,5.0,6.0,6.0,6.0,5.0,6.0,6.0,6.0,6.0,7.0,6.0,6.0,7.0,8.0,6.0,6.0,6.0,5.0,7.0,7.0,6.0,6.0,7.0
7.0,8.0,8.0,8.0,8.0,9.0,8.0,8.0,9.0,8.0,7.0,8.0,7.0,7.0,7.0,7.0,9.0,8.0,8.0,8.0,8.0,9.0,8.0,9.0,8.0,8.0,8.0,8.0,8.0,7.0,7.0,7.0,8.0
6.0,6.0,7.0,6.0,8.0,7.0,7.0,8.0,8.0,7.0,7.0,8.0,7.0,8.0,7.0,8.0,8.0,6.0,6.0,7.0,7.0,8.0,7.0,9.0,6.0,6.0,6.0,6.0,7.0,7.0,6.0,6.0,8.0
7.0,7.0,8.0,7.0,7.0,8.0,7.0,8.0,8.0,8.0,7.0,8.0,7.0,7.0,6.0,7.0,7.0,6.0,7.0,8.0,7.0,8.0,8.0,8.0,6.0,8.0,6.0,7.0,7.0,7.0,7.0,7.0,8.0
7.0,6.0,6.0,6.0,7.0,7.0,7.0,7.0,7.0,6.0,7.0,6.0,5.0,7.0,8.0,7.0,8.0,7.0,7.0,7.0,8.0,7.0,6.0,8.0,6.0,6.0,7.0,7.0,8.0,7.0,6.0,6.0,8.0
6.0,7.0,6.0,6.0,7.0,7.0,6.0,7.0,8.0,7.0,6.0,7.0,6.0,6.0,6.0,6.0,6.0,5.0,6.0,7.0,7.0,8.0,6.0,7.0,6.0,7.0,7.0,6.0,7.0,8.0,6.0,6.0,6.0
6.0,6.0,7.0,6.0,8.0,8.0,8.0,8.0,8.0,7.0,7.0,8.0,7.0,9.0,7.0,9.0,7.0,6.0,6.0,7.0,8.0,8.0,7.0,9.0,6.0,6.0,6.0,7.0,7.0,8.0,6.0,6.0,8.0
6.0,6.0,7.0,6.0,8.0,8.0,7.0,8.0,8.0,7.0,7.0,8.0,7.0,5.0,7.0,5.0,7.0,6.0,6.0,7.0,8.0,8.0,7.0,9.0,6.0,6.0,6.0,7.0,7.0,8.0,6.0,6.0,8.0
6.0,6.0,6.0,7.0,7.0,6.0,6.0,7.0,6.0,6.0,6.0,6.0,4.0,6.0,6.0,6.0,7.0,7.0,7.0,5.0,7.0,6.0,6.0,6.0,6.0,5.0,6.0,6.0,7.0,6.0,6.0,6.0,7.0
6.0,6.0,7.0,6.0,8.0,7.0,8.0,8.0,8.0,7.0,7.0,8.0,7.0,7.0,7.0,7.0,7.0,6.0,6.0,7.0,8.0,8.0,7.0,9.0,6.0,6.0,6.0,7.0,7.0,8.0,6.0,6.0,8.0
7.0,8.0,8.0,8.0,8.0,9.0,9.0,8.0,8.0,8.0,7.0,8.0,7.0,10.0,7.0,10.0,9.0,8.0,8.0,8.0,9.0,8.0,8.0,9.0,8.0,8.0,8.0,7.0,8.0,9.0,7.0,7.0,8.0
7.0,8.0,8.0,8.0,8.0,9.0,8.0,8.0,9.0,8.0,7.0,8.0,7.0,8.0,7.0,8.0,8.0,8.0,8.0,8.0,9.0,9.0,8.0,9.0,8.0,8.0,8.0,9.0,8.0,7.0,7.0,7.0,8.0
6.0,6.0,7.0,6.0,8.0,8.0,7.0,8.0,8.0,7.0,7.0,8.0,7.0,7.0,7.0,7.0,7.0,6.0,6.0,7.0,8.0,8.0,7.0,9.0,6.0,6.0,6.0,6.0,7.0,9.0,6.0,6.0,8.0
6.0,6.0,7.0,6.0,6.0,7.0,7.0,8.0,6.0,7.0,5.0,6.0,6.0,7.0,5.0,7.0,7.0,6.0,6.0,7.0,6.0,6.0,7.0,8.0,6.0,6.0,6.0,6.0,7.0,6.0,6.0,6.0,7.0
6.0,6.0,7.0,6.0,8.0,8.0,7.0,8.0,8.0,7.0,7.0,8.0,7.0,7.0,7.0,7.0,7.0,6.0,6.0,7.0,7.0,8.0,7.0,9.0,6.0,6.0,6.0,8.0,7.0,6.0,6.0,6.0,8.0
7.0,8.0,8.0,8.0,8.0,8.0,9.0,8.0,8.0,8.0,7.0,8.0,7.0,9.0,7.0,9.0,8.0,8.0,8.0,8.0,9.0,8.0,8.0,9.0,8.0,8.0,8.0,9.0,8.0,9.0,7.0,7.0,8.0
8.0,9.0,8.0,7.0,8.0,9.0,10.0,8.0,9.0,9.0,5.0,8.0,7.0,9.0,7.0,9.0,9.0,8.0,8.0,9.0,8.0,9.0,8.0,10.0,8.0,8.0,8.0,9.0,10.0,8.0,8.0,8.0,8.0
6.0,6.0,7.0,6.0,8.0,8.0,6.0,8.0,7.0,7.0,7.0,8.0,7.0,7.0,7.0,7.0,7.0,6.0,6.0,7.0,8.0,7.0,7.0,9.0,6.0,6.0,6.0,6.0,7.0,8.0,6.0,6.0,8.0
6.0,6.0,7.0,6.0,6.0,6.0,6.0,8.0,6.0,7.0,5.0,6.0,6.0,8.0,5.0,8.0,6.0,6.0,6.0,7.0,6.0,6.0,7.0,8.0,6.0,6.0,6.0,6.0,7.0,7.0,6.0,6.0,7.0
6.0,6.0,7.0,7.0,6.0,7.0,7.0,8.0,7.0,7.0,5.0,6.0,4.0,7.0,5.0,7.0,6.0,6.0,6.0,6.0,6.0,7.0,7.0,7.0,6.0,7.0,6.0,6.0,7.0,7.0,5.0,5.0,7.0
6.0,7.0,8.0,6.0,6.0,7.0,6.0,8.0,7.0,7.0,6.0,6.0,6.0,6.0,5.0,6.0,6.0,7.0,5.0,6.0,7.0,7.0,7.0,9.0,7.0,5.0,7.0,6.0,6.0,6.0,6.0,6.0,6.0
6.0,6.0,7.0,6.0,6.0,6.0,6.0,8.0,7.0,7.0,5.0,6.0,6.0,6.0,5.0,6.0,5.0,6.0,6.0,7.0,8.0,7.0,7.0,8.0,6.0,6.0,6.0,7.0,7.0,6.0,6.0,6.0,7.0
7.0,8.0,8.0,8.0,8.0,10.0,8.0,8.0,10.0,8.0,7.0,8.0,7.0,9.0,7.0,9.0,7.0,8.0,8.0,8.0,9.0,10.0,8.0,9.0,8.0,8.0,8.0,9.0,8.0,9.0,7.0,7.0,8.0
7.0,8.0,8.0,8.0,7.0,8.0,8.0,8.0,9.0,10.0,6.0,9.0,8.0,7.0,5.0,7.0,7.0,7.0,8.0,9.0,8.0,9.0,10.0,9.0,10.0,10.0,8.0,8.0,9.0,7.0,6.0,6.0,8.0
5.0,6.0,7.0,7.0,6.0,7.0,6.0,8.0,6.0,6.0,5.0,6.0,4.0,6.0,5.0,6.0,6.0,6.0,6.0,6.0,7.0,6.0,6.0,8.0,6.0,6.0,6.0,6.0,7.0,6.0,6.0,6.0,7.0
6.0,6.0,7.0,6.0,6.0,6.0,6.0,8.0,6.0,5.0,5.0,6.0,4.0,6.0,5.0,6.0,6.0,6.0,6.0,6.0,7.0,6.0,7.0,8.0,6.0,6.0,6.0,6.0,6.0,7.0,6.0,6.0,7.0
7.0,8.0,8.0,8.0,8.0,9.0,8.0,8.0,8.0,8.0,7.0,8.0,7.0,8.0,7.0,8.0,9.0,8.0,8.0,8.0,9.0,8.0,8.0,9.0,8.0,8.0,8.0,9.0,8.0,9.0,7.0,7.0,8.0
6.0,7.0,7.0,8.0,8.0,8.0,8.0,8.0,7.0,9.0,6.0,8.0,7.0,8.0,7.0,8.0,8.0,6.0,6.0,8.0,7.0,7.0,7.0,9.0,6.0,9.0,6.0,7.0,9.0,8.0,6.0,6.0,8.0
7.0,8.0,8.0,8.0,8.0,9.0,8.0,8.0,10.0,8.0,7.0,8.0,7.0,8.0,7.0,8.0,7.0,8.0,8.0,8.0,9.0,10.0,8.0,9.0,8.0,8.0,8.0,8.0,8.0,8.0,7.0,7.0,8.0
7.0,8.0,8.0,8.0,8.0,8.0,10.0,8.0,7.0,8.0,7.0,8.0,7.0,8.0,7.0,8.0,10.0,8.0,8.0,8.0,6.0,7.0,8.0,9.0,8.0,8.0,8.0,8.0,8.0,7.0,7.0,7.0,8.0
6.0,8.0,7.0,7.0,8.0,8.0,8.0,8.0,7.0,8.0,6.0,8.0,7.0,7.0,7.0,7.0,8.0,6.0,6.0,8.0,7.0,7.0,7.0,9.0,6.0,8.0,6.0,7.0,9.0,7.0,7.0,7.0,8.0
7.0,7.0,7.0,9.0,8.0,9.0,8.0,7.0,7.0,8.0,7.0,8.0,9.0,8.0,7.0,8.0,8.0,9.0,8.0,9.0,9.0,7.0,9.0,9.0,7.0,8.0,6.0,8.0,10.0,9.0,8.0,8.0,10.0
6.0,7.0,7.0,6.0,6.0,6.0,7.0,8.0,6.0,5.0,4.0,6.0,4.0,7.0,5.0,7.0,7.0,6.0,6.0,4.0,6.0,6.0,7.0,7.0,6.0,4.0,6.0,6.0,7.0,6.0,6.0,6.0,7.0
6.0,8.0,7.0,7.0,7.0,9.0,6.0,6.0,9.0,8.0,6.0,8.0,8.0,6.0,4.0,6.0,6.0,6.0,8.0,9.0,9.0,9.0,9.0,9.0,6.0,8.0,6.0,7.0,8.0,7.0,8.0,8.0,6.0
7.0,6.0,9.0,7.0,9.0,8.0,6.0,9.0,9.0,7.0,6.0,7.0,7.0,6.0,5.0,6.0,6.0,6.0,7.0,8.0,9.0,9.0,8.0,8.0,6.0,7.0,7.0,8.0,7.0,8.0,8.0,8.0,6.0
6.0,6.0,7.0,6.0,6.0,7.0,7.0,8.0,6.0,7.0,5.0,6.0,6.0,7.0,5.0,7.0,6.0,6.0,6.0,7.0,8.0,6.0,7.0,8.0,6.0,6.0,6.0,6.0,7.0,7.0,6.0,6.0,7.0
6.0,6.0,6.0,8.0,7.0,8.0,8.0,7.0,6.0,7.0,6.0,8.0,6.0,8.0,7.0,8.0,8.0,7.0,7.0,7.0,6.0,6.0,8.0,10.0,8.0,8.0,6.0,7.0,8.0,8.0,6.0,6.0,9.0
8.0,10.0,9.0,9.0,7.0,10.0,8.0,10.0,9.0,10.0,7.0,9.0,8.0,8.0,6.0,8.0,7.0,8.0,9.0,10.0,8.0,9.0,10.0,10.0,10.0,10.0,7.0,9.0,8.0,8.0,7.0,7.0,8.0
6.0,6.0,7.0,8.0,8.0,8.0,6.0,8.0,8.0,7.0,6.0,8.0,7.0,7.0,7.0,7.0,6.0,6.0,6.0,8.0,8.0,8.0,7.0,9.0,6.0,6.0,6.0,6.0,8.0,7.0,8.0,8.0,8.0
6.0,6.0,7.0,6.0,6.0,7.0,7.0,8.0,8.0,7.0,5.0,6.0,6.0,8.0,5.0,8.0,5.0,6.0,6.0,7.0,7.0,8.0,7.0,8.0,6.0,6.0,6.0,6.0,7.0,7.0,6.0,6.0,7.0
6.0,6.0,7.0,7.0,8.0,8.0,6.0,7.0,7.0,5.0,7.0,6.0,7.0,7.0,9.0,7.0,7.0,7.0,8.0,6.0,8.0,7.0,6.0,7.0,6.0,7.0,6.0,6.0,7.0,8.0,7.0,7.0,8.0
7.0,8.0,8.0,8.0,8.0,10.0,9.0,8.0,8.0,8.0,7.0,8.0,7.0,8.0,7.0,8.0,8.0,8.0,8.0,8.0,9.0,8.0,8.0,9.0,8.0,8.0,8.0,8.0,8.0,8.0,7.0,7.0,8.0
7.0,7.0,7.0,5.0,6.0,7.0,6.0,8.0,6.0,8.0,5.0,6.0,4.0,6.0,5.0,6.0,6.0,6.0,6.0,6.0,7.0,6.0,7.0,8.0,6.0,6.0,6.0,7.0,7.0,5.0,6.0,6.0,7.0
8.0,6.0,7.0,7.0,8.0,7.0,8.0,8.0,8.0,8.0,6.0,8.0,6.0,8.0,7.0,8.0,8.0,6.0,6.0,7.0,8.0,8.0,7.0,9.0,6.0,6.0,6.0,7.0,8.0,8.0,7.0,7.0,8.0
6.0,6.0,7.0,6.0,6.0,7.0,6.0,8.0,7.0,7.0,5.0,6.0,6.0,6.0,5.0,6.0,6.0,6.0,6.0,7.0,6.0,7.0,7.0,8.0,6.0,6.0,6.0,6.0,7.0,5.0,6.0,6.0,7.0
6.0,6.0,7.0,6.0,8.0,7.0,8.0,8.0,7.0,7.0,7.0,8.0,7.0,7.0,7.0,7.0,8.0,6.0,6.0,7.0,7.0,7.0,7.0,9.0,6.0,6.0,6.0,7.0,7.0,8.0,6.0,6.0,8.0
6.0,6.0,7.0,7.0,9.0,7.0,7.0,8.0,8.0,6.0,6.0,6.0,6.0,8.0,8.0,8.0,7.0,8.0,6.0,6.0,7.0,8.0,6.0,7.0,6.0,6.0,8.0,6.0,8.0,9.0,6.0,6.0,9.0
6.0,6.0,8.0,6.0,7.0,7.0,6.0,8.0,8.0,7.0,5.0,7.0,6.0,7.0,5.0,7.0,6.0,7.0,6.0,7.0,7.0,8.0,7.0,8.0,7.0,7.0,7.0,7.0,7.0,7.0,6.0,6.0,7.0
8.0,9.0,8.0,7.0,8.0,9.0,8.0,8.0,8.0,8.0,7.0,8.0,6.0,8.0,7.0,8.0,8.0,8.0,8.0,8.0,8.0,8.0,8.0,9.0,8.0,7.0,8.0,8.0,10.0,9.0,6.0,6.0,8.0
6.0,6.0,7.0,6.0,6.0,6.0,6.0,8.0,6.0,7.0,5.0,6.0,6.0,6.0,5.0,6.0,6.0,6.0,6.0,7.0,6.0,6.0,7.0,8.0,6.0,6.0,6.0,6.0,7.0,6.0,6.0,6.0,7.0
6.0,6.0,7.0,6.0,8.0,7.0,6.0,8.0,9.0,7.0,7.0,8.0,7.0,6.0,7.0,6.0,6.0,6.0,6.0,7.0,8.0,9.0,7.0,9.0,6.0,6.0,6.0,8.0,7.0,7.0,6.0,6.0,8.0
7.0,8.0,8.0,8.0,8.0,9.0,7.0,8.0,8.0,8.0,7.0,8.0,7.0,8.0,7.0,8.0,7.0,8.0,8.0,8.0,9.0,8.0,8.0,9.0,8.0,8.0,8.0,8.0,8.0,9.0,7.0,7.0,8.0
9.0,9.0,8.0,8.0,8.0,8.0,9.0,8.0,10.0,8.0,7.0,8.0,8.0,8.0,7.0,8.0,7.0,8.0,8.0,9.0,10.0,10.0,8.0,10.0,8.0,8.0,8.0,9.0,7.0,9.0,8.0,8.0,8.0
6.0,6.0,7.0,6.0,8.0,8.0,8.0,8.0,7.0,7.0,7.0,8.0,7.0,7.0,7.0,7.0,7.0,6.0,6.0,7.0,7.0,7.0,7.0,9.0,6.0,6.0,6.0,7.0,7.0,7.0,6.0,6.0,8.0
7.0,9.0,7.0,7.0,8.0,8.0,8.0,8.0,8.0,9.0,6.0,8.0,6.0,6.0,4.0,6.0,7.0,7.0,8.0,8.0,8.0,8.0,9.0,9.0,8.0,6.0,7.0,7.0,8.0,7.0,7.0,7.0,7.0
7.0,9.0,8.0,9.0,9.0,9.0,8.0,9.0,9.0,10.0,8.0,9.0,9.0,7.0,7.0,7.0,7.0,8.0,9.0,10.0,9.0,9.0,10.0,9.0,8.0,10.0,7.0,9.0,9.0,9.0,9.0,9.0,8.0
6.0,6.0,7.0,6.0,6.0,7.0,6.0,8.0,9.0,8.0,6.0,6.0,7.0,6.0,5.0,6.0,4.0,6.0,7.0,9.0,7.0,9.0,9.0,8.0,6.0,8.0,6.0,8.0,8.0,7.0,6.0,6.0,6.0
6.0,8.0,7.0,7.0,7.0,8.0,8.0,8.0,7.0,7.0,6.0,6.0,6.0,9.0,7.0,9.0,9.0,7.0,7.0,7.0,7.0,7.0,7.0,9.0,7.0,7.0,8.0,7.0,8.0,8.0,6.0,6.0,8.0
6.0,6.0,7.0,6.0,6.0,6.0,7.0,8.0,8.0,7.0,5.0,6.0,6.0,6.0,5.0,6.0,6.0,6.0,6.0,7.0,7.0,8.0,7.0,8.0,6.0,6.0,6.0,6.0,7.0,8.0,6.0,6.0,7.0
6.0,6.0,7.0,6.0,8.0,8.0,8.0,8.0,7.0,7.0,7.0,8.0,7.0,7.0,7.0,7.0,8.0,6.0,6.0,7.0,7.0,7.0,7.0,9.0,6.0,6.0,6.0,6.0,7.0,8.0,6.0,6.0,8.0
7.0,8.0,7.0,8.0,6.0,8.0,7.0,7.0,9.0,8.0,7.0,8.0,7.0,9.0,7.0,9.0,8.0,7.0,8.0,9.0,7.0,9.0,8.0,9.0,8.0,8.0,6.0,8.0,8.0,7.0,7.0,7.0,8.0
7.0,7.0,7.0,7.0,7.0,6.0,8.0,8.0,7.0,7.0,5.0,6.0,5.0,7.0,6.0,7.0,6.0,7.0,6.0,6.0,7.0,7.0,6.0,10.0,8.0,7.0,8.0,7.0,6.0,7.0,6.0,6.0,7.0
8.0,10.0,8.0,8.0,8.0,9.0,8.0,9.0,9.0,9.0,7.0,9.0,7.0,8.0,8.0,8.0,8.0,7.0,8.0,9.0,9.0,9.0,10.0,9.0,9.0,10.0,9.0,8.0,10.0,7.0,8.0,8.0,9.0
9.0,10.0,8.0,8.0,8.0,9.0,9.0,8.0,9.0,10.0,7.0,8.0,7.0,8.0,7.0,8.0,8.0,8.0,8.0,10.0,9.0,9.0,8.0,10.0,8.0,9.0,8.0,8.0,9.0,8.0,7.0,7.0,8.0
6.0,6.0,7.0,6.0,8.0,7.0,6.0,8.0,8.0,7.0,7.0,8.0,7.0,7.0,7.0,7.0,7.0,6.0,6.0,7.0,8.0,8.0,7.0,9.0,6.0,6.0,6.0,7.0,7.0,7.0,6.0,6.0,8.0
6.0,7.0,7.0,6.0,6.0,6.0,7.0,8.0,6.0,7.0,5.0,6.0,4.0,6.0,5.0,6.0,7.0,6.0,6.0,7.0,5.0,6.0,7.0,8.0,6.0,5.0,6.0,5.0,7.0,5.0,6.0,6.0,7.0
6.0,6.0,7.0,6.0,8.0,8.0,6.0,8.0,8.0,7.0,7.0,8.0,7.0,7.0,7.0,7.0,7.0,6.0,6.0,7.0,9.0,8.0,7.0,9.0,6.0,6.0,6.0,7.0,7.0,9.0,6.0,6.0,8.0
8.0,7.0,8.0,8.0,8.0,9.0,7.0,8.0,9.0,7.0,8.0,8.0,8.0,8.0,7.0,8.0,7.0,8.0,8.0,8.0,10.0,9.0,8.0,9.0,8.0,8.0,8.0,8.0,10.0,10.0,8.0,8.0,8.0
6.0,6.0,7.0,6.0,8.0,8.0,8.0,8.0,8.0,7.0,7.0,8.0,7.0,7.0,7.0,7.0,7.0,6.0,6.0,7.0,8.0,8.0,7.0,9.0,6.0,6.0,6.0,6.0,7.0,8.0,6.0,6.0,8.0
9.0,9.0,9.0,8.0,7.0,9.0,9.0,10.0,9.0,10.0,7.0,7.0,7.0,9.0,7.0,9.0,9.0,8.0,7.0,7.0,8.0,9.0,8.0,10.0,9.0,7.0,9.0,8.0,9.0,8.0,7.0,7.0,9.0
6.0,6.0,7.0,6.0,5.0,7.0,6.0,8.0,6.0,7.0,6.0,6.0,5.0,7.0,4.0,7.0,6.0,7.0,6.0,7.0,7.0,6.0,6.0,8.0,7.0,6.0,7.0,6.0,7.0,6.0,6.0,6.0,7.0
5.0,6.0,7.0,7.0,6.0,6.0,6.0,8.0,8.0,6.0,6.0,6.0,7.0,6.0,5.0,6.0,6.0,6.0,8.0,7.0,6.0,8.0,9.0,7.0,6.0,8.0,6.0,6.0,7.0,7.0,7.0,7.0,7.0
6.0,8.0,7.0,6.0,5.0,7.0,7.0,7.0,7.0,7.0,6.0,7.0,6.0,6.0,4.0,6.0,6.0,5.0,6.0,7.0,7.0,7.0,8.0,8.0,6.0,7.0,5.0,7.0,6.0,6.0,6.0,6.0,6.0
6.0,6.0,7.0,6.0,8.0,7.0,7.0,8.0,9.0,7.0,7.0,8.0,7.0,8.0,7.0,8.0,6.0,6.0,6.0,7.0,9.0,9.0,7.0,9.0,6.0,6.0,6.0,7.0,7.0,7.0,6.0,6.0,8.0
6.0,6.0,7.0,6.0,8.0,8.0,8.0,8.0,8.0,7.0,7.0,8.0,7.0,7.0,7.0,7.0,7.0,6.0,6.0,7.0,7.0,8.0,7.0,9.0,6.0,6.0,6.0,7.0,7.0,8.0,6.0,6.0,8.0
6.0,6.0,6.0,7.0,7.0,7.0,8.0,7.0,8.0,6.0,6.0,7.0,6.0,9.0,7.0,9.0,7.0,8.0,8.0,6.0,8.0,8.0,7.0,8.0,6.0,7.0,7.0,7.0,9.0,8.0,6.0,6.0,9.0
6.0,6.0,7.0,6.0,8.0,7.0,7.0,8.0,8.0,7.0,7.0,8.0,7.0,9.0,7.0,9.0,8.0,6.0,6.0,7.0,8.0,8.0,7.0,9.0,6.0,6.0,6.0,7.0,7.0,9.0,6.0,6.0,8.0
6.0,6.0,7.0,6.0,6.0,7.0,6.0,8.0,8.0,7.0,5.0,6.0,6.0,6.0,5.0,6.0,5.0,6.0,6.0,7.0,8.0,8.0,7.0,8.0,6.0,6.0,6.0,7.0,7.0,7.0,6.0,6.0,7.0
6.0,6.0,7.0,6.0,8.0,7.0,9.0,8.0,7.0,7.0,7.0,8.0,7.0,9.0,7.0,9.0,8.0,6.0,6.0,7.0,8.0,7.0,7.0,9.0,6.0,6.0,6.0,6.0,7.0,7.0,6.0,6.0,8.0
6.0,6.0,7.0,6.0,6.0,7.0,7.0,8.0,5.0,7.0,5.0,6.0,6.0,6.0,5.0,6.0,7.0,6.0,6.0,7.0,6.0,5.0,7.0,8.0,6.0,6.0,6.0,6.0,7.0,6.0,6.0,6.0,7.0
7.0,8.0,10.0,8.0,10.0,8.0,8.0,10.0,10.0,9.0,8.0,9.0,9.0,9.0,9.0,9.0,7.0,8.0,7.0,10.0,10.0,10.0,9.0,10.0,9.0,8.0,10.0,9.0,8.0,10.0,8.0,8.0,8.0
9.0,9.0,10.0,8.0,10.0,8.0,8.0,10.0,10.0,9.0,6.0,9.0,8.0,8.0,7.0,8.0,8.0,10.0,8.0,9.0,10.0,10.0,9.0,10.0,9.0,8.0,9.0,9.0,8.0,8.0,7.0,7.0,9.0
7.0,9.0,8.0,8.0,8.0,8.0,8.0,9.0,9.0,10.0,7.0,10.0,9.0,8.0,6.0,8.0,8.0,8.0,9.0,10.0,8.0,9.0,9.0,10.0,9.0,10.0,9.0,9.0,10.0,8.0,9.0,9.0,9.0
7.0,9.0,7.0,8.0,7.0,9.0,7.0,9.0,8.0,10.0,6.0,9.0,7.0,7.0,4.0,7.0,7.0,7.0,7.0,8.0,7.0,8.0,9.0,10.0,8.0,9.0,8.0,7.0,8.0,7.0,7.0,7.0,8.0
7.0,8.0,8.0,8.0,8.0,9.0,9.0,8.0,9.0,8.0,7.0,8.0,7.0,8.0,7.0,8.0,8.0,8.0,8.0,8.0,8.0,9.0,8.0,9.0,8.0,8.0,8.0,9.0,8.0,8.0,7.0,7.0,8.0
7.0,7.0,9.0,7.0,9.0,7.0,6.0,9.0,10.0,8.0,7.0,7.0,8.0,7.0,7.0,7.0,6.0,6.0,7.0,8.0,9.0,10.0,8.0,8.0,7.0,9.0,8.0,7.0,8.0,9.0,8.0,8.0,8.0
6.0,6.0,7.0,6.0,6.0,7.0,6.0,8.0,7.0,7.0,5.0,6.0,6.0,5.0,5.0,5.0,5.0,6.0,6.0,7.0,7.0,7.0,7.0,8.0,6.0,6.0,6.0,7.0,7.0,6.0,6.0,6.0,7.0
6.0,6.0,7.0,6.0,8.0,8.0,8.0,8.0,9.0,7.0,7.0,8.0,7.0,8.0,7.0,8.0,7.0,6.0,6.0,7.0,7.0,9.0,7.0,9.0,6.0,6.0,6.0,8.0,7.0,7.0,6.0,6.0,8.0
6.0,6.0,7.0,6.0,8.0,8.0,6.0,8.0,7.0,7.0,7.0,8.0,7.0,7.0,7.0,7.0,6.0,6.0,6.0,7.0,7.0,7.0,7.0,9.0,6.0,6.0,6.0,5.0,7.0,7.0,6.0,6.0,8.0
6.0,8.0,7.0,8.0,9.0,9.0,8.0,7.0,9.0,8.0,7.0,8.0,8.0,8.0,8.0,8.0,8.0,7.0,9.0,9.0,9.0,9.0,9.0,8.0,7.0,10.0,6.0,8.0,10.0,9.0,8.0,8.0,8.0
6.0,6.0,7.0,7.0,8.0,7.0,7.0,9.0,7.0,6.0,6.0,7.0,5.0,8.0,7.0,8.0,7.0,7.0,6.0,7.0,8.0,7.0,6.0,9.0,7.0,6.0,8.0,6.0,6.0,7.0,6.0,6.0,7.0
6.0,6.0,7.0,6.0,8.0,7.0,8.0,8.0,7.0,7.0,7.0,8.0,7.0,7.0,7.0,7.0,9.0,6.0,6.0,7.0,7.0,7.0,7.0,9.0,6.0,6.0,6.0,6.0,7.0,7.0,6.0,6.0,8.0
6.0,6.0,7.0,5.0,6.0,6.0,4.0,8.0,8.0,7.0,6.0,6.0,6.0,5.0,5.0,5.0,4.0,6.0,6.0,7.0,8.0,8.0,7.0,7.0,6.0,8.0,6.0,6.0,5.0,6.0,7.0,7.0,7.0
8.0,7.0,7.0,8.0,8.0,8.0,8.0,8.0,7.0,7.0,7.0,6.0,6.0,8.0,9.0,8.0,8.0,8.0,8.0,7.0,8.0,7.0,7.0,8.0,8.0,7.0,7.0,7.0,10.0,9.0,8.0,8.0,10.0
7.0,8.0,8.0,8.0,8.0,9.0,10.0,8.0,8.0,8.0,7.0,8.0,7.0,8.0,7.0,8.0,8.0,8.0,8.0,8.0,8.0,8.0,8.0,9.0,8.0,8.0,8.0,9.0,8.0,8.0,7.0,7.0,8.0
6.0,6.0,7.0,6.0,8.0,9.0,7.0,8.0,7.0,7.0,7.0,8.0,7.0,6.0,7.0,6.0,7.0,6.0,6.0,7.0,8.0,7.0,7.0,9.0,6.0,6.0,6.0,7.0,7.0,6.0,6.0,6.0,8.0
6.0,6.0,7.0,6.0,8.0,8.0,8.0,8.0,7.0,7.0,7.0,8.0,7.0,7.0,7.0,7.0,7.0,6.0,6.0,7.0,6.0,7.0,7.0,9.0,6.0,6.0,6.0,7.0,7.0,6.0,6.0,6.0,8.0
7.0,7.0,7.0,7.0,6.0,7.0,6.0,8.0,7.0,7.0,5.0,6.0,4.0,6.0,5.0,6.0,7.0,6.0,6.0,5.0,6.0,7.0,7.0,9.0,6.0,6.0,6.0,6.0,7.0,5.0,5.0,5.0,7.0
7.0,8.0,8.0,8.0,8.0,9.0,10.0,8.0,8.0,8.0,7.0,8.0,7.0,8.0,7.0,8.0,10.0,8.0,8.0,8.0,7.0,8.0,8.0,9.0,8.0,8.0,8.0,7.0,8.0,8.0,7.0,7.0,8.0
7.0,8.0,8.0,8.0,8.0,9.0,9.0,8.0,8.0,8.0,7.0,8.0,7.0,8.0,7.0,8.0,10.0,8.0,8.0,8.0,8.0,8.0,8.0,9.0,8.0,8.0,8.0,7.0,8.0,9.0,7.0,7.0,8.0
6.0,7.0,7.0,7.0,6.0,6.0,6.0,8.0,8.0,7.0,5.0,6.0,5.0,4.0,5.0,4.0,5.0,6.0,6.0,7.0,7.0,8.0,7.0,8.0,6.0,6.0,6.0,6.0,7.0,6.0,5.0,5.0,7.0
6.0,6.0,7.0,9.0,8.0,7.0,7.0,7.0,8.0,7.0,6.0,7.0,8.0,8.0,8.0,8.0,7.0,7.0,8.0,8.0,8.0,8.0,8.0,7.0,7.0,9.0,7.0,7.0,7.0,9.0,8.0,8.0,8.0
7.0,8.0,8.0,8.0,8.0,8.0,7.0,8.0,9.0,8.0,7.0,8.0,7.0,7.0,7.0,7.0,8.0,8.0,8.0,8.0,9.0,9.0,8.0,9.0,8.0,8.0,8.0,8.0,8.0,7.0,7.0,7.0,8.0
6.0,6.0,7.0,6.0,6.0,8.0,6.0,8.0,8.0,7.0,5.0,6.0,9.0,6.0,5.0,6.0,5.0,6.0,6.0,9.0,7.0,8.0,7.0,7.0,6.0,9.0,6.0,7.0,7.0,6.0,6.0,6.0,7.0
7.0,6.0,8.0,8.0,10.0,9.0,8.0,8.0,9.0,7.0,7.0,8.0,7.0,9.0,10.0,9.0,8.0,9.0,9.0,7.0,10.0,9.0,8.0,8.0,6.0,8.0,7.0,7.0,9.0,10.0,9.0,9.0,9.0
8.0,9.0,8.0,8.0,9.0,10.0,8.0,9.0,9.0,10.0,7.0,10.0,8.0,8.0,6.0,8.0,9.0,8.0,8.0,10.0,9.0,9.0,10.0,10.0,9.0,9.0,8.0,9.0,9.0,8.0,8.0,8.0,8.0
6.0,6.0,7.0,6.0,8.0,8.0,9.0,8.0,7.0,7.0,7.0,8.0,7.0,8.0,7.0,8.0,8.0,6.0,6.0,7.0,6.0,7.0,7.0,9.0,6.0,6.0,6.0,6.0,7.0,7.0,6.0,6.0,8.0
7.0,8.0,8.0,8.0,8.0,8.0,8.0,8.0,8.0,8.0,7.0,8.0,7.0,8.0,7.0,8.0,8.0,8.0,8.0,8.0,9.0,8.0,8.0,9.0,8.0,8.0,8.0,6.0,8.0,9.0,7.0,7.0,8.0
6.0,6.0,7.0,6.0,8.0,8.0,7.0,8.0,8.0,7.0,7.0,8.0,7.0,7.0,7.0,7.0,7.0,6.0,6.0,7.0,9.0,8.0,7.0,9.0,6.0,6.0,6.0,6.0,7.0,8.0,6.0,6.0,8.0
6.0,6.0,7.0,6.0,6.0,6.0,6.0,8.0,7.0,7.0,5.0,6.0,6.0,6.0,5.0,6.0,7.0,6.0,6.0,7.0,7.0,7.0,7.0,8.0,6.0,6.0,6.0,6.0,7.0,6.0,6.0,6.0,7.0
6.0,6.0,7.0,6.0,6.0,7.0,4.0,8.0,8.0,7.0,5.0,6.0,6.0,6.0,5.0,6.0,5.0,6.0,6.0,7.0,7.0,8.0,7.0,8.0,6.0,6.0,6.0,6.0,7.0,7.0,6.0,6.0,7.0
6.0,6.0,7.0,6.0,6.0,6.0,7.0,8.0,8.0,7.0,5.0,6.0,6.0,8.0,5.0,8.0,6.0,6.0,6.0,7.0,7.0,8.0,7.0,8.0,6.0,6.0,6.0,5.0,7.0,7.0,6.0,6.0,7.0
6.0,6.0,7.0,6.0,6.0,6.0,6.0,8.0,7.0,7.0,5.0,6.0,6.0,7.0,5.0,7.0,7.0,6.0,6.0,7.0,7.0,7.0,7.0,8.0,6.0,6.0,6.0,6.0,7.0,8.0,6.0,6.0,7.0
6.0,8.0,7.0,7.0,8.0,8.0,8.0,8.0,6.0,7.0,5.0,8.0,6.0,7.0,7.0,7.0,9.0,6.0,6.0,7.0,6.0,6.0,7.0,10.0,6.0,6.0,6.0,6.0,8.0,7.0,6.0,6.0,8.0
8.0,6.0,7.0,7.0,8.0,8.0,7.0,8.0,8.0,6.0,6.0,8.0,6.0,8.0,7.0,8.0,7.0,6.0,6.0,7.0,8.0,8.0,7.0,9.0,6.0,7.0,6.0,6.0,8.0,8.0,7.0,7.0,8.0
7.0,6.0,7.0,6.0,6.0,6.0,6.0,8.0,6.0,6.0,4.0,6.0,3.0,8.0,5.0,8.0,8.0,6.0,6.0,7.0,7.0,6.0,7.0,9.0,6.0,4.0,6.0,5.0,7.0,6.0,6.0,6.0,7.0
9.0,8.0,9.0,8.0,10.0,9.0,8.0,10.0,10.0,9.0,7.0,9.0,8.0,7.0,7.0,7.0,7.0,8.0,7.0,9.0,10.0,10.0,9.0,10.0,9.0,9.0,9.0,9.0,9.0,9.0,9.0,9.0,7.0
6.0,6.0,7.0,6.0,8.0,8.0,5.0,8.0,8.0,7.0,7.0,8.0,7.0,6.0,7.0,6.0,7.0,6.0,6.0,7.0,7.0,8.0,7.0,9.0,6.0,6.0,6.0,6.0,7.0,7.0,6.0,6.0,8.0
6.0,6.0,7.0,6.0,8.0,9.0,8.0,8.0,8.0,7.0,7.0,8.0,7.0,8.0,7.0,8.0,7.0,6.0,6.0,7.0,8.0,8.0,7.0,9.0,6.0,6.0,6.0,6.0,7.0,8.0,6.0,6.0,8.0
7.0,7.0,7.0,7.0,8.0,8.0,6.0,8.0,8.0,8.0,6.0,8.0,8.0,6.0,7.0,6.0,6.0,6.0,6.0,8.0,8.0,8.0,7.0,9.0,6.0,9.0,6.0,7.0,7.0,8.0,8.0,8.0,8.0
5.0,7.0,7.0,7.0,6.0,7.0,7.0,8.0,5.0,6.0,5.0,6.0,4.0,7.0,5.0,7.0,7.0,6.0,6.0,5.0,6.0,5.0,7.0,8.0,6.0,5.0,6.0,6.0,7.0,6.0,5.0,5.0,7.0
7.0,8.0,7.0,8.0,8.0,7.0,7.0,8.0,8.0,7.0,7.0,8.0,7.0,7.0,7.0,7.0,7.0,6.0,6.0,7.0,7.0,8.0,7.0,8.0,6.0,7.0,6.0,7.0,8.0,8.0,6.0,6.0,8.0
8.0,8.0,7.0,8.0,8.0,9.0,8.0,8.0,7.0,8.0,7.0,8.0,6.0,8.0,7.0,8.0,9.0,7.0,8.0,8.0,9.0,7.0,8.0,10.0,8.0,8.0,8.0,8.0,8.0,7.0,7.0,7.0,9.0
6.0,6.0,7.0,6.0,6.0,6.0,7.0,8.0,6.0,7.0,5.0,6.0,6.0,6.0,5.0,6.0,7.0,6.0,6.0,7.0,7.0,6.0,7.0,8.0,6.0,6.0,6.0,6.0,7.0,6.0,6.0,6.0,7.0
6.0,7.0,7.0,7.0,7.0,7.0,7.0,9.0,7.0,7.0,5.0,7.0,6.0,7.0,6.0,7.0,7.0,6.0,6.0,8.0,6.0,7.0,7.0,8.0,8.0,7.0,7.0,6.0,6.0,6.0,6.0,6.0,7.0
7.0,8.0,8.0,8.0,8.0,9.0,8.0,8.0,10.0,8.0,7.0,8.0,7.0,8.0,7.0,8.0,8.0,8.0,8.0,8.0,8.0,10.0,8.0,9.0,8.0,8.0,8.0,8.0,8.0,9.0,7.0,7.0,8.0
6.0,8.0,7.0,7.0,7.0,8.0,7.0,8.0,7.0,7.0,6.0,7.0,6.0,7.0,7.0,7.0,7.0,6.0,7.0,8.0,7.0,7.0,7.0,8.0,7.0,6.0,6.0,6.0,8.0,7.0,6.0,6.0,9.0
6.0,6.0,7.0,6.0,8.0,7.0,8.0,8.0,9.0,7.0,7.0,8.0,7.0,8.0,7.0,8.0,6.0,6.0,6.0,7.0,8.0,9.0,7.0,9.0,6.0,6.0,6.0,7.0,7.0,7.0,6.0,6.0,8.0
6.0,6.0,7.0,6.0,6.0,7.0,6.0,8.0,7.0,7.0,5.0,6.0,6.0,6.0,5.0,6.0,8.0,6.0,6.0,7.0,6.0,7.0,7.0,8.0,6.0,6.0,6.0,6.0,7.0,6.0,6.0,6.0,7.0
6.0,6.0,7.0,6.0,6.0,7.0,6.0,8.0,7.0,7.0,5.0,6.0,6.0,6.0,5.0,6.0,5.0,6.0,6.0,7.0,6.0,7.0,7.0,8.0,6.0,6.0,6.0,7.0,7.0,6.0,6.0,6.0,7.0
7.0,7.0,7.0,7.0,8.0,8.0,7.0,9.0,7.0,6.0,6.0,7.0,6.0,9.0,7.0,9.0,9.0,8.0,6.0,6.0,8.0,7.0,6.0,9.0,7.0,6.0,8.0,6.0,7.0,7.0,6.0,6.0,9.0
8.0,8.0,8.0,9.0,8.0,8.0,9.0,8.0,7.0,8.0,7.0,8.0,7.0,9.0,7.0,9.0,10.0,8.0,8.0,7.0,8.0,7.0,8.0,10.0,8.0,7.0,8.0,7.0,10.0,8.0,6.0,6.0,8.0
6.0,7.0,7.0,6.0,7.0,7.0,6.0,9.0,7.0,6.0,6.0,9.0,6.0,7.0,6.0,7.0,7.0,7.0,6.0,7.0,7.0,7.0,7.0,9.0,7.0,6.0,8.0,7.0,7.0,7.0,6.0,6.0,8.0
6.0,6.0,7.0,6.0,8.0,7.0,7.0,8.0,9.0,7.0,7.0,8.0,7.0,7.0,7.0,7.0,5.0,6.0,6.0,7.0,8.0,9.0,7.0,9.0,6.0,6.0,6.0,8.0,7.0,8.0,6.0,6.0,8.0
9.0,9.0,8.0,8.0,6.0,9.0,8.0,8.0,8.0,10.0,7.0,9.0,7.0,8.0,5.0,8.0,9.0,10.0,7.0,9.0,8.0,8.0,9.0,10.0,9.0,8.0,7.0,8.0,10.0,8.0,7.0,7.0,8.0
7.0,6.0,7.0,6.0,6.0,6.0,6.0,8.0,8.0,6.0,5.0,6.0,6.0,7.0,5.0,7.0,6.0,6.0,6.0,6.0,8.0,8.0,7.0,8.0,6.0,6.0,6.0,6.0,6.0,7.0,5.0,5.0,7.0
5.0,6.0,7.0,5.0,6.0,6.0,6.0,8.0,6.0,5.0,5.0,6.0,5.0,6.0,5.0,6.0,6.0,6.0,6.0,7.0,8.0,6.0,7.0,7.0,6.0,5.0,6.0,5.0,6.0,7.0,6.0,6.0,7.0
7.0,7.0,8.0,9.0,8.0,9.0,9.0,8.0,9.0,8.0,7.0,8.0,8.0,10.0,7.0,10.0,8.0,8.0,8.0,9.0,10.0,9.0,8.0,9.0,8.0,9.0,8.0,8.0,9.0,10.0,8.0,8.0,8.0
6.0,6.0,7.0,6.0,8.0,7.0,7.0,8.0,7.0,7.0,7.0,8.0,7.0,7.0,7.0,7.0,8.0,6.0,6.0,7.0,7.0,7.0,7.0,9.0,6.0,6.0,6.0,7.0,7.0,8.0,6.0,6.0,8.0
8.0,9.0,10.0,8.0,9.0,10.0,7.0,10.0,9.0,10.0,9.0,9.0,7.0,8.0,7.0,8.0,8.0,8.0,7.0,9.0,9.0,9.0,8.0,10.0,9.0,9.0,8.0,8.0,8.0,8.0,7.0,7.0,9.0
7.0,9.0,7.0,7.0,8.0,8.0,8.0,8.0,8.0,8.0,5.0,8.0,6.0,8.0,7.0,8.0,8.0,6.0,6.0,7.0,6.0,8.0,7.0,9.0,6.0,6.0,6.0,7.0,7.0,7.0,6.0,6.0,8.0
6.0,5.0,7.0,7.0,6.0,6.0,6.0,8.0,8.0,6.0,6.0,6.0,7.0,7.0,5.0,7.0,7.0,6.0,6.0,7.0,8.0,8.0,7.0,7.0,6.0,7.0,6.0,7.0,8.0,8.0,7.0,7.0,7.0
5.0,6.0,7.0,7.0,6.0,7.0,7.0,8.0,6.0,6.0,5.0,6.0,6.0,8.0,5.0,8.0,7.0,6.0,6.0,6.0,7.0,6.0,7.0,7.0,6.0,6.0,6.0,6.0,8.0,7.0,6.0,6.0,7.0
8.0,8.0,8.0,8.0,8.0,8.0,9.0,8.0,8.0,10.0,6.0,8.0,7.0,9.0,7.0,9.0,9.0,8.0,8.0,8.0,8.0,8.0,8.0,10.0,8.0,8.0,8.0,7.0,10.0,8.0,7.0,7.0,8.0
6.0,6.0,8.0,7.0,8.0,8.0,7.0,8.0,7.0,7.0,7.0,8.0,7.0,7.0,7.0,7.0,7.0,7.0,7.0,7.0,8.0,7.0,7.0,9.0,7.0,7.0,7.0,7.0,9.0,8.0,7.0,7.0,8.0
6.0,6.0,7.0,6.0,6.0,5.0,7.0,8.0,8.0,7.0,5.0,6.0,6.0,6.0,5.0,6.0,6.0,6.0,6.0,7.0,7.0,8.0,7.0,8.0,6.0,6.0,6.0,6.0,7.0,8.0,6.0,6.0,7.0
7.0,8.0,9.0,8.0,9.0,10.0,10.0,10.0,9.0,10.0,8.0,9.0,9.0,8.0,6.0,8.0,9.0,9.0,8.0,10.0,8.0,9.0,10.0,10.0,8.0,10.0,9.0,9.0,9.0,8.0,8.0,8.0,8.0
8.0,9.0,7.0,8.0,8.0,10.0,9.0,9.0,9.0,10.0,7.0,9.0,8.0,8.0,7.0,8.0,9.0,9.0,9.0,10.0,8.0,9.0,10.0,10.0,10.0,9.0,9.0,9.0,10.0,8.0,8.0,8.0,8.0
6.0,6.0,7.0,6.0,8.0,7.0,6.0,8.0,8.0,7.0,7.0,8.0,7.0,7.0,7.0,7.0,6.0,6.0,6.0,7.0,8.0,8.0,7.0,9.0,6.0,6.0,6.0,7.0,7.0,8.0,6.0,6.0,8.0
6.0,6.0,7.0,6.0,6.0,7.0,5.0,8.0,6.0,7.0,5.0,6.0,6.0,6.0,5.0,6.0,6.0,6.0,6.0,7.0,5.0,6.0,7.0,8.0,6.0,6.0,6.0,6.0,7.0,6.0,6.0,6.0,7.0
6.0,7.0,8.0,7.0,8.0,8.0,8.0,9.0,9.0,7.0,7.0,9.0,8.0,8.0,7.0,8.0,7.0,6.0,7.0,9.0,8.0,9.0,8.0,9.0,8.0,8.0,8.0,7.0,8.0,8.0,7.0,7.0,7.0
7.0,6.0,7.0,6.0,6.0,6.0,6.0,8.0,8.0,7.0,5.0,6.0,7.0,6.0,5.0,6.0,6.0,6.0,6.0,7.0,7.0,8.0,7.0,9.0,6.0,6.0,6.0,7.0,6.0,7.0,6.0,6.0,7.0
6.0,7.0,7.0,6.0,6.0,6.0,7.0,8.0,6.0,5.0,5.0,6.0,4.0,6.0,5.0,6.0,7.0,6.0,6.0,7.0,6.0,6.0,7.0,8.0,6.0,6.0,6.0,5.0,7.0,5.0,6.0,6.0,7.0
7.0,8.0,8.0,8.0,8.0,9.0,9.0,8.0,8.0,8.0,7.0,8.0,7.0,9.0,7.0,9.0,9.0,8.0,8.0,8.0,9.0,8.0,8.0,9.0,8.0,8.0,8.0,8.0,8.0,7.0,7.0,7.0,8.0
7.0,8.0,8.0,8.0,8.0,9.0,7.0,8.0,8.0,8.0,7.0,8.0,7.0,8.0,7.0,8.0,7.0,8.0,8.0,8.0,9.0,8.0,8.0,9.0,8.0,8.0,8.0,9.0,8.0,9.0,7.0,7.0,8.0
6.0,6.0,7.0,6.0,8.0,8.0,7.0,8.0,7.0,7.0,7.0,8.0,7.0,7.0,7.0,7.0,7.0,6.0,6.0,7.0,9.0,7.0,7.0,9.0,6.0,6.0,6.0,8.0,7.0,9.0,6.0,6.0,8.0
7.0,8.0,7.0,7.0,8.0,7.0,6.0,8.0,9.0,9.0,7.0,8.0,8.0,6.0,7.0,6.0,7.0,6.0,6.0,9.0,8.0,9.0,7.0,8.0,6.0,9.0,6.0,7.0,8.0,8.0,8.0,8.0,8.0
6.0,6.0,7.0,6.0,8.0,8.0,6.0,8.0,8.0,7.0,7.0,8.0,7.0,7.0,7.0,7.0,6.0,6.0,6.0,7.0,8.0,8.0,7.0,9.0,6.0,6.0,6.0,7.0,7.0,7.0,6.0,6.0,8.0
6.0,6.0,7.0,6.0,6.0,6.0,6.0,8.0,7.0,7.0,5.0,6.0,6.0,6.0,5.0,6.0,6.0,6.0,6.0,7.0,6.0,7.0,7.0,8.0,6.0,6.0,6.0,6.0,7.0,6.0,6.0,6.0,7.0
7.0,7.0,7.0,8.0,8.0,8.0,8.0,8.0,7.0,7.0,5.0,8.0,6.0,8.0,7.0,8.0,8.0,6.0,6.0,5.0,7.0,7.0,7.0,9.0,6.0,4.0,6.0,6.0,8.0,7.0,6.0,6.0,8.0
7.0,7.0,7.0,6.0,8.0,8.0,7.0,8.0,8.0,8.0,6.0,8.0,6.0,6.0,7.0,6.0,7.0,6.0,6.0,8.0,8.0,8.0,7.0,9.0,6.0,8.0,6.0,8.0,8.0,7.0,7.0,7.0,8.0
9.0,8.0,8.0,8.0,8.0,9.0,9.0,8.0,9.0,10.0,8.0,8.0,7.0,8.0,7.0,8.0,8.0,8.0,8.0,9.0,9.0,9.0,8.0,10.0,8.0,8.0,8.0,8.0,8.0,9.0,7.0,7.0,8.0
7.0,8.0,7.0,8.0,7.0,8.0,8.0,6.0,6.0,7.0,6.0,6.0,6.0,8.0,7.0,8.0,9.0,7.0,7.0,6.0,7.0,6.0,7.0,8.0,6.0,7.0,6.0,6.0,9.0,8.0,6.0,6.0,8.0
6.0,6.0,7.0,6.0,8.0,8.0,8.0,8.0,7.0,7.0,7.0,8.0,7.0,8.0,7.0,8.0,9.0,6.0,6.0,7.0,8.0,7.0,7.0,9.0,6.0,6.0,6.0,7.0,7.0,8.0,6.0,6.0,8.0
6.0,6.0,7.0,6.0,6.0,6.0,5.0,8.0,8.0,7.0,5.0,6.0,6.0,6.0,5.0,6.0,5.0,6.0,6.0,7.0,8.0,8.0,7.0,8.0,6.0,6.0,6.0,7.0,7.0,7.0,6.0,6.0,7.0
6.0,6.0,7.0,6.0,8.0,8.0,7.0,8.0,8.0,7.0,7.0,8.0,7.0,7.0,7.0,7.0,8.0,6.0,6.0,7.0,8.0,8.0,7.0,9.0,6.0,6.0,6.0,7.0,7.0,8.0,6.0,6.0,8.0
6.0,7.0,7.0,7.0,8.0,8.0,6.0,8.0,9.0,8.0,7.0,8.0,8.0,6.0,7.0,6.0,6.0,6.0,6.0,8.0,8.0,9.0,7.0,8.0,6.0,8.0,6.0,7.0,8.0,7.0,8.0,8.0,8.0
6.0,9.0,7.0,6.0,6.0,7.0,7.0,8.0,8.0,9.0,5.0,6.0,7.0,7.0,5.0,7.0,6.0,6.0,6.0,9.0,7.0,8.0,7.0,9.0,6.0,8.0,6.0,7.0,8.0,7.0,6.0,6.0,7.0
6.0,6.0,7.0,6.0,6.0,6.0,7.0,8.0,7.0,7.0,5.0,6.0,6.0,8.0,5.0,8.0,6.0,6.0,6.0,7.0,7.0,7.0,7.0,8.0,6.0,6.0,6.0,6.0,7.0,7.0,6.0,6.0,7.0
8.0,9.0,8.0,9.0,8.0,9.0,10.0,8.0,8.0,8.0,7.0,8.0,7.0,9.0,7.0,9.0,10.0,8.0,8.0,8.0,9.0,8.0,8.0,10.0,8.0,7.0,8.0,8.0,9.0,9.0,8.0,8.0,8.0
7.0,8.0,8.0,8.0,8.0,9.0,8.0,8.0,9.0,8.0,7.0,8.0,7.0,8.0,7.0,8.0,8.0,8.0,8.0,8.0,9.0,9.0,8.0,9.0,8.0,8.0,8.0,8.0,8.0,9.0,7.0,7.0,8.0
6.0,6.0,7.0,6.0,8.0,8.0,8.0,8.0,7.0,7.0,7.0,8.0,7.0,7.0,7.0,7.0,8.0,6.0,6.0,7.0,7.0,7.0,7.0,9.0,6.0,6.0,6.0,7.0,7.0,7.0,6.0,6.0,8.0
7.0,8.0,7.0,7.0,8.0,7.0,7.0,8.0,9.0,8.0,6.0,8.0,8.0,7.0,7.0,7.0,6.0,6.0,6.0,8.0,8.0,9.0,7.0,8.0,6.0,8.0,6.0,7.0,7.0,7.0,6.0,6.0,8.0
6.0,6.0,7.0,6.0,8.0,8.0,8.0,8.0,7.0,7.0,7.0,8.0,7.0,8.0,7.0,8.0,8.0,6.0,6.0,7.0,9.0,7.0,7.0,9.0,6.0,6.0,6.0,7.0,7.0,8.0,6.0,6.0,8.0
7.0,9.0,8.0,8.0,8.0,8.0,9.0,8.0,8.0,8.0,7.0,8.0,7.0,6.0,7.0,6.0,9.0,8.0,8.0,9.0,9.0,8.0,8.0,9.0,8.0,8.0,8.0,7.0,9.0,8.0,8.0,8.0,8.0
6.0,6.0,7.0,6.0,8.0,8.0,9.0,8.0,8.0,7.0,7.0,8.0,7.0,8.0,7.0,8.0,7.0,6.0,6.0,7.0,7.0,8.0,7.0,9.0,6.0,6.0,6.0,8.0,7.0,7.0,6.0,6.0,8.0
6.0,6.0,7.0,6.0,8.0,8.0,8.0,8.0,8.0,7.0,7.0,8.0,7.0,6.0,7.0,6.0,7.0,6.0,6.0,7.0,7.0,8.0,7.0,9.0,6.0,6.0,6.0,7.0,7.0,8.0,6.0,6.0,8.0
6.0,6.0,7.0,6.0,6.0,6.0,6.0,8.0,6.0,7.0,5.0,6.0,6.0,7.0,5.0,7.0,6.0,6.0,6.0,7.0,8.0,6.0,7.0,8.0,6.0,6.0,6.0,5.0,7.0,7.0,6.0,6.0,7.0
7.0,7.0,8.0,8.0,9.0,7.0,8.0,8.0,8.0,7.0,7.0,8.0,6.0,8.0,9.0,8.0,9.0,8.0,9.0,7.0,9.0,8.0,8.0,9.0,7.0,7.0,7.0,6.0,9.0,8.0,8.0,8.0,10.0
7.0,8.0,8.0,8.0,8.0,9.0,8.0,8.0,10.0,8.0,7.0,8.0,7.0,8.0,7.0,8.0,8.0,8.0,8.0,8.0,10.0,10.0,8.0,9.0,8.0,8.0,8.0,7.0,8.0,8.0,7.0,7.0,8.0
6.0,6.0,7.0,6.0,6.0,6.0,7.0,8.0,7.0,7.0,5.0,6.0,6.0,6.0,5.0,6.0,7.0,6.0,6.0,7.0,6.0,7.0,7.0,8.0,6.0,6.0,6.0,5.0,7.0,7.0,6.0,6.0,7.0
6.0,6.0,7.0,6.0,8.0,7.0,6.0,8.0,7.0,7.0,7.0,8.0,7.0,8.0,7.0,8.0,6.0,6.0,6.0,7.0,9.0,7.0,7.0,9.0,6.0,6.0,6.0,8.0,7.0,7.0,6.0,6.0,8.0
6.0,6.0,8.0,7.0,8.0,6.0,7.0,8.0,7.0,7.0,4.0,6.0,6.0,7.0,7.0,7.0,6.0,7.0,6.0,7.0,7.0,7.0,6.0,7.0,6.0,6.0,8.0,6.0,7.0,7.0,5.0,5.0,7.0
7.0,8.0,8.0,8.0,8.0,7.0,8.0,8.0,9.0,8.0,7.0,8.0,7.0,9.0,7.0,9.0,7.0,8.0,8.0,8.0,9.0,9.0,8.0,9.0,8.0,8.0,8.0,8.0,8.0,9.0,7.0,7.0,8.0
7.0,8.0,8.0,8.0,8.0,9.0,8.0,8.0,9.0,8.0,7.0,8.0,7.0,8.0,7.0,8.0,8.0,8.0,8.0,8.0,10.0,9.0,8.0,9.0,8.0,8.0,8.0,7.0,8.0,8.0,7.0,7.0,8.0
6.0,6.0,7.0,6.0,6.0,7.0,6.0,8.0,9.0,7.0,5.0,6.0,7.0,6.0,5.0,6.0,5.0,6.0,6.0,7.0,8.0,9.0,7.0,7.0,6.0,8.0,6.0,6.0,6.0,7.0,7.0,7.0,7.0
7.0,9.0,8.0,9.0,8.0,9.0,9.0,8.0,9.0,8.0,6.0,8.0,8.0,9.0,7.0,9.0,9.0,8.0,8.0,9.0,8.0,9.0,8.0,10.0,8.0,8.0,8.0,7.0,10.0,8.0,8.0,8.0,8.0
6.0,6.0,7.0,6.0,6.0,6.0,8.0,8.0,6.0,7.0,5.0,6.0,6.0,8.0,5.0,8.0,8.0,6.0,6.0,7.0,6.0,6.0,7.0,8.0,6.0,6.0,6.0,5.0,7.0,7.0,6.0,6.0,7.0
7.0,7.0,7.0,8.0,8.0,7.0,9.0,8.0,8.0,8.0,6.0,8.0,7.0,9.0,7.0,9.0,9.0,6.0,6.0,7.0,6.0,8.0,7.0,10.0,6.0,9.0,6.0,6.0,8.0,7.0,6.0,6.0,8.0
7.0,8.0,7.0,7.0,7.0,7.0,8.0,9.0,6.0,7.0,6.0,6.0,5.0,9.0,8.0,9.0,8.0,8.0,7.0,7.0,6.0,6.0,6.0,9.0,7.0,6.0,8.0,7.0,7.0,7.0,6.0,6.0,9.0
7.0,8.0,8.0,8.0,8.0,9.0,9.0,8.0,8.0,8.0,7.0,8.0,7.0,7.0,7.0,7.0,9.0,8.0,8.0,8.0,8.0,8.0,8.0,9.0,8.0,8.0,8.0,8.0,8.0,8.0,7.0,7.0,8.0
6.0,6.0,7.0,6.0,8.0,9.0,8.0,8.0,7.0,7.0,7.0,8.0,7.0,7.0,7.0,7.0,9.0,6.0,6.0,7.0,6.0,7.0,7.0,9.0,6.0,6.0,6.0,6.0,7.0,6.0,6.0,6.0,8.0
5.0,6.0,7.0,6.0,6.0,7.0,6.0,8.0,6.0,6.0,5.0,6.0,5.0,6.0,5.0,6.0,8.0,6.0,7.0,6.0,6.0,6.0,6.0,8.0,6.0,6.0,6.0,6.0,8.0,6.0,6.0,6.0,7.0
7.0,8.0,8.0,8.0,8.0,8.0,8.0,8.0,10.0,8.0,7.0,8.0,7.0,9.0,7.0,9.0,8.0,8.0,8.0,8.0,9.0,10.0,8.0,9.0,8.0,8.0,8.0,7.0,8.0,10.0,7.0,7.0,8.0
7.0,7.0,7.0,8.0,8.0,8.0,7.0,8.0,8.0,7.0,7.0,8.0,7.0,8.0,7.0,8.0,7.0,6.0,6.0,7.0,8.0,8.0,7.0,9.0,6.0,9.0,6.0,7.0,8.0,7.0,6.0,6.0,8.0
7.0,8.0,8.0,8.0,8.0,9.0,9.0,8.0,8.0,8.0,7.0,8.0,7.0,10.0,7.0,10.0,9.0,8.0,8.0,8.0,9.0,8.0,8.0,9.0,8.0,8.0,8.0,7.0,8.0,9.0,7.0,7.0,8.0
6.0,6.0,7.0,6.0,8.0,7.0,7.0,8.0,8.0,7.0,7.0,8.0,7.0,8.0,7.0,8.0,6.0,6.0,6.0,7.0,8.0,8.0,7.0,9.0,6.0,6.0,6.0,6.0,7.0,9.0,6.0,6.0,8.0
7.0,8.0,8.0,7.0,8.0,7.0,8.0,8.0,8.0,7.0,7.0,7.0,7.0,7.0,8.0,7.0,8.0,7.0,8.0,8.0,9.0,8.0,8.0,9.0,7.0,8.0,6.0,7.0,8.0,8.0,9.0,9.0,8.0
9.0,10.0,8.0,9.0,8.0,9.0,10.0,8.0,10.0,10.0,7.0,8.0,7.0,8.0,7.0,8.0,8.0,8.0,8.0,10.0,8.0,10.0,8.0,10.0,8.0,10.0,8.0,9.0,10.0,7.0,7.0,7.0,8.0
6.0,6.0,7.0,6.0,8.0,7.0,6.0,8.0,9.0,6.0,7.0,8.0,8.0,6.0,7.0,6.0,6.0,6.0,6.0,8.0,9.0,9.0,7.0,8.0,6.0,8.0,6.0,8.0,7.0,8.0,8.0,8.0,8.0
6.0,6.0,7.0,6.0,6.0,7.0,7.0,8.0,7.0,7.0,5.0,6.0,6.0,7.0,5.0,7.0,6.0,6.0,6.0,7.0,7.0,7.0,7.0,8.0,6.0,6.0,6.0,6.0,7.0,6.0,6.0,6.0,7.0
7.0,7.0,8.0,8.0,9.0,8.0,7.0,9.0,9.0,8.0,7.0,8.0,8.0,8.0,7.0,8.0,8.0,7.0,9.0,9.0,8.0,9.0,8.0,9.0,6.0,9.0,8.0,7.0,9.0,10.0,8.0,8.0,8.0
6.0,7.0,8.0,9.0,8.0,8.0,9.0,8.0,10.0,8.0,8.0,8.0,8.0,7.0,8.0,7.0,8.0,6.0,8.0,8.0,8.0,10.0,9.0,9.0,7.0,9.0,8.0,8.0,10.0,9.0,9.0,9.0,9.0
7.0,7.0,8.0,8.0,9.0,8.0,9.0,9.0,7.0,7.0,7.0,8.0,6.0,8.0,8.0,8.0,8.0,8.0,7.0,7.0,9.0,7.0,7.0,9.0,8.0,6.0,7.0,7.0,8.0,8.0,8.0,8.0,9.0
6.0,6.0,7.0,6.0,6.0,7.0,6.0,8.0,9.0,7.0,5.0,6.0,6.0,7.0,5.0,7.0,4.0,6.0,6.0,7.0,9.0,9.0,7.0,8.0,6.0,6.0,6.0,7.0,7.0,7.0,6.0,6.0,7.0
6.0,6.0,7.0,6.0,8.0,7.0,6.0,8.0,8.0,6.0,7.0,8.0,6.0,8.0,7.0,8.0,6.0,6.0,6.0,6.0,9.0,8.0,7.0,8.0,6.0,7.0,6.0,6.0,7.0,8.0,8.0,8.0,8.0
4.0,6.0,7.0,6.0,6.0,6.0,7.0,8.0,6.0,7.0,6.0,6.0,6.0,6.0,5.0,6.0,6.0,6.0,8.0,7.0,6.0,6.0,7.0,7.0,6.0,7.0,6.0,7.0,7.0,7.0,6.0,6.0,7.0
7.0,6.0,7.0,6.0,6.0,6.0,7.0,8.0,5.0,5.0,3.0,6.0,4.0,6.0,5.0,6.0,8.0,6.0,6.0,5.0,6.0,5.0,7.0,8.0,6.0,4.0,6.0,6.0,7.0,6.0,4.0,4.0,7.0
9.0,8.0,8.0,8.0,8.0,8.0,8.0,8.0,9.0,8.0,8.0,8.0,8.0,9.0,7.0,9.0,9.0,8.0,8.0,8.0,10.0,9.0,8.0,10.0,8.0,8.0,8.0,9.0,10.0,8.0,7.0,7.0,8.0
6.0,6.0,7.0,6.0,8.0,7.0,5.0,8.0,9.0,7.0,7.0,8.0,7.0,6.0,7.0,6.0,7.0,6.0,6.0,7.0,10.0,9.0,7.0,9.0,6.0,6.0,6.0,7.0,7.0,8.0,6.0,6.0,8.0
6.0,6.0,7.0,6.0,6.0,7.0,7.0,8.0,7.0,7.0,5.0,6.0,6.0,7.0,5.0,7.0,6.0,6.0,6.0,7.0,7.0,7.0,7.0,8.0,6.0,6.0,6.0,6.0,7.0,7.0,6.0,6.0,7.0
6.0,7.0,7.0,8.0,8.0,8.0,7.0,8.0,9.0,9.0,8.0,8.0,8.0,7.0,7.0,7.0,6.0,6.0,6.0,10.0,9.0,9.0,7.0,7.0,6.0,9.0,6.0,8.0,8.0,8.0,7.0,7.0,8.0
6.0,6.0,7.0,6.0,6.0,7.0,6.0,8.0,6.0,7.0,5.0,6.0,6.0,7.0,5.0,7.0,7.0,6.0,6.0,7.0,7.0,6.0,7.0,8.0,6.0,6.0,6.0,5.0,7.0,7.0,6.0,6.0,7.0
6.0,6.0,7.0,6.0,8.0,8.0,8.0,8.0,9.0,7.0,7.0,8.0,7.0,8.0,7.0,8.0,6.0,6.0,6.0,7.0,10.0,9.0,7.0,9.0,6.0,6.0,6.0,8.0,7.0,8.0,6.0,6.0,8.0
6.0,7.0,8.0,8.0,8.0,9.0,7.0,8.0,9.0,8.0,7.0,9.0,9.0,7.0,8.0,7.0,7.0,7.0,9.0,10.0,8.0,9.0,9.0,9.0,7.0,10.0,7.0,8.0,10.0,9.0,9.0,9.0,8.0
6.0,6.0,7.0,6.0,6.0,7.0,5.0,8.0,7.0,7.0,5.0,6.0,6.0,5.0,5.0,5.0,5.0,6.0,6.0,7.0,7.0,7.0,7.0,8.0,6.0,6.0,6.0,6.0,7.0,7.0,6.0,6.0,7.0
6.0,7.0,6.0,7.0,6.0,6.0,7.0,6.0,6.0,6.0,5.0,6.0,6.0,8.0,6.0,8.0,8.0,7.0,7.0,7.0,7.0,6.0,6.0,8.0,6.0,7.0,7.0,6.0,7.0,7.0,5.0,5.0,7.0
6.0,6.0,7.0,6.0,8.0,7.0,7.0,8.0,9.0,7.0,7.0,8.0,7.0,6.0,7.0,6.0,7.0,6.0,6.0,7.0,8.0,9.0,7.0,9.0,6.0,6.0,6.0,7.0,7.0,7.0,6.0,6.0,8.0
6.0,6.0,7.0,6.0,8.0,7.0,6.0,8.0,10.0,7.0,7.0,8.0,7.0,6.0,7.0,6.0,7.0,6.0,6.0,7.0,9.0,10.0,7.0,9.0,6.0,6.0,6.0,7.0,7.0,8.0,6.0,6.0,8.0
7.0,7.0,8.0,8.0,8.0,9.0,7.0,8.0,10.0,9.0,8.0,8.0,8.0,8.0,7.0,8.0,6.0,8.0,8.0,10.0,10.0,10.0,8.0,9.0,8.0,10.0,8.0,8.0,9.0,10.0,9.0,9.0,8.0
7.0,8.0,8.0,8.0,8.0,9.0,8.0,8.0,8.0,8.0,7.0,8.0,7.0,9.0,7.0,9.0,9.0,8.0,8.0,8.0,8.0,8.0,8.0,9.0,8.0,8.0,8.0,7.0,8.0,8.0,7.0,7.0,8.0
6.0,7.0,7.0,6.0,6.0,7.0,6.0,8.0,7.0,5.0,5.0,6.0,4.0,6.0,5.0,6.0,7.0,6.0,6.0,6.0,6.0,7.0,7.0,8.0,6.0,7.0,6.0,7.0,7.0,6.0,6.0,6.0,7.0
6.0,6.0,7.0,6.0,8.0,7.0,6.0,8.0,8.0,7.0,7.0,8.0,7.0,7.0,7.0,7.0,6.0,6.0,6.0,7.0,9.0,8.0,7.0,9.0,6.0,6.0,6.0,7.0,7.0,8.0,6.0,6.0,8.0
6.0,6.0,7.0,6.0,8.0,7.0,7.0,8.0,9.0,7.0,7.0,8.0,7.0,7.0,7.0,7.0,6.0,6.0,6.0,7.0,8.0,9.0,7.0,9.0,6.0,6.0,6.0,7.0,7.0,8.0,6.0,6.0,8.0
9.0,8.0,8.0,8.0,8.0,9.0,8.0,8.0,9.0,10.0,7.0,8.0,8.0,8.0,7.0,8.0,8.0,8.0,8.0,9.0,9.0,9.0,8.0,10.0,8.0,10.0,8.0,8.0,9.0,8.0,7.0,7.0,8.0
7.0,8.0,8.0,8.0,8.0,8.0,7.0,8.0,9.0,8.0,7.0,8.0,7.0,7.0,7.0,7.0,8.0,8.0,8.0,8.0,9.0,9.0,8.0,9.0,8.0,8.0,8.0,8.0,8.0,9.0,7.0,7.0,8.0
6.0,6.0,7.0,6.0,8.0,8.0,6.0,8.0,8.0,7.0,7.0,8.0,7.0,9.0,7.0,9.0,8.0,6.0,6.0,7.0,8.0,8.0,7.0,9.0,6.0,6.0,6.0,7.0,7.0,9.0,6.0,6.0,8.0
9.0,9.0,10.0,8.0,10.0,8.0,8.0,10.0,10.0,10.0,8.0,9.0,9.0,9.0,8.0,9.0,7.0,8.0,8.0,10.0,10.0,10.0,9.0,10.0,9.0,8.0,10.0,8.0,8.0,10.0,8.0,8.0,10.0
6.0,8.0,7.0,7.0,7.0,7.0,8.0,8.0,8.0,7.0,6.0,8.0,6.0,8.0,7.0,8.0,8.0,8.0,8.0,7.0,6.0,8.0,8.0,9.0,8.0,7.0,7.0,7.0,9.0,8.0,6.0,6.0,9.0
6.0,6.0,6.0,6.0,6.0,7.0,6.0,7.0,7.0,6.0,6.0,5.0,4.0,6.0,7.0,6.0,7.0,7.0,6.0,6.0,6.0,7.0,6.0,8.0,6.0,6.0,6.0,6.0,7.0,6.0,6.0,6.0,7.0
6.0,6.0,7.0,6.0,6.0,6.0,5.0,8.0,8.0,7.0,5.0,6.0,6.0,7.0,5.0,7.0,4.0,6.0,6.0,7.0,7.0,8.0,7.0,8.0,6.0,6.0,6.0,6.0,7.0,7.0,6.0,6.0,7.0
7.0,8.0,8.0,8.0,8.0,7.0,8.0,8.0,9.0,8.0,7.0,8.0,7.0,8.0,7.0,8.0,8.0,8.0,8.0,8.0,9.0,9.0,8.0,9.0,8.0,8.0,8.0,8.0,8.0,9.0,7.0,7.0,8.0
7.0,8.0,8.0,8.0,8.0,7.0,7.0,8.0,10.0,8.0,7.0,8.0,7.0,9.0,7.0,9.0,6.0,8.0,8.0,8.0,10.0,10.0,8.0,9.0,8.0,8.0,8.0,9.0,8.0,10.0,7.0,7.0,8.0
7.0,8.0,8.0,8.0,8.0,9.0,7.0,8.0,10.0,8.0,7.0,8.0,7.0,7.0,7.0,7.0,8.0,8.0,8.0,8.0,10.0,10.0,8.0,9.0,8.0,8.0,8.0,8.0,8.0,8.0,7.0,7.0,8.0
5.0,5.0,7.0,6.0,6.0,7.0,6.0,8.0,8.0,6.0,6.0,6.0,6.0,7.0,5.0,7.0,7.0,6.0,6.0,7.0,8.0,8.0,7.0,8.0,6.0,6.0,6.0,7.0,8.0,7.0,7.0,7.0,7.0
8.0,8.0,8.0,8.0,8.0,9.0,6.0,7.0,8.0,8.0,9.0,8.0,8.0,7.0,7.0,7.0,8.0,6.0,9.0,8.0,9.0,8.0,10.0,9.0,7.0,9.0,7.0,8.0,10.0,8.0,8.0,8.0,8.0
7.0,8.0,8.0,8.0,8.0,9.0,9.0,8.0,8.0,8.0,7.0,8.0,7.0,8.0,7.0,8.0,8.0,8.0,8.0,8.0,9.0,8.0,8.0,9.0,8.0,8.0,8.0,8.0,8.0,8.0,7.0,7.0,8.0
6.0,6.0,7.0,6.0,6.0,6.0,7.0,8.0,7.0,7.0,5.0,6.0,6.0,7.0,5.0,7.0,6.0,6.0,6.0,7.0,8.0,7.0,7.0,8.0,6.0,6.0,6.0,7.0,7.0,7.0,6.0,6.0,7.0
5.0,5.0,7.0,6.0,6.0,6.0,6.0,8.0,6.0,6.0,5.0,6.0,5.0,7.0,5.0,7.0,6.0,6.0,6.0,6.0,6.0,6.0,7.0,7.0,6.0,5.0,6.0,6.0,7.0,7.0,6.0,6.0,7.0
6.0,6.0,7.0,6.0,8.0,7.0,7.0,8.0,7.0,7.0,7.0,8.0,7.0,7.0,7.0,7.0,7.0,6.0,6.0,7.0,7.0,7.0,7.0,9.0,6.0,6.0,6.0,6.0,7.0,8.0,6.0,6.0,8.0
8.0,7.0,8.0,7.0,8.0,8.0,6.0,8.0,10.0,8.0,7.0,8.0,7.0,7.0,7.0,7.0,7.0,8.0,8.0,8.0,10.0,10.0,8.0,8.0,8.0,9.0,8.0,8.0,9.0,9.0,8.0,8.0,8.0
5.0,6.0,7.0,7.0,6.0,6.0,7.0,8.0,6.0,6.0,5.0,6.0,6.0,8.0,5.0,8.0,7.0,6.0,6.0,7.0,7.0,6.0,6.0,8.0,6.0,7.0,6.0,6.0,8.0,7.0,6.0,6.0,7.0
6.0,6.0,7.0,6.0,8.0,7.0,6.0,8.0,10.0,7.0,7.0,8.0,7.0,6.0,7.0,6.0,6.0,6.0,6.0,7.0,8.0,10.0,7.0,9.0,6.0,6.0,6.0,9.0,7.0,7.0,6.0,6.0,8.0
8.0,9.0,8.0,8.0,8.0,9.0,9.0,8.0,10.0,10.0,7.0,8.0,10.0,7.0,7.0,7.0,7.0,8.0,8.0,10.0,9.0,10.0,8.0,10.0,8.0,10.0,8.0,9.0,9.0,10.0,9.0,9.0,8.0
6.0,7.0,6.0,7.0,8.0,7.0,6.0,7.0,8.0,6.0,7.0,7.0,6.0,7.0,6.0,7.0,8.0,6.0,7.0,7.0,8.0,8.0,7.0,8.0,6.0,8.0,7.0,6.0,8.0,7.0,7.0,7.0,7.0
5.0,6.0,7.0,6.0,6.0,7.0,6.0,8.0,6.0,6.0,6.0,6.0,7.0,6.0,5.0,6.0,7.0,6.0,7.0,6.0,6.0,6.0,7.0,8.0,6.0,6.0,6.0,6.0,7.0,7.0,6.0,6.0,7.0
6.0,6.0,7.0,6.0,6.0,8.0,8.0,8.0,5.0,7.0,5.0,6.0,6.0,7.0,5.0,7.0,8.0,6.0,6.0,7.0,5.0,5.0,7.0,8.0,6.0,6.0,6.0,5.0,7.0,6.0,6.0,6.0,7.0
8.0,7.0,7.0,7.0,8.0,8.0,7.0,8.0,8.0,7.0,6.0,8.0,6.0,6.0,7.0,6.0,6.0,6.0,6.0,8.0,8.0,8.0,7.0,10.0,6.0,6.0,6.0,8.0,7.0,6.0,7.0,7.0,8.0
7.0,8.0,8.0,8.0,8.0,9.0,8.0,8.0,9.0,8.0,7.0,8.0,7.0,8.0,7.0,8.0,8.0,8.0,8.0,8.0,9.0,9.0,8.0,9.0,8.0,8.0,8.0,8.0,8.0,9.0,7.0,7.0,8.0
6.0,8.0,7.0,7.0,8.0,7.0,7.0,8.0,6.0,7.0,6.0,8.0,6.0,8.0,7.0,8.0,8.0,6.0,6.0,7.0,7.0,6.0,7.0,8.0,6.0,7.0,6.0,6.0,8.0,7.0,6.0,6.0,8.0
6.0,6.0,7.0,6.0,8.0,7.0,7.0,8.0,9.0,7.0,7.0,8.0,7.0,8.0,7.0,8.0,7.0,6.0,6.0,7.0,8.0,9.0,7.0,9.0,6.0,6.0,6.0,7.0,7.0,8.0,6.0,6.0,8.0
7.0,8.0,8.0,8.0,8.0,9.0,8.0,8.0,9.0,8.0,7.0,8.0,7.0,10.0,7.0,10.0,9.0,8.0,8.0,8.0,8.0,9.0,8.0,9.0,8.0,8.0,8.0,7.0,8.0,8.0,7.0,7.0,8.0
5.0,6.0,7.0,7.0,6.0,6.0,6.0,8.0,7.0,6.0,4.0,6.0,5.0,7.0,5.0,7.0,6.0,6.0,6.0,6.0,7.0,7.0,7.0,8.0,6.0,6.0,6.0,7.0,7.0,7.0,5.0,5.0,7.0
7.0,8.0,8.0,8.0,8.0,9.0,9.0,8.0,8.0,8.0,7.0,8.0,7.0,9.0,7.0,9.0,9.0,8.0,8.0,8.0,8.0,8.0,8.0,9.0,8.0,8.0,8.0,7.0,8.0,9.0,7.0,7.0,8.0
6.0,6.0,7.0,6.0,8.0,8.0,8.0,8.0,7.0,7.0,7.0,8.0,7.0,6.0,7.0,6.0,8.0,6.0,6.0,7.0,8.0,7.0,7.0,9.0,6.0,6.0,6.0,7.0,7.0,6.0,6.0,6.0,8.0
7.0,8.0,8.0,6.0,8.0,8.0,8.0,8.0,9.0,9.0,6.0,8.0,7.0,7.0,5.0,7.0,7.0,6.0,7.0,8.0,7.0,9.0,8.0,9.0,8.0,7.0,7.0,8.0,7.0,7.0,6.0,6.0,8.0
6.0,6.0,7.0,8.0,8.0,6.0,7.0,8.0,9.0,9.0,6.0,8.0,7.0,7.0,7.0,7.0,7.0,6.0,6.0,8.0,9.0,9.0,7.0,8.0,6.0,8.0,6.0,9.0,9.0,9.0,6.0,6.0,8.0
6.0,8.0,8.0,8.0,7.0,9.0,8.0,7.0,8.0,7.0,8.0,7.0,8.0,7.0,7.0,7.0,9.0,6.0,8.0,8.0,8.0,8.0,8.0,10.0,7.0,8.0,7.0,7.0,9.0,8.0,8.0,8.0,8.0
7.0,8.0,8.0,8.0,8.0,9.0,8.0,8.0,9.0,8.0,7.0,8.0,7.0,7.0,7.0,7.0,7.0,8.0,8.0,8.0,9.0,9.0,8.0,9.0,8.0,8.0,8.0,9.0,8.0,9.0,7.0,7.0,8.0
6.0,6.0,7.0,6.0,6.0,7.0,7.0,8.0,8.0,7.0,6.0,6.0,8.0,6.0,5.0,6.0,4.0,6.0,6.0,7.0,8.0,8.0,7.0,8.0,6.0,7.0,6.0,6.0,8.0,8.0,6.0,6.0,7.0
4.0,6.0,7.0,7.0,6.0,7.0,7.0,8.0,7.0,6.0,6.0,6.0,6.0,6.0,5.0,6.0,7.0,6.0,7.0,7.0,6.0,7.0,7.0,7.0,6.0,8.0,6.0,6.0,8.0,7.0,6.0,6.0,7.0
6.0,6.0,7.0,6.0,6.0,7.0,6.0,8.0,6.0,7.0,5.0,6.0,6.0,6.0,5.0,6.0,5.0,6.0,6.0,7.0,7.0,6.0,7.0,8.0,6.0,6.0,6.0,6.0,7.0,5.0,6.0,6.0,7.0
6.0,6.0,7.0,6.0,6.0,7.0,5.0,8.0,8.0,6.0,6.0,6.0,4.0,5.0,5.0,5.0,5.0,6.0,6.0,6.0,8.0,8.0,7.0,7.0,6.0,6.0,6.0,6.0,7.0,7.0,6.0,6.0,5.0
7.0,7.0,8.0,7.0,8.0,7.0,7.0,8.0,10.0,8.0,7.0,8.0,9.0,8.0,7.0,8.0,7.0,8.0,8.0,9.0,10.0,10.0,8.0,10.0,8.0,9.0,8.0,9.0,9.0,9.0,9.0,9.0,8.0
6.0,6.0,7.0,6.0,8.0,6.0,7.0,8.0,9.0,7.0,7.0,8.0,7.0,7.0,7.0,7.0,5.0,6.0,6.0,7.0,9.0,9.0,7.0,9.0,6.0,6.0,6.0,8.0,7.0,9.0,6.0,6.0,8.0
8.0,8.0,7.0,8.0,8.0,9.0,7.0,8.0,8.0,8.0,5.0,8.0,4.0,8.0,7.0,8.0,8.0,6.0,6.0,8.0,8.0,8.0,7.0,10.0,6.0,6.0,6.0,7.0,8.0,7.0,5.0,5.0,8.0
6.0,7.0,7.0,7.0,6.0,7.0,7.0,8.0,8.0,9.0,5.0,6.0,8.0,6.0,5.0,6.0,6.0,6.0,6.0,9.0,7.0,8.0,7.0,8.0,6.0,7.0,6.0,7.0,7.0,7.0,6.0,6.0,7.0
6.0,6.0,7.0,6.0,6.0,6.0,6.0,8.0,8.0,7.0,6.0,6.0,7.0,6.0,5.0,6.0,5.0,6.0,6.0,7.0,8.0,8.0,7.0,7.0,6.0,6.0,6.0,7.0,6.0,6.0,6.0,6.0,6.0
6.0,7.0,6.0,7.0,5.0,7.0,7.0,5.0,6.0,6.0,4.0,6.0,4.0,7.0,6.0,7.0,8.0,6.0,6.0,6.0,6.0,6.0,6.0,7.0,6.0,6.0,5.0,6.0,7.0,6.0,6.0,6.0,7.0
6.0,6.0,7.0,6.0,6.0,6.0,6.0,8.0,6.0,7.0,5.0,6.0,6.0,6.0,5.0,6.0,6.0,6.0,6.0,7.0,7.0,6.0,7.0,8.0,6.0,6.0,6.0,6.0,7.0,5.0,6.0,6.0,7.0
5.0,6.0,7.0,6.0,6.0,6.0,6.0,8.0,7.0,7.0,4.0,6.0,5.0,6.0,5.0,6.0,7.0,6.0,6.0,6.0,6.0,7.0,7.0,8.0,6.0,6.0,6.0,6.0,7.0,5.0,5.0,5.0,7.0
6.0,6.0,7.0,6.0,8.0,7.0,6.0,8.0,7.0,7.0,7.0,8.0,7.0,7.0,7.0,7.0,7.0,6.0,6.0,7.0,7.0,7.0,7.0,9.0,6.0,6.0,6.0,7.0,7.0,7.0,6.0,6.0,8.0
6.0,6.0,6.0,7.0,6.0,6.0,6.0,6.0,7.0,6.0,5.0,6.0,7.0,7.0,6.0,7.0,6.0,6.0,7.0,6.0,6.0,7.0,6.0,7.0,6.0,6.0,6.0,6.0,8.0,8.0,6.0,6.0,7.0
7.0,7.0,7.0,7.0,8.0,7.0,6.0,8.0,9.0,8.0,7.0,8.0,7.0,7.0,7.0,7.0,6.0,6.0,6.0,9.0,9.0,9.0,7.0,8.0,6.0,8.0,6.0,8.0,8.0,8.0,7.0,7.0,8.0
8.0,8.0,7.0,8.0,8.0,9.0,9.0,8.0,8.0,9.0,7.0,8.0,8.0,9.0,8.0,9.0,9.0,8.0,9.0,8.0,8.0,8.0,8.0,10.0,9.0,8.0,8.0,7.0,10.0,9.0,8.0,8.0,10.0
7.0,7.0,8.0,9.0,8.0,9.0,9.0,8.0,8.0,9.0,7.0,8.0,8.0,9.0,7.0,9.0,9.0,8.0,8.0,9.0,8.0,8.0,8.0,9.0,8.0,9.0,8.0,8.0,9.0,9.0,8.0,8.0,8.0
6.0,6.0,7.0,6.0,6.0,6.0,6.0,8.0,8.0,7.0,5.0,6.0,6.0,7.0,5.0,7.0,5.0,6.0,6.0,7.0,8.0,8.0,7.0,8.0,6.0,6.0,6.0,6.0,7.0,8.0,6.0,6.0,7.0
5.0,7.0,7.0,7.0,6.0,7.0,6.0,8.0,8.0,7.0,6.0,6.0,7.0,5.0,5.0,5.0,5.0,6.0,6.0,8.0,8.0,8.0,7.0,6.0,6.0,8.0,6.0,6.0,7.0,7.0,7.0,7.0,7.0
7.0,8.0,8.0,7.0,7.0,7.0,6.0,8.0,8.0,8.0,6.0,7.0,6.0,6.0,6.0,6.0,6.0,7.0,8.0,7.0,7.0,8.0,8.0,10.0,6.0,8.0,7.0,7.0,7.0,6.0,7.0,7.0,8.0
7.0,8.0,8.0,8.0,8.0,9.0,8.0,8.0,8.0,8.0,7.0,8.0,7.0,9.0,7.0,9.0,9.0,8.0,8.0,8.0,8.0,8.0,8.0,9.0,8.0,8.0,8.0,7.0,8.0,9.0,7.0,7.0,8.0
7.0,8.0,8.0,8.0,8.0,9.0,8.0,8.0,8.0,8.0,7.0,8.0,7.0,9.0,7.0,9.0,9.0,8.0,8.0,8.0,8.0,8.0,8.0,9.0,8.0,8.0,8.0,8.0,8.0,8.0,7.0,7.0,8.0
6.0,5.0,7.0,5.0,6.0,6.0,6.0,8.0,8.0,6.0,5.0,6.0,5.0,6.0,5.0,6.0,6.0,6.0,6.0,6.0,8.0,8.0,7.0,7.0,6.0,6.0,6.0,6.0,6.0,8.0,6.0,6.0,7.0
6.0,6.0,7.0,6.0,8.0,8.0,7.0,8.0,9.0,7.0,7.0,8.0,7.0,7.0,7.0,7.0,6.0,6.0,6.0,7.0,7.0,9.0,7.0,9.0,6.0,6.0,6.0,7.0,7.0,6.0,6.0,6.0,8.0
8.0,9.0,8.0,9.0,8.0,7.0,7.0,9.0,10.0,8.0,7.0,7.0,7.0,7.0,7.0,7.0,8.0,7.0,8.0,9.0,9.0,10.0,10.0,9.0,8.0,9.0,7.0,8.0,9.0,8.0,9.0,9.0,8.0
9.0,8.0,8.0,7.0,8.0,9.0,8.0,8.0,8.0,9.0,7.0,8.0,7.0,8.0,7.0,8.0,9.0,8.0,8.0,8.0,8.0,8.0,8.0,10.0,8.0,7.0,8.0,7.0,8.0,8.0,6.0,6.0,8.0
6.0,6.0,7.0,6.0,6.0,6.0,5.0,8.0,7.0,7.0,5.0,6.0,6.0,6.0,5.0,6.0,4.0,6.0,6.0,7.0,8.0,7.0,7.0,8.0,6.0,6.0,6.0,6.0,7.0,7.0,6.0,6.0,7.0
6.0,6.0,7.0,6.0,8.0,8.0,7.0,8.0,7.0,7.0,7.0,8.0,7.0,7.0,7.0,7.0,7.0,6.0,6.0,7.0,9.0,7.0,7.0,9.0,6.0,6.0,6.0,6.0,7.0,6.0,6.0,6.0,8.0
5.0,5.0,7.0,6.0,6.0,6.0,6.0,8.0,8.0,6.0,5.0,6.0,6.0,6.0,5.0,6.0,6.0,6.0,6.0,7.0,8.0,8.0,7.0,7.0,6.0,5.0,6.0,6.0,6.0,7.0,6.0,6.0,7.0
6.0,6.0,7.0,6.0,8.0,9.0,7.0,8.0,8.0,7.0,7.0,8.0,7.0,7.0,7.0,7.0,7.0,6.0,6.0,7.0,8.0,8.0,7.0,9.0,6.0,6.0,6.0,8.0,7.0,7.0,6.0,6.0,8.0
8.0,9.0,8.0,7.0,8.0,10.0,8.0,8.0,7.0,8.0,7.0,8.0,7.0,7.0,7.0,7.0,10.0,8.0,8.0,8.0,8.0,7.0,8.0,10.0,8.0,7.0,8.0,9.0,9.0,7.0,7.0,7.0,8.0
8.0,8.0,7.0,6.0,8.0,8.0,9.0,8.0,8.0,9.0,7.0,8.0,6.0,6.0,7.0,6.0,7.0,6.0,6.0,9.0,7.0,8.0,7.0,10.0,6.0,8.0,6.0,8.0,7.0,7.0,7.0,7.0,8.0
7.0,8.0,8.0,8.0,8.0,9.0,10.0,8.0,8.0,8.0,7.0,8.0,7.0,9.0,7.0,9.0,9.0,8.0,8.0,8.0,7.0,8.0,8.0,9.0,8.0,8.0,8.0,9.0,8.0,8.0,7.0,7.0,8.0
6.0,7.0,6.0,9.0,8.0,8.0,8.0,7.0,8.0,7.0,6.0,8.0,8.0,8.0,6.0,8.0,8.0,7.0,8.0,7.0,7.0,8.0,8.0,8.0,8.0,9.0,6.0,6.0,9.0,8.0,6.0,6.0,9.0
8.0,8.0,9.0,8.0,8.0,9.0,9.0,9.0,8.0,8.0,6.0,8.0,7.0,9.0,8.0,9.0,9.0,9.0,7.0,9.0,9.0,8.0,7.0,10.0,9.0,7.0,9.0,7.0,8.0,9.0,8.0,8.0,9.0
6.0,6.0,7.0,6.0,8.0,7.0,8.0,8.0,7.0,7.0,7.0,8.0,7.0,8.0,7.0,8.0,8.0,6.0,6.0,7.0,8.0,7.0,7.0,9.0,6.0,6.0,6.0,8.0,7.0,7.0,6.0,6.0,8.0
6.0,6.0,7.0,6.0,8.0,8.0,7.0,8.0,7.0,7.0,7.0,8.0,7.0,7.0,7.0,7.0,7.0,6.0,6.0,7.0,8.0,7.0,7.0,9.0,6.0,6.0,6.0,6.0,7.0,8.0,6.0,6.0,8.0
8.0,8.0,8.0,8.0,8.0,9.0,7.0,8.0,9.0,8.0,7.0,8.0,7.0,8.0,7.0,8.0,8.0,8.0,8.0,9.0,10.0,9.0,8.0,10.0,8.0,8.0,8.0,8.0,9.0,8.0,7.0,7.0,8.0
7.0,8.0,8.0,8.0,8.0,8.0,7.0,8.0,8.0,7.0,7.0,8.0,7.0,8.0,7.0,8.0,8.0,8.0,8.0,8.0,8.0,8.0,8.0,8.0,8.0,7.0,8.0,7.0,9.0,9.0,8.0,8.0,8.0
6.0,7.0,7.0,7.0,8.0,8.0,8.0,8.0,7.0,7.0,6.0,8.0,5.0,7.0,7.0,7.0,7.0,6.0,6.0,7.0,6.0,7.0,7.0,9.0,6.0,8.0,6.0,6.0,9.0,7.0,8.0,8.0,8.0
6.0,8.0,6.0,7.0,5.0,7.0,6.0,8.0,7.0,8.0,6.0,7.0,6.0,6.0,4.0,6.0,7.0,6.0,6.0,7.0,6.0,7.0,7.0,9.0,6.0,6.0,6.0,6.0,6.0,6.0,5.0,5.0,7.0
6.0,7.0,7.0,8.0,9.0,9.0,8.0,9.0,9.0,8.0,8.0,8.0,8.0,8.0,8.0,8.0,7.0,8.0,9.0,8.0,10.0,9.0,9.0,10.0,7.0,8.0,8.0,8.0,9.0,9.0,8.0,8.0,8.0
7.0,8.0,8.0,8.0,8.0,10.0,8.0,8.0,8.0,8.0,7.0,8.0,7.0,8.0,7.0,8.0,7.0,8.0,8.0,8.0,8.0,8.0,8.0,9.0,8.0,8.0,8.0,7.0,8.0,8.0,7.0,7.0,8.0
7.0,8.0,8.0,8.0,8.0,8.0,8.0,8.0,8.0,8.0,7.0,8.0,7.0,8.0,7.0,8.0,9.0,8.0,8.0,8.0,8.0,8.0,8.0,9.0,8.0,8.0,8.0,9.0,8.0,7.0,7.0,7.0,8.0
4.0,6.0,7.0,7.0,6.0,8.0,6.0,8.0,7.0,6.0,5.0,6.0,6.0,6.0,5.0,6.0,6.0,6.0,6.0,7.0,6.0,7.0,7.0,7.0,6.0,7.0,6.0,6.0,8.0,7.0,6.0,6.0,7.0
7.0,9.0,8.0,7.0,9.0,8.0,7.0,8.0,10.0,8.0,7.0,9.0,8.0,7.0,6.0,7.0,6.0,7.0,8.0,8.0,8.0,10.0,10.0,9.0,8.0,8.0,8.0,9.0,8.0,7.0,9.0,9.0,7.0
7.0,9.0,8.0,8.0,8.0,9.0,9.0,8.0,7.0,8.0,7.0,8.0,7.0,9.0,7.0,9.0,10.0,8.0,8.0,8.0,8.0,7.0,8.0,9.0,8.0,7.0,8.0,7.0,8.0,9.0,6.0,6.0,8.0
7.0,8.0,8.0,8.0,8.0,8.0,7.0,8.0,8.0,8.0,7.0,8.0,7.0,7.0,7.0,7.0,8.0,8.0,8.0,8.0,9.0,8.0,8.0,9.0,8.0,8.0,8.0,7.0,8.0,7.0,7.0,7.0,8.0
9.0,7.0,8.0,9.0,8.0,9.0,8.0,8.0,10.0,9.0,8.0,8.0,9.0,8.0,7.0,8.0,7.0,8.0,8.0,9.0,10.0,10.0,8.0,9.0,8.0,9.0,8.0,9.0,8.0,9.0,10.0,10.0,8.0
4.0,8.0,7.0,7.0,6.0,7.0,7.0,8.0,5.0,7.0,3.0,6.0,4.0,7.0,5.0,7.0,8.0,6.0,7.0,6.0,5.0,5.0,6.0,9.0,6.0,5.0,6.0,6.0,7.0,6.0,4.0,4.0,7.0
7.0,7.0,9.0,9.0,9.0,8.0,8.0,9.0,9.0,7.0,8.0,8.0,8.0,8.0,9.0,8.0,7.0,8.0,9.0,8.0,9.0,9.0,8.0,9.0,8.0,7.0,9.0,7.0,9.0,10.0,8.0,8.0,8.0
6.0,6.0,7.0,6.0,8.0,7.0,7.0,8.0,9.0,7.0,7.0,8.0,7.0,6.0,7.0,6.0,7.0,6.0,6.0,7.0,8.0,9.0,7.0,9.0,6.0,6.0,6.0,7.0,7.0,9.0,6.0,6.0,8.0
7.0,8.0,8.0,8.0,8.0,7.0,7.0,8.0,9.0,8.0,7.0,8.0,7.0,9.0,7.0,9.0,7.0,8.0,8.0,8.0,9.0,9.0,8.0,9.0,8.0,8.0,8.0,8.0,8.0,8.0,7.0,7.0,8.0
7.0,8.0,8.0,8.0,8.0,9.0,8.0,8.0,7.0,8.0,7.0,8.0,7.0,9.0,7.0,9.0,9.0,8.0,8.0,8.0,7.0,7.0,8.0,9.0,8.0,8.0,8.0,8.0,8.0,8.0,7.0,7.0,8.0
7.0,6.0,7.0,6.0,6.0,7.0,8.0,9.0,7.0,7.0,5.0,7.0,6.0,7.0,6.0,7.0,7.0,7.0,6.0,8.0,7.0,7.0,8.0,8.0,7.0,7.0,7.0,7.0,7.0,6.0,6.0,6.0,7.0
6.0,6.0,7.0,7.0,8.0,8.0,7.0,8.0,9.0,7.0,6.0,8.0,7.0,8.0,7.0,8.0,7.0,6.0,6.0,7.0,8.0,9.0,7.0,8.0,6.0,8.0,6.0,7.0,8.0,8.0,8.0,8.0,8.0
6.0,9.0,7.0,7.0,8.0,7.0,8.0,8.0,6.0,8.0,5.0,8.0,5.0,8.0,7.0,8.0,8.0,6.0,6.0,6.0,7.0,6.0,7.0,10.0,6.0,7.0,6.0,7.0,8.0,6.0,7.0,7.0,8.0
6.0,6.0,7.0,6.0,8.0,7.0,8.0,8.0,7.0,7.0,7.0,8.0,7.0,8.0,7.0,8.0,9.0,6.0,6.0,7.0,7.0,7.0,7.0,9.0,6.0,6.0,6.0,6.0,7.0,8.0,6.0,6.0,8.0
7.0,8.0,8.0,8.0,8.0,8.0,9.0,8.0,9.0,8.0,7.0,8.0,7.0,9.0,7.0,9.0,8.0,8.0,8.0,8.0,8.0,9.0,8.0,9.0,8.0,8.0,8.0,8.0,8.0,8.0,7.0,7.0,8.0
6.0,6.0,7.0,6.0,8.0,8.0,7.0,8.0,6.0,7.0,7.0,8.0,7.0,7.0,7.0,7.0,6.0,6.0,6.0,7.0,8.0,6.0,7.0,9.0,6.0,6.0,6.0,6.0,7.0,7.0,6.0,6.0,8.0
7.0,9.0,9.0,8.0,7.0,8.0,8.0,7.0,8.0,8.0,6.0,8.0,6.0,7.0,7.0,7.0,8.0,7.0,8.0,8.0,8.0,8.0,10.0,9.0,8.0,8.0,7.0,8.0,9.0,7.0,8.0,8.0,9.0
6.0,6.0,7.0,6.0,6.0,7.0,6.0,8.0,5.0,7.0,5.0,6.0,6.0,7.0,5.0,7.0,7.0,6.0,6.0,7.0,6.0,5.0,7.0,8.0,6.0,6.0,6.0,5.0,7.0,6.0,6.0,6.0,7.0
6.0,6.0,8.0,6.0,8.0,7.0,7.0,8.0,8.0,6.0,7.0,7.0,8.0,7.0,9.0,7.0,6.0,7.0,7.0,7.0,9.0,8.0,7.0,8.0,7.0,7.0,9.0,7.0,8.0,8.0,7.0,7.0,7.0
7.0,7.0,7.0,9.0,8.0,9.0,9.0,8.0,8.0,8.0,7.0,8.0,8.0,9.0,9.0,9.0,8.0,8.0,9.0,9.0,8.0,8.0,9.0,9.0,8.0,9.0,7.0,7.0,10.0,9.0,7.0,7.0,9.0
6.0,7.0,7.0,6.0,7.0,7.0,6.0,8.0,7.0,7.0,6.0,8.0,7.0,6.0,6.0,6.0,6.0,6.0,6.0,8.0,7.0,7.0,7.0,8.0,7.0,8.0,7.0,7.0,6.0,6.0,6.0,6.0,6.0
8.0,8.0,8.0,7.0,8.0,9.0,8.0,8.0,9.0,8.0,7.0,8.0,7.0,9.0,7.0,9.0,8.0,8.0,8.0,9.0,9.0,9.0,8.0,10.0,8.0,7.0,8.0,8.0,8.0,8.0,6.0,6.0,8.0
6.0,6.0,7.0,6.0,6.0,6.0,8.0,8.0,6.0,7.0,5.0,6.0,6.0,6.0,5.0,6.0,7.0,6.0,6.0,6.0,6.0,6.0,7.0,9.0,6.0,5.0,6.0,6.0,8.0,6.0,5.0,5.0,7.0
7.0,7.0,10.0,9.0,9.0,8.0,7.0,10.0,10.0,9.0,7.0,8.0,9.0,8.0,9.0,8.0,7.0,8.0,9.0,9.0,10.0,10.0,9.0,9.0,8.0,9.0,10.0,8.0,8.0,9.0,8.0,8.0,9.0
6.0,6.0,7.0,6.0,8.0,7.0,7.0,8.0,8.0,7.0,7.0,8.0,7.0,7.0,7.0,7.0,7.0,6.0,6.0,7.0,8.0,8.0,7.0,9.0,6.0,6.0,6.0,7.0,7.0,8.0,6.0,6.0,8.0
6.0,6.0,7.0,7.0,6.0,8.0,7.0,8.0,6.0,7.0,4.0,6.0,5.0,6.0,5.0,6.0,7.0,6.0,6.0,6.0,6.0,6.0,7.0,8.0,6.0,6.0,6.0,6.0,8.0,6.0,6.0,6.0,7.0
7.0,7.0,8.0,9.0,9.0,9.0,8.0,9.0,9.0,9.0,7.0,8.0,7.0,8.0,8.0,8.0,8.0,9.0,8.0,9.0,9.0,9.0,9.0,9.0,7.0,7.0,7.0,8.0,10.0,9.0,8.0,8.0,9.0
7.0,7.0,7.0,8.0,7.0,7.0,8.0,9.0,6.0,7.0,6.0,7.0,6.0,8.0,7.0,8.0,9.0,7.0,7.0,8.0,7.0,6.0,7.0,10.0,7.0,6.0,8.0,6.0,9.0,7.0,6.0,6.0,9.0
6.0,6.0,7.0,6.0,6.0,6.0,5.0,8.0,7.0,7.0,5.0,6.0,6.0,5.0,5.0,5.0,5.0,6.0,6.0,7.0,7.0,7.0,7.0,8.0,6.0,6.0,6.0,6.0,7.0,6.0,6.0,6.0,7.0
7.0,8.0,8.0,8.0,8.0,9.0,8.0,8.0,9.0,8.0,7.0,8.0,7.0,8.0,7.0,8.0,9.0,8.0,8.0,8.0,9.0,9.0,8.0,9.0,8.0,8.0,8.0,8.0,8.0,8.0,7.0,7.0,8.0
7.0,7.0,8.0,8.0,8.0,8.0,8.0,8.0,10.0,8.0,7.0,8.0,8.0,8.0,7.0,8.0,7.0,8.0,8.0,9.0,10.0,10.0,8.0,10.0,8.0,8.0,8.0,9.0,9.0,9.0,9.0,9.0,8.0
6.0,6.0,7.0,6.0,8.0,8.0,7.0,8.0,8.0,7.0,7.0,8.0,7.0,7.0,7.0,7.0,9.0,6.0,6.0,7.0,7.0,8.0,7.0,9.0,6.0,6.0,6.0,7.0,7.0,7.0,6.0,6.0,8.0
7.0,8.0,8.0,8.0,8.0,9.0,10.0,8.0,8.0,8.0,7.0,8.0,6.0,9.0,7.0,9.0,8.0,8.0,8.0,7.0,9.0,8.0,8.0,10.0,8.0,8.0,8.0,7.0,9.0,8.0,7.0,7.0,8.0
6.0,6.0,7.0,6.0,8.0,7.0,7.0,8.0,7.0,7.0,7.0,8.0,7.0,7.0,7.0,7.0,8.0,6.0,6.0,7.0,7.0,7.0,7.0,9.0,6.0,6.0,6.0,6.0,7.0,7.0,6.0,6.0,8.0
7.0,8.0,7.0,8.0,8.0,8.0,8.0,8.0,7.0,8.0,5.0,8.0,6.0,8.0,7.0,8.0,8.0,6.0,6.0,7.0,7.0,7.0,7.0,10.0,6.0,6.0,6.0,7.0,8.0,8.0,5.0,5.0,8.0
8.0,8.0,9.0,9.0,10.0,8.0,8.0,10.0,10.0,10.0,9.0,10.0,9.0,8.0,7.0,8.0,6.0,8.0,9.0,10.0,10.0,10.0,10.0,10.0,9.0,9.0,10.0,9.0,8.0,9.0,8.0,8.0,9.0
7.0,8.0,8.0,8.0,8.0,9.0,7.0,8.0,9.0,8.0,7.0,8.0,7.0,7.0,7.0,7.0,8.0,8.0,8.0,8.0,10.0,9.0,8.0,9.0,8.0,8.0,8.0,9.0,8.0,9.0,7.0,7.0,8.0
6.0,7.0,7.0,9.0,9.0,8.0,8.0,8.0,8.0,9.0,7.0,8.0,9.0,9.0,8.0,9.0,8.0,7.0,9.0,9.0,8.0,8.0,10.0,10.0,8.0,10.0,8.0,7.0,10.0,10.0,8.0,8.0,9.0
7.0,8.0,8.0,8.0,8.0,10.0,9.0,8.0,8.0,8.0,7.0,8.0,7.0,7.0,7.0,7.0,10.0,8.0,8.0,8.0,7.0,8.0,8.0,9.0,8.0,8.0,8.0,8.0,8.0,7.0,7.0,7.0,8.0
6.0,7.0,7.0,6.0,6.0,7.0,8.0,8.0,5.0,6.0,4.0,6.0,2.0,6.0,5.0,6.0,8.0,6.0,6.0,7.0,5.0,5.0,7.0,7.0,6.0,5.0,6.0,4.0,7.0,5.0,6.0,6.0,7.0
6.0,6.0,7.0,6.0,6.0,7.0,7.0,8.0,6.0,6.0,5.0,6.0,4.0,7.0,5.0,7.0,7.0,6.0,6.0,7.0,5.0,6.0,7.0,7.0,6.0,5.0,6.0,4.0,7.0,6.0,6.0,6.0,7.0
6.0,6.0,7.0,6.0,8.0,8.0,7.0,8.0,7.0,7.0,7.0,8.0,7.0,6.0,7.0,6.0,7.0,6.0,6.0,7.0,7.0,7.0,7.0,9.0,6.0,6.0,6.0,7.0,7.0,6.0,6.0,6.0,8.0
6.0,7.0,7.0,8.0,8.0,8.0,7.0,8.0,7.0,8.0,7.0,8.0,8.0,7.0,7.0,7.0,8.0,6.0,6.0,9.0,7.0,7.0,7.0,9.0,6.0,9.0,6.0,8.0,9.0,7.0,6.0,6.0,8.0
6.0,6.0,7.0,6.0,8.0,8.0,7.0,8.0,8.0,7.0,7.0,8.0,7.0,8.0,7.0,8.0,7.0,6.0,6.0,7.0,9.0,8.0,7.0,9.0,6.0,6.0,6.0,7.0,7.0,9.0,6.0,6.0,8.0
7.0,8.0,8.0,9.0,8.0,9.0,8.0,8.0,9.0,10.0,8.0,8.0,8.0,9.0,7.0,9.0,9.0,8.0,8.0,10.0,8.0,9.0,8.0,9.0,8.0,10.0,8.0,8.0,9.0,9.0,9.0,9.0,8.0
8.0,10.0,8.0,8.0,8.0,9.0,9.0,8.0,8.0,10.0,8.0,8.0,8.0,8.0,7.0,8.0,8.0,8.0,8.0,9.0,9.0,8.0,8.0,10.0,8.0,8.0,8.0,10.0,8.0,8.0,7.0,7.0,8.0
7.0,7.0,8.0,7.0,8.0,9.0,8.0,8.0,10.0,8.0,7.0,8.0,8.0,9.0,7.0,9.0,8.0,8.0,8.0,9.0,9.0,10.0,8.0,10.0,8.0,9.0,8.0,8.0,9.0,10.0,8.0,8.0,8.0
7.0,6.0,7.0,7.0,8.0,7.0,7.0,8.0,9.0,7.0,7.0,8.0,8.0,7.0,7.0,7.0,7.0,6.0,6.0,7.0,9.0,9.0,7.0,8.0,6.0,7.0,6.0,7.0,8.0,9.0,7.0,7.0,8.0
7.0,8.0,8.0,8.0,8.0,9.0,8.0,8.0,10.0,8.0,7.0,8.0,7.0,8.0,7.0,8.0,8.0,8.0,8.0,8.0,9.0,10.0,8.0,9.0,8.0,8.0,8.0,10.0,8.0,9.0,7.0,7.0,8.0
6.0,6.0,7.0,6.0,8.0,7.0,7.0,8.0,7.0,7.0,7.0,8.0,7.0,7.0,7.0,7.0,7.0,6.0,6.0,7.0,8.0,7.0,7.0,9.0,6.0,6.0,6.0,7.0,7.0,7.0,6.0,6.0,8.0
6.0,6.0,7.0,6.0,6.0,6.0,6.0,8.0,7.0,7.0,5.0,6.0,6.0,7.0,5.0,7.0,7.0,6.0,6.0,7.0,7.0,7.0,7.0,8.0,6.0,6.0,6.0,6.0,7.0,6.0,6.0,6.0,7.0
7.0,8.0,8.0,8.0,8.0,8.0,9.0,8.0,10.0,8.0,7.0,8.0,7.0,8.0,7.0,8.0,7.0,8.0,8.0,8.0,10.0,10.0,8.0,9.0,8.0,8.0,8.0,9.0,8.0,9.0,7.0,7.0,8.0
6.0,6.0,7.0,6.0,6.0,8.0,6.0,8.0,6.0,7.0,5.0,6.0,6.0,6.0,5.0,6.0,8.0,6.0,6.0,7.0,7.0,6.0,7.0,8.0,6.0,6.0,6.0,6.0,7.0,6.0,6.0,6.0,7.0
7.0,8.0,8.0,8.0,8.0,7.0,7.0,8.0,9.0,8.0,7.0,8.0,7.0,8.0,7.0,8.0,7.0,8.0,8.0,8.0,10.0,9.0,8.0,9.0,8.0,8.0,8.0,7.0,8.0,9.0,7.0,7.0,8.0
6.0,6.0,7.0,6.0,8.0,8.0,7.0,8.0,9.0,7.0,7.0,8.0,7.0,8.0,7.0,8.0,6.0,6.0,6.0,7.0,8.0,9.0,7.0,9.0,6.0,6.0,6.0,8.0,7.0,8.0,6.0,6.0,8.0
6.0,6.0,7.0,6.0,8.0,7.0,6.0,8.0,8.0,7.0,7.0,8.0,7.0,6.0,7.0,6.0,6.0,6.0,6.0,7.0,8.0,8.0,7.0,9.0,6.0,6.0,6.0,8.0,7.0,7.0,6.0,6.0,8.0
9.0,9.0,8.0,8.0,8.0,9.0,9.0,9.0,8.0,8.0,6.0,8.0,6.0,9.0,6.0,9.0,8.0,9.0,8.0,8.0,8.0,8.0,8.0,10.0,9.0,8.0,8.0,9.0,8.0,8.0,7.0,7.0,8.0
6.0,6.0,7.0,6.0,6.0,7.0,5.0,8.0,7.0,7.0,5.0,6.0,6.0,6.0,5.0,6.0,5.0,6.0,6.0,7.0,8.0,7.0,7.0,8.0,6.0,6.0,6.0,7.0,7.0,7.0,6.0,6.0,7.0
6.0,6.0,7.0,6.0,6.0,7.0,6.0,8.0,5.0,7.0,5.0,6.0,6.0,7.0,5.0,7.0,7.0,6.0,6.0,7.0,6.0,5.0,7.0,8.0,6.0,6.0,6.0,5.0,7.0,5.0,6.0,6.0,7.0
6.0,6.0,7.0,6.0,6.0,7.0,6.0,8.0,7.0,7.0,5.0,6.0,6.0,5.0,5.0,5.0,7.0,6.0,6.0,7.0,5.0,7.0,7.0,8.0,6.0,6.0,6.0,6.0,7.0,5.0,6.0,6.0,7.0
7.0,7.0,7.0,7.0,8.0,7.0,7.0,8.0,9.0,8.0,6.0,8.0,8.0,7.0,7.0,7.0,6.0,6.0,6.0,8.0,9.0,9.0,7.0,8.0,6.0,8.0,6.0,7.0,7.0,7.0,7.0,7.0,8.0
8.0,8.0,7.0,7.0,8.0,7.0,7.0,8.0,7.0,8.0,7.0,8.0,7.0,6.0,7.0,6.0,6.0,6.0,6.0,8.0,9.0,7.0,7.0,9.0,6.0,7.0,6.0,6.0,7.0,7.0,7.0,7.0,8.0
6.0,6.0,7.0,6.0,8.0,8.0,7.0,8.0,9.0,7.0,7.0,8.0,7.0,7.0,7.0,7.0,5.0,6.0,6.0,7.0,7.0,9.0,7.0,9.0,6.0,6.0,6.0,8.0,7.0,8.0,6.0,6.0,8.0
7.0,7.0,7.0,6.0,8.0,7.0,6.0,8.0,10.0,9.0,6.0,8.0,7.0,8.0,7.0,8.0,6.0,6.0,6.0,9.0,9.0,10.0,7.0,9.0,6.0,8.0,6.0,7.0,7.0,8.0,8.0,8.0,8.0
7.0,9.0,8.0,9.0,7.0,8.0,9.0,8.0,9.0,10.0,7.0,9.0,8.0,9.0,6.0,9.0,8.0,8.0,8.0,9.0,8.0,9.0,10.0,10.0,9.0,7.0,8.0,8.0,9.0,8.0,7.0,7.0,8.0
6.0,6.0,7.0,6.0,8.0,8.0,8.0,8.0,8.0,7.0,7.0,8.0,7.0,8.0,7.0,8.0,8.0,6.0,6.0,7.0,8.0,8.0,7.0,9.0,6.0,6.0,6.0,6.0,7.0,8.0,6.0,6.0,8.0
6.0,6.0,7.0,6.0,6.0,6.0,5.0,8.0,7.0,7.0,5.0,6.0,6.0,7.0,5.0,7.0,5.0,6.0,6.0,7.0,8.0,7.0,7.0,8.0,6.0,6.0,6.0,7.0,7.0,7.0,6.0,6.0,7.0
6.0,6.0,7.0,6.0,8.0,9.0,7.0,8.0,6.0,7.0,7.0,8.0,7.0,8.0,7.0,8.0,7.0,6.0,6.0,7.0,7.0,6.0,7.0,9.0,6.0,6.0,6.0,7.0,7.0,7.0,6.0,6.0,8.0
7.0,7.0,7.0,7.0,8.0,7.0,6.0,8.0,7.0,7.0,7.0,8.0,8.0,7.0,7.0,7.0,6.0,6.0,6.0,9.0,9.0,7.0,7.0,9.0,6.0,8.0,6.0,8.0,7.0,7.0,8.0,8.0,8.0
6.0,5.0,7.0,6.0,6.0,6.0,6.0,8.0,6.0,5.0,5.0,6.0,5.0,6.0,5.0,6.0,6.0,6.0,6.0,7.0,6.0,6.0,7.0,8.0,6.0,4.0,6.0,5.0,7.0,6.0,6.0,6.0,7.0
6.0,6.0,7.0,6.0,8.0,9.0,8.0,8.0,7.0,7.0,7.0,8.0,7.0,8.0,7.0,8.0,8.0,6.0,6.0,7.0,7.0,7.0,7.0,9.0,6.0,6.0,6.0,7.0,7.0,8.0,6.0,6.0,8.0
7.0,8.0,8.0,8.0,8.0,8.0,8.0,8.0,9.0,8.0,7.0,8.0,7.0,8.0,7.0,8.0,7.0,8.0,8.0,8.0,10.0,9.0,8.0,9.0,8.0,8.0,8.0,8.0,8.0,10.0,7.0,7.0,8.0
8.0,8.0,8.0,6.0,8.0,8.0,7.0,9.0,8.0,7.0,6.0,7.0,6.0,7.0,7.0,7.0,7.0,8.0,7.0,7.0,7.0,8.0,7.0,9.0,8.0,6.0,7.0,6.0,8.0,8.0,6.0,6.0,7.0
6.0,6.0,7.0,7.0,7.0,6.0,6.0,7.0,6.0,6.0,6.0,7.0,5.0,6.0,5.0,6.0,6.0,7.0,6.0,6.0,7.0,6.0,7.0,8.0,6.0,6.0,7.0,6.0,7.0,7.0,5.0,5.0,7.0
6.0,6.0,7.0,6.0,8.0,8.0,7.0,8.0,8.0,7.0,7.0,8.0,7.0,7.0,7.0,7.0,7.0,6.0,6.0,7.0,7.0,8.0,7.0,9.0,6.0,6.0,6.0,6.0,7.0,7.0,6.0,6.0,8.0
7.0,8.0,8.0,8.0,8.0,9.0,9.0,8.0,9.0,8.0,7.0,8.0,7.0,8.0,7.0,8.0,8.0,8.0,8.0,8.0,8.0,9.0,8.0,9.0,8.0,8.0,8.0,9.0,8.0,8.0,7.0,7.0,8.0
6.0,6.0,7.0,6.0,6.0,6.0,7.0,8.0,7.0,6.0,5.0,6.0,6.0,6.0,5.0,6.0,6.0,6.0,6.0,7.0,7.0,7.0,7.0,7.0,6.0,6.0,6.0,6.0,6.0,7.0,6.0,6.0,7.0
6.0,6.0,7.0,6.0,8.0,8.0,7.0,8.0,8.0,7.0,7.0,8.0,7.0,7.0,7.0,7.0,6.0,6.0,6.0,7.0,9.0,8.0,7.0,9.0,6.0,6.0,6.0,6.0,7.0,9.0,6.0,6.0,8.0
6.0,6.0,7.0,6.0,6.0,7.0,7.0,8.0,7.0,7.0,5.0,6.0,6.0,6.0,5.0,6.0,5.0,6.0,6.0,7.0,6.0,7.0,7.0,8.0,6.0,6.0,6.0,6.0,7.0,6.0,6.0,6.0,7.0
7.0,8.0,9.0,7.0,8.0,7.0,8.0,8.0,10.0,8.0,6.0,8.0,6.0,7.0,6.0,7.0,6.0,8.0,7.0,8.0,9.0,10.0,8.0,10.0,8.0,6.0,8.0,8.0,6.0,8.0,6.0,6.0,8.0
9.0,8.0,8.0,8.0,8.0,8.0,8.0,8.0,8.0,8.0,7.0,8.0,7.0,8.0,7.0,8.0,7.0,8.0,8.0,9.0,9.0,8.0,8.0,10.0,8.0,7.0,8.0,9.0,8.0,8.0,8.0,8.0,8.0
7.0,8.0,7.0,8.0,6.0,7.0,7.0,7.0,9.0,8.0,6.0,8.0,7.0,6.0,5.0,6.0,6.0,6.0,8.0,8.0,7.0,9.0,9.0,9.0,8.0,9.0,6.0,7.0,7.0,7.0,8.0,8.0,7.0
6.0,8.0,7.0,7.0,8.0,8.0,6.0,8.0,9.0,9.0,6.0,8.0,8.0,7.0,7.0,7.0,7.0,6.0,6.0,9.0,8.0,9.0,7.0,8.0,6.0,8.0,6.0,8.0,7.0,7.0,7.0,7.0,8.0
6.0,7.0,7.0,8.0,8.0,8.0,8.0,8.0,7.0,7.0,6.0,8.0,5.0,7.0,7.0,7.0,9.0,6.0,6.0,6.0,6.0,7.0,7.0,9.0,6.0,6.0,6.0,6.0,9.0,7.0,7.0,7.0,8.0
7.0,8.0,8.0,8.0,8.0,8.0,8.0,8.0,8.0,8.0,7.0,8.0,7.0,7.0,7.0,7.0,8.0,8.0,8.0,8.0,7.0,8.0,8.0,9.0,8.0,8.0,8.0,8.0,8.0,7.0,7.0,7.0,8.0
6.0,6.0,7.0,6.0,6.0,7.0,7.0,8.0,6.0,7.0,5.0,6.0,6.0,6.0,5.0,6.0,7.0,6.0,6.0,7.0,6.0,6.0,7.0,8.0,6.0,6.0,6.0,6.0,7.0,6.0,6.0,6.0,7.0
7.0,10.0,8.0,8.0,8.0,8.0,9.0,8.0,7.0,9.0,6.0,8.0,6.0,8.0,7.0,8.0,10.0,8.0,8.0,7.0,8.0,7.0,8.0,10.0,8.0,6.0,8.0,7.0,9.0,7.0,8.0,8.0,8.0
6.0,7.0,8.0,8.0,8.0,8.0,6.0,9.0,8.0,6.0,6.0,6.0,6.0,7.0,7.0,7.0,7.0,7.0,7.0,6.0,8.0,8.0,7.0,8.0,7.0,7.0,7.0,6.0,9.0,8.0,7.0,7.0,8.0
7.0,9.0,8.0,8.0,8.0,9.0,7.0,8.0,9.0,9.0,7.0,8.0,7.0,8.0,7.0,8.0,8.0,8.0,8.0,9.0,8.0,9.0,8.0,9.0,8.0,9.0,8.0,7.0,9.0,9.0,8.0,8.0,8.0
6.0,6.0,6.0,6.0,7.0,6.0,6.0,7.0,7.0,6.0,6.0,5.0,5.0,6.0,6.0,6.0,6.0,6.0,6.0,6.0,7.0,7.0,5.0,7.0,5.0,5.0,6.0,6.0,7.0,7.0,6.0,6.0,7.0
8.0,8.0,7.0,8.0,7.0,8.0,8.0,7.0,8.0,6.0,7.0,8.0,6.0,8.0,7.0,8.0,9.0,8.0,8.0,7.0,8.0,8.0,8.0,9.0,7.0,7.0,7.0,6.0,10.0,8.0,7.0,7.0,10.0
5.0,7.0,7.0,7.0,6.0,7.0,7.0,8.0,5.0,5.0,5.0,6.0,4.0,6.0,5.0,6.0,8.0,6.0,6.0,7.0,6.0,5.0,7.0,8.0,6.0,5.0,6.0,5.0,8.0,6.0,6.0,6.0,7.0
7.0,8.0,7.0,8.0,8.0,8.0,8.0,8.0,8.0,8.0,7.0,7.0,6.0,10.0,9.0,10.0,9.0,8.0,8.0,7.0,9.0,8.0,8.0,9.0,8.0,7.0,7.0,7.0,9.0,8.0,7.0,7.0,9.0
7.0,7.0,8.0,9.0,8.0,8.0,7.0,8.0,9.0,8.0,8.0,8.0,7.0,9.0,7.0,9.0,9.0,8.0,8.0,8.0,9.0,9.0,8.0,10.0,8.0,7.0,8.0,8.0,9.0,9.0,8.0,8.0,8.0
5.0,6.0,7.0,7.0,6.0,7.0,6.0,8.0,7.0,6.0,4.0,6.0,5.0,6.0,5.0,6.0,7.0,6.0,6.0,6.0,6.0,7.0,4.0,8.0,6.0,7.0,6.0,6.0,6.0,7.0,6.0,6.0,7.0
6.0,6.0,7.0,6.0,6.0,7.0,7.0,8.0,7.0,7.0,5.0,6.0,6.0,6.0,5.0,6.0,7.0,6.0,6.0,7.0,7.0,7.0,7.0,8.0,6.0,6.0,6.0,6.0,7.0,6.0,6.0,6.0,7.0
6.0,6.0,7.0,8.0,8.0,7.0,6.0,8.0,7.0,7.0,6.0,7.0,6.0,8.0,8.0,8.0,7.0,8.0,7.0,6.0,7.0,7.0,7.0,9.0,7.0,8.0,6.0,6.0,9.0,8.0,7.0,7.0,8.0
8.0,8.0,8.0,8.0,8.0,8.0,9.0,8.0,8.0,9.0,6.0,8.0,6.0,9.0,7.0,9.0,10.0,8.0,8.0,6.0,8.0,8.0,8.0,10.0,8.0,6.0,8.0,8.0,10.0,9.0,6.0,6.0,8.0
6.0,6.0,7.0,6.0,8.0,8.0,8.0,8.0,7.0,7.0,7.0,8.0,7.0,7.0,7.0,7.0,8.0,6.0,6.0,7.0,6.0,7.0,7.0,9.0,6.0,6.0,6.0,7.0,7.0,6.0,6.0,6.0,8.0
7.0,8.0,8.0,8.0,8.0,7.0,8.0,8.0,9.0,8.0,7.0,8.0,7.0,9.0,7.0,9.0,7.0,8.0,8.0,8.0,9.0,9.0,8.0,9.0,8.0,8.0,8.0,7.0,8.0,9.0,7.0,7.0,8.0
6.0,6.0,7.0,6.0,8.0,7.0,6.0,8.0,8.0,5.0,7.0,8.0,6.0,7.0,7.0,7.0,6.0,6.0,6.0,7.0,9.0,8.0,7.0,8.0,6.0,5.0,6.0,6.0,7.0,7.0,8.0,8.0,8.0
9.0,8.0,8.0,8.0,8.0,8.0,9.0,8.0,10.0,9.0,8.0,8.0,9.0,8.0,7.0,8.0,6.0,8.0,8.0,9.0,10.0,10.0,8.0,10.0,8.0,8.0,8.0,10.0,9.0,9.0,8.0,8.0,8.0
7.0,8.0,8.0,8.0,8.0,8.0,9.0,8.0,8.0,8.0,7.0,8.0,7.0,8.0,7.0,8.0,9.0,8.0,8.0,8.0,8.0,8.0,8.0,9.0,8.0,8.0,8.0,7.0,8.0,9.0,7.0,7.0,8.0
6.0,6.0,7.0,6.0,6.0,7.0,5.0,8.0,6.0,7.0,5.0,6.0,6.0,6.0,5.0,6.0,6.0,6.0,6.0,7.0,6.0,6.0,6.0,8.0,6.0,6.0,6.0,6.0,7.0,8.0,6.0,6.0,7.0
6.0,6.0,7.0,6.0,8.0,8.0,7.0,8.0,9.0,7.0,7.0,8.0,7.0,6.0,7.0,6.0,6.0,6.0,6.0,7.0,9.0,9.0,7.0,9.0,6.0,6.0,6.0,7.0,7.0,8.0,6.0,6.0,8.0
7.0,7.0,7.0,8.0,8.0,7.0,6.0,8.0,9.0,8.0,7.0,8.0,9.0,7.0,7.0,7.0,6.0,6.0,6.0,7.0,9.0,9.0,7.0,9.0,6.0,8.0,6.0,7.0,8.0,9.0,7.0,7.0,8.0
6.0,6.0,7.0,6.0,6.0,6.0,5.0,8.0,8.0,7.0,5.0,6.0,6.0,6.0,5.0,6.0,4.0,6.0,6.0,7.0,8.0,8.0,7.0,8.0,6.0,6.0,6.0,7.0,7.0,8.0,6.0,6.0,7.0
6.0,7.0,7.0,7.0,6.0,7.0,8.0,8.0,6.0,6.0,4.0,6.0,4.0,6.0,5.0,6.0,7.0,6.0,6.0,5.0,4.0,6.0,7.0,8.0,6.0,4.0,6.0,6.0,8.0,5.0,5.0,5.0,7.0
4.0,5.0,7.0,6.0,6.0,6.0,6.0,8.0,6.0,4.0,6.0,6.0,5.0,6.0,5.0,6.0,7.0,6.0,6.0,7.0,7.0,6.0,7.0,6.0,6.0,6.0,6.0,5.0,8.0,6.0,6.0,6.0,7.0
7.0,8.0,8.0,9.0,8.0,9.0,9.0,8.0,9.0,8.0,7.0,8.0,6.0,9.0,7.0,9.0,9.0,8.0,8.0,9.0,8.0,9.0,8.0,10.0,8.0,7.0,8.0,8.0,8.0,9.0,7.0,7.0,8.0
6.0,6.0,7.0,6.0,6.0,6.0,6.0,8.0,6.0,7.0,5.0,6.0,6.0,7.0,5.0,7.0,6.0,6.0,6.0,7.0,7.0,6.0,7.0,8.0,6.0,6.0,6.0,6.0,7.0,7.0,6.0,6.0,7.0
7.0,6.0,7.0,7.0,6.0,6.0,6.0,8.0,8.0,7.0,5.0,6.0,6.0,5.0,5.0,5.0,6.0,6.0,6.0,6.0,7.0,8.0,7.0,9.0,6.0,6.0,6.0,6.0,6.0,6.0,6.0,6.0,7.0
7.0,8.0,8.0,7.0,8.0,8.0,6.0,8.0,10.0,8.0,7.0,8.0,9.0,8.0,7.0,8.0,7.0,8.0,8.0,9.0,9.0,10.0,8.0,10.0,8.0,8.0,8.0,8.0,8.0,8.0,9.0,9.0,8.0
6.0,6.0,7.0,6.0,8.0,8.0,7.0,8.0,8.0,7.0,7.0,8.0,7.0,7.0,7.0,7.0,7.0,6.0,6.0,7.0,7.0,8.0,7.0,9.0,6.0,6.0,6.0,7.0,7.0,7.0,6.0,6.0,8.0
7.0,8.0,8.0,8.0,8.0,8.0,8.0,8.0,9.0,8.0,7.0,8.0,7.0,9.0,7.0,9.0,7.0,8.0,8.0,8.0,10.0,9.0,8.0,9.0,8.0,8.0,8.0,10.0,8.0,7.0,7.0,7.0,8.0
6.0,6.0,7.0,6.0,6.0,7.0,7.0,8.0,7.0,7.0,5.0,6.0,6.0,6.0,5.0,6.0,6.0,6.0,6.0,7.0,8.0,7.0,7.0,8.0,6.0,6.0,6.0,6.0,7.0,7.0,6.0,6.0,7.0
6.0,6.0,7.0,6.0,8.0,8.0,8.0,8.0,8.0,7.0,7.0,8.0,7.0,8.0,7.0,8.0,8.0,6.0,6.0,7.0,7.0,8.0,7.0,9.0,6.0,6.0,6.0,7.0,7.0,6.0,6.0,6.0,8.0
6.0,6.0,6.0,5.0,6.0,7.0,6.0,7.0,8.0,6.0,6.0,7.0,6.0,6.0,4.0,6.0,7.0,5.0,6.0,7.0,7.0,8.0,7.0,7.0,6.0,7.0,6.0,6.0,6.0,6.0,6.0,6.0,6.0
6.0,6.0,7.0,6.0,8.0,8.0,8.0,8.0,8.0,7.0,7.0,8.0,7.0,7.0,7.0,7.0,8.0,6.0,6.0,7.0,7.0,8.0,7.0,9.0,6.0,6.0,6.0,7.0,7.0,6.0,6.0,6.0,8.0
7.0,8.0,8.0,8.0,8.0,9.0,9.0,8.0,10.0,8.0,7.0,8.0,7.0,7.0,7.0,7.0,8.0,8.0,8.0,8.0,8.0,10.0,8.0,9.0,8.0,8.0,8.0,9.0,8.0,8.0,7.0,7.0,8.0
7.0,8.0,8.0,8.0,8.0,9.0,8.0,8.0,9.0,8.0,7.0,8.0,7.0,8.0,7.0,8.0,7.0,8.0,8.0,8.0,9.0,9.0,8.0,9.0,8.0,8.0,8.0,8.0,8.0,8.0,7.0,7.0,8.0
7.0,7.0,7.0,7.0,6.0,8.0,6.0,8.0,8.0,9.0,5.0,6.0,7.0,6.0,5.0,6.0,6.0,6.0,6.0,9.0,7.0,8.0,7.0,8.0,6.0,8.0,6.0,6.0,7.0,6.0,6.0,6.0,7.0
8.0,8.0,8.0,8.0,8.0,9.0,8.0,8.0,9.0,9.0,7.0,8.0,8.0,8.0,7.0,8.0,8.0,8.0,8.0,9.0,9.0,9.0,8.0,10.0,8.0,8.0,8.0,8.0,9.0,8.0,8.0,8.0,8.0
6.0,6.0,7.0,6.0,8.0,7.0,8.0,8.0,7.0,7.0,7.0,8.0,7.0,8.0,7.0,8.0,7.0,6.0,6.0,7.0,8.0,7.0,7.0,9.0,6.0,6.0,6.0,7.0,7.0,9.0,6.0,6.0,8.0
6.0,6.0,7.0,6.0,6.0,6.0,5.0,8.0,7.0,6.0,5.0,6.0,7.0,6.0,5.0,6.0,5.0,6.0,6.0,7.0,7.0,7.0,7.0,7.0,6.0,6.0,6.0,7.0,7.0,8.0,6.0,6.0,7.0
6.0,6.0,7.0,6.0,8.0,7.0,6.0,8.0,8.0,7.0,7.0,8.0,7.0,7.0,7.0,7.0,5.0,6.0,6.0,7.0,9.0,8.0,7.0,9.0,6.0,6.0,6.0,8.0,7.0,9.0,6.0,6.0,8.0
7.0,8.0,8.0,8.0,8.0,8.0,8.0,8.0,7.0,8.0,7.0,8.0,7.0,9.0,7.0,9.0,8.0,8.0,8.0,8.0,8.0,7.0,8.0,9.0,8.0,8.0,8.0,8.0,8.0,8.0,7.0,7.0,8.0
6.0,6.0,7.0,6.0,6.0,7.0,7.0,8.0,9.0,7.0,5.0,6.0,6.0,7.0,5.0,7.0,5.0,6.0,6.0,7.0,8.0,9.0,7.0,8.0,6.0,6.0,6.0,8.0,7.0,7.0,6.0,6.0,7.0
7.0,8.0,8.0,8.0,8.0,8.0,9.0,8.0,8.0,8.0,7.0,8.0,7.0,10.0,7.0,10.0,9.0,8.0,8.0,8.0,8.0,8.0,8.0,9.0,8.0,8.0,8.0,9.0,8.0,8.0,7.0,7.0,8.0
7.0,8.0,8.0,8.0,8.0,8.0,9.0,8.0,7.0,8.0,7.0,8.0,7.0,8.0,7.0,8.0,9.0,8.0,8.0,8.0,8.0,7.0,8.0,9.0,8.0,8.0,8.0,8.0,8.0,9.0,7.0,7.0,8.0
6.0,7.0,8.0,9.0,8.0,8.0,8.0,8.0,8.0,7.0,8.0,8.0,7.0,8.0,7.0,8.0,9.0,8.0,8.0,8.0,10.0,8.0,8.0,8.0,8.0,8.0,8.0,7.0,9.0,10.0,8.0,8.0,8.0
6.0,6.0,7.0,7.0,7.0,8.0,7.0,8.0,7.0,6.0,7.0,7.0,6.0,8.0,8.0,8.0,8.0,7.0,7.0,6.0,7.0,7.0,7.0,8.0,7.0,6.0,6.0,7.0,8.0,8.0,6.0,6.0,8.0
6.0,6.0,7.0,6.0,6.0,7.0,7.0,8.0,6.0,7.0,5.0,6.0,6.0,6.0,5.0,6.0,7.0,6.0,6.0,7.0,6.0,6.0,7.0,8.0,6.0,6.0,6.0,6.0,7.0,7.0,6.0,6.0,7.0
6.0,6.0,7.0,6.0,8.0,7.0,7.0,8.0,8.0,7.0,7.0,8.0,7.0,6.0,7.0,6.0,7.0,6.0,6.0,7.0,8.0,8.0,7.0,9.0,6.0,6.0,6.0,8.0,7.0,7.0,6.0,6.0,8.0
8.0,7.0,8.0,7.0,7.0,7.0,7.0,9.0,8.0,8.0,6.0,8.0,6.0,7.0,6.0,7.0,7.0,7.0,6.0,6.0,8.0,8.0,7.0,9.0,6.0,7.0,8.0,7.0,8.0,8.0,6.0,6.0,8.0
7.0,8.0,8.0,8.0,8.0,8.0,7.0,8.0,7.0,8.0,7.0,8.0,7.0,8.0,7.0,8.0,9.0,8.0,8.0,8.0,8.0,7.0,8.0,9.0,8.0,8.0,8.0,7.0,8.0,8.0,7.0,7.0,8.0
6.0,6.0,7.0,7.0,6.0,6.0,6.0,8.0,6.0,6.0,6.0,6.0,5.0,6.0,5.0,6.0,6.0,6.0,6.0,7.0,7.0,6.0,7.0,7.0,6.0,6.0,6.0,5.0,7.0,6.0,6.0,6.0,7.0
9.0,10.0,8.0,8.0,8.0,9.0,9.0,8.0,9.0,10.0,7.0,8.0,8.0,8.0,7.0,8.0,9.0,8.0,8.0,10.0,8.0,9.0,8.0,10.0,8.0,8.0,8.0,9.0,8.0,8.0,7.0,7.0,8.0
6.0,6.0,7.0,7.0,8.0,7.0,7.0,8.0,7.0,7.0,6.0,8.0,6.0,7.0,7.0,7.0,8.0,6.0,6.0,8.0,6.0,7.0,7.0,8.0,6.0,6.0,6.0,6.0,8.0,7.0,7.0,7.0,8.0
7.0,8.0,8.0,8.0,8.0,8.0,9.0,8.0,9.0,9.0,7.0,8.0,8.0,8.0,7.0,8.0,8.0,8.0,8.0,10.0,9.0,9.0,8.0,9.0,8.0,10.0,8.0,8.0,8.0,10.0,8.0,8.0,8.0
6.0,6.0,7.0,6.0,6.0,6.0,6.0,8.0,7.0,7.0,5.0,6.0,6.0,5.0,5.0,5.0,6.0,6.0,6.0,7.0,6.0,7.0,7.0,8.0,6.0,6.0,6.0,6.0,7.0,6.0,6.0,6.0,7.0
8.0,9.0,8.0,9.0,8.0,9.0,9.0,8.0,9.0,10.0,6.0,8.0,7.0,9.0,7.0,9.0,9.0,8.0,8.0,9.0,7.0,9.0,8.0,10.0,8.0,8.0,8.0,10.0,9.0,8.0,8.0,8.0,8.0
6.0,6.0,7.0,6.0,8.0,7.0,7.0,8.0,8.0,7.0,7.0,8.0,7.0,8.0,7.0,8.0,7.0,6.0,6.0,7.0,8.0,8.0,7.0,9.0,6.0,6.0,6.0,8.0,7.0,7.0,6.0,6.0,8.0
6.0,6.0,7.0,6.0,6.0,7.0,6.0,7.0,7.0,7.0,6.0,7.0,6.0,6.0,5.0,6.0,6.0,6.0,6.0,7.0,8.0,7.0,7.0,8.0,6.0,6.0,6.0,6.0,7.0,6.0,6.0,6.0,6.0
6.0,6.0,7.0,7.0,6.0,7.0,7.0,8.0,8.0,7.0,6.0,6.0,5.0,7.0,5.0,7.0,6.0,6.0,6.0,7.0,7.0,8.0,7.0,9.0,6.0,7.0,6.0,7.0,7.0,7.0,5.0,5.0,7.0
6.0,6.0,7.0,6.0,6.0,6.0,6.0,8.0,7.0,7.0,5.0,6.0,6.0,7.0,5.0,7.0,5.0,6.0,6.0,7.0,8.0,7.0,7.0,8.0,6.0,6.0,6.0,6.0,7.0,8.0,6.0,6.0,7.0
6.0,7.0,7.0,7.0,6.0,7.0,7.0,8.0,6.0,7.0,4.0,6.0,5.0,7.0,5.0,7.0,7.0,6.0,6.0,7.0,6.0,6.0,7.0,8.0,6.0,6.0,6.0,6.0,7.0,6.0,5.0,5.0,7.0
6.0,6.0,7.0,6.0,8.0,6.0,7.0,8.0,8.0,7.0,7.0,8.0,7.0,8.0,7.0,8.0,6.0,6.0,6.0,7.0,9.0,8.0,7.0,9.0,6.0,6.0,6.0,7.0,7.0,8.0,6.0,6.0,8.0
9.0,8.0,8.0,8.0,8.0,8.0,7.0,8.0,9.0,8.0,7.0,8.0,7.0,9.0,7.0,9.0,8.0,8.0,8.0,7.0,9.0,9.0,8.0,9.0,8.0,7.0,8.0,8.0,8.0,8.0,7.0,7.0,8.0
7.0,6.0,7.0,7.0,8.0,7.0,8.0,8.0,6.0,7.0,5.0,8.0,5.0,9.0,7.0,9.0,9.0,6.0,6.0,6.0,8.0,6.0,7.0,9.0,6.0,6.0,6.0,6.0,8.0,7.0,5.0,5.0,8.0
6.0,6.0,7.0,6.0,6.0,6.0,7.0,8.0,6.0,7.0,5.0,6.0,6.0,7.0,5.0,7.0,7.0,6.0,6.0,7.0,6.0,6.0,7.0,8.0,6.0,6.0,6.0,5.0,7.0,6.0,6.0,6.0,7.0
6.0,6.0,7.0,6.0,6.0,6.0,6.0,8.0,7.0,7.0,5.0,6.0,6.0,7.0,5.0,7.0,7.0,6.0,6.0,7.0,5.0,7.0,7.0,8.0,6.0,6.0,6.0,6.0,7.0,6.0,6.0,6.0,7.0
6.0,7.0,7.0,6.0,8.0,8.0,7.0,8.0,9.0,7.0,7.0,8.0,8.0,8.0,7.0,8.0,6.0,6.0,6.0,10.0,9.0,9.0,7.0,8.0,6.0,9.0,6.0,7.0,8.0,7.0,6.0,6.0,8.0
7.0,7.0,6.0,8.0,8.0,8.0,8.0,7.0,7.0,8.0,6.0,8.0,7.0,8.0,7.0,8.0,8.0,7.0,6.0,9.0,7.0,7.0,8.0,8.0,9.0,8.0,8.0,7.0,10.0,8.0,6.0,6.0,8.0
6.0,6.0,7.0,6.0,8.0,7.0,7.0,8.0,9.0,7.0,7.0,8.0,7.0,7.0,7.0,7.0,6.0,6.0,6.0,7.0,8.0,9.0,7.0,9.0,6.0,6.0,6.0,8.0,7.0,8.0,6.0,6.0,8.0
8.0,9.0,7.0,9.0,8.0,10.0,9.0,8.0,9.0,8.0,7.0,8.0,8.0,8.0,7.0,8.0,9.0,7.0,8.0,8.0,8.0,9.0,10.0,10.0,8.0,8.0,8.0,8.0,9.0,9.0,8.0,8.0,9.0
7.0,8.0,7.0,7.0,8.0,8.0,8.0,8.0,7.0,8.0,6.0,8.0,6.0,8.0,7.0,8.0,8.0,6.0,6.0,8.0,8.0,7.0,7.0,10.0,6.0,7.0,6.0,7.0,8.0,7.0,6.0,6.0,8.0
6.0,6.0,7.0,6.0,8.0,8.0,7.0,8.0,9.0,7.0,7.0,8.0,7.0,6.0,7.0,6.0,7.0,6.0,6.0,7.0,8.0,9.0,7.0,9.0,6.0,6.0,6.0,7.0,7.0,8.0,6.0,6.0,8.0
6.0,6.0,7.0,6.0,6.0,7.0,7.0,8.0,7.0,7.0,5.0,6.0,6.0,6.0,5.0,6.0,8.0,6.0,6.0,7.0,7.0,7.0,7.0,8.0,6.0,6.0,6.0,6.0,7.0,8.0,6.0,6.0,7.0
6.0,6.0,7.0,6.0,6.0,7.0,6.0,8.0,6.0,6.0,5.0,6.0,5.0,7.0,5.0,7.0,6.0,6.0,6.0,6.0,8.0,6.0,7.0,7.0,6.0,7.0,6.0,6.0,7.0,8.0,6.0,6.0,7.0
6.0,6.0,7.0,6.0,6.0,7.0,7.0,8.0,7.0,7.0,5.0,6.0,6.0,6.0,5.0,6.0,6.0,6.0,6.0,7.0,7.0,7.0,7.0,8.0,6.0,6.0,6.0,5.0,7.0,6.0,6.0,6.0,7.0
7.0,7.0,8.0,9.0,8.0,8.0,7.0,8.0,9.0,7.0,7.0,8.0,9.0,9.0,7.0,9.0,7.0,8.0,8.0,9.0,9.0,9.0,8.0,9.0,8.0,10.0,8.0,9.0,10.0,10.0,9.0,9.0,8.0
7.0,8.0,8.0,9.0,9.0,9.0,8.0,9.0,9.0,9.0,7.0,9.0,8.0,8.0,7.0,8.0,9.0,7.0,9.0,10.0,7.0,9.0,9.0,10.0,9.0,9.0,9.0,8.0,9.0,8.0,8.0,8.0,9.0
6.0,8.0,7.0,8.0,8.0,8.0,8.0,8.0,7.0,7.0,6.0,8.0,7.0,7.0,7.0,7.0,7.0,6.0,6.0,6.0,7.0,7.0,7.0,8.0,6.0,8.0,6.0,7.0,8.0,8.0,5.0,5.0,8.0
7.0,8.0,8.0,8.0,8.0,8.0,7.0,8.0,9.0,8.0,7.0,8.0,7.0,9.0,7.0,9.0,8.0,8.0,8.0,8.0,10.0,9.0,8.0,9.0,8.0,8.0,8.0,8.0,8.0,8.0,7.0,7.0,8.0
7.0,7.0,8.0,8.0,8.0,8.0,8.0,8.0,9.0,9.0,7.0,8.0,8.0,9.0,7.0,9.0,7.0,8.0,8.0,10.0,9.0,9.0,8.0,10.0,8.0,9.0,8.0,9.0,9.0,9.0,8.0,8.0,8.0
6.0,6.0,7.0,6.0,6.0,7.0,6.0,8.0,8.0,7.0,6.0,6.0,7.0,6.0,5.0,6.0,5.0,6.0,6.0,8.0,9.0,8.0,8.0,8.0,6.0,6.0,6.0,6.0,6.0,8.0,8.0,8.0,6.0
7.0,8.0,8.0,8.0,8.0,8.0,8.0,8.0,8.0,8.0,7.0,8.0,7.0,7.0,7.0,7.0,8.0,8.0,8.0,8.0,9.0,8.0,8.0,9.0,8.0,8.0,8.0,7.0,8.0,8.0,7.0,7.0,8.0
8.0,8.0,8.0,7.0,8.0,8.0,8.0,8.0,10.0,9.0,7.0,8.0,8.0,7.0,7.0,7.0,8.0,8.0,8.0,8.0,9.0,10.0,8.0,10.0,8.0,8.0,8.0,9.0,8.0,9.0,8.0,8.0,8.0
7.0,8.0,7.0,7.0,8.0,8.0,6.0,8.0,10.0,8.0,6.0,8.0,6.0,6.0,7.0,6.0,6.0,6.0,6.0,7.0,9.0,10.0,7.0,8.0,6.0,6.0,6.0,8.0,6.0,7.0,6.0,6.0,8.0
4.0,6.0,7.0,6.0,6.0,7.0,6.0,8.0,6.0,6.0,4.0,6.0,6.0,6.0,5.0,6.0,6.0,6.0,7.0,7.0,6.0,6.0,7.0,7.0,6.0,7.0,6.0,6.0,8.0,6.0,6.0,6.0,7.0
6.0,6.0,7.0,6.0,8.0,7.0,8.0,8.0,9.0,7.0,7.0,8.0,7.0,8.0,7.0,8.0,7.0,6.0,6.0,7.0,9.0,9.0,7.0,9.0,6.0,6.0,6.0,8.0,7.0,9.0,6.0,6.0,8.0
7.0,8.0,8.0,8.0,8.0,9.0,9.0,8.0,9.0,8.0,7.0,8.0,7.0,7.0,7.0,7.0,8.0,8.0,8.0,8.0,8.0,9.0,8.0,9.0,8.0,8.0,8.0,10.0,8.0,7.0,7.0,7.0,8.0
6.0,6.0,7.0,6.0,6.0,8.0,7.0,9.0,7.0,9.0,6.0,7.0,7.0,6.0,5.0,6.0,7.0,8.0,6.0,7.0,6.0,7.0,7.0,9.0,8.0,6.0,7.0,6.0,7.0,7.0,6.0,6.0,8.0
5.0,6.0,7.0,7.0,6.0,6.0,6.0,8.0,6.0,6.0,6.0,6.0,5.0,7.0,5.0,7.0,7.0,6.0,7.0,6.0,7.0,6.0,6.0,8.0,6.0,6.0,6.0,6.0,7.0,6.0,6.0,6.0,8.0
6.0,6.0,7.0,6.0,6.0,5.0,7.0,8.0,6.0,7.0,5.0,6.0,6.0,8.0,5.0,8.0,7.0,6.0,6.0,7.0,5.0,6.0,7.0,8.0,6.0,6.0,6.0,6.0,7.0,6.0,6.0,6.0,7.0
7.0,7.0,6.0,7.0,8.0,9.0,8.0,7.0,6.0,7.0,6.0,6.0,5.0,7.0,6.0,7.0,9.0,7.0,7.0,7.0,7.0,6.0,7.0,9.0,7.0,6.0,6.0,6.0,7.0,6.0,6.0,6.0,8.0
7.0,8.0,8.0,8.0,8.0,9.0,7.0,8.0,8.0,8.0,7.0,8.0,7.0,8.0,7.0,8.0,7.0,8.0,8.0,8.0,10.0,8.0,8.0,9.0,8.0,8.0,8.0,8.0,8.0,8.0,7.0,7.0,8.0
6.0,6.0,7.0,6.0,8.0,8.0,7.0,8.0,9.0,7.0,7.0,8.0,7.0,6.0,7.0,6.0,7.0,6.0,6.0,7.0,9.0,9.0,7.0,9.0,6.0,6.0,6.0,8.0,7.0,8.0,6.0,6.0,8.0
7.0,8.0,8.0,8.0,8.0,8.0,9.0,8.0,10.0,8.0,7.0,8.0,7.0,8.0,7.0,8.0,8.0,8.0,8.0,8.0,8.0,10.0,8.0,9.0,8.0,8.0,8.0,8.0,8.0,9.0,7.0,7.0,8.0
6.0,6.0,7.0,6.0,8.0,8.0,6.0,8.0,7.0,7.0,7.0,8.0,7.0,7.0,7.0,7.0,7.0,6.0,6.0,7.0,8.0,7.0,7.0,9.0,6.0,6.0,6.0,6.0,7.0,8.0,6.0,6.0,8.0
6.0,7.0,6.0,7.0,6.0,7.0,8.0,7.0,7.0,8.0,6.0,7.0,6.0,6.0,5.0,6.0,6.0,7.0,6.0,7.0,6.0,7.0,7.0,8.0,7.0,6.0,6.0,6.0,7.0,7.0,6.0,6.0,7.0
7.0,8.0,8.0,8.0,8.0,9.0,10.0,8.0,8.0,8.0,7.0,8.0,7.0,9.0,7.0,9.0,9.0,8.0,8.0,8.0,7.0,8.0,8.0,9.0,8.0,8.0,8.0,8.0,8.0,8.0,7.0,7.0,8.0
8.0,9.0,8.0,8.0,8.0,8.0,9.0,9.0,9.0,9.0,7.0,8.0,7.0,9.0,7.0,9.0,8.0,8.0,8.0,8.0,8.0,9.0,8.0,9.0,8.0,8.0,7.0,8.0,8.0,6.0,6.0,6.0,8.0
5.0,6.0,7.0,6.0,6.0,6.0,6.0,8.0,7.0,7.0,6.0,6.0,6.0,7.0,5.0,7.0,6.0,6.0,8.0,7.0,8.0,7.0,7.0,8.0,6.0,7.0,6.0,6.0,7.0,6.0,6.0,6.0,7.0
7.0,8.0,7.0,7.0,6.0,8.0,7.0,7.0,7.0,8.0,6.0,8.0,6.0,7.0,6.0,7.0,9.0,7.0,7.0,6.0,8.0,7.0,8.0,9.0,7.0,7.0,6.0,7.0,9.0,6.0,7.0,7.0,7.0
6.0,7.0,7.0,6.0,6.0,6.0,6.0,8.0,8.0,8.0,5.0,6.0,5.0,5.0,5.0,5.0,7.0,6.0,6.0,8.0,7.0,8.0,7.0,8.0,6.0,7.0,6.0,7.0,6.0,6.0,5.0,5.0,7.0
8.0,10.0,8.0,9.0,8.0,9.0,9.0,8.0,8.0,9.0,7.0,8.0,8.0,8.0,7.0,8.0,8.0,8.0,8.0,9.0,8.0,8.0,8.0,10.0,8.0,8.0,8.0,7.0,10.0,7.0,7.0,7.0,8.0
7.0,6.0,7.0,6.0,7.0,6.0,6.0,8.0,8.0,7.0,5.0,7.0,5.0,6.0,4.0,6.0,6.0,7.0,6.0,6.0,7.0,8.0,7.0,8.0,6.0,6.0,7.0,6.0,6.0,6.0,6.0,6.0,7.0
8.0,8.0,7.0,9.0,8.0,10.0,9.0,8.0,9.0,8.0,7.0,9.0,9.0,7.0,8.0,7.0,8.0,8.0,8.0,9.0,8.0,9.0,9.0,10.0,8.0,9.0,8.0,8.0,9.0,8.0,9.0,9.0,8.0
9.0,8.0,10.0,8.0,9.0,8.0,7.0,10.0,10.0,9.0,7.0,8.0,8.0,8.0,7.0,8.0,6.0,8.0,8.0,9.0,10.0,10.0,8.0,10.0,8.0,8.0,9.0,8.0,8.0,10.0,8.0,8.0,8.0
8.0,8.0,8.0,8.0,8.0,8.0,8.0,8.0,10.0,8.0,8.0,8.0,9.0,7.0,7.0,7.0,7.0,8.0,8.0,9.0,9.0,10.0,8.0,9.0,8.0,10.0,8.0,8.0,9.0,8.0,8.0,8.0,8.0
6.0,6.0,7.0,6.0,6.0,7.0,6.0,8.0,7.0,7.0,5.0,6.0,6.0,8.0,5.0,8.0,7.0,6.0,6.0,7.0,7.0,7.0,7.0,8.0,6.0,6.0,6.0,7.0,7.0,7.0,6.0,6.0,7.0
6.0,6.0,7.0,6.0,6.0,6.0,6.0,8.0,9.0,7.0,5.0,6.0,6.0,7.0,5.0,7.0,6.0,6.0,6.0,7.0,8.0,9.0,7.0,8.0,6.0,6.0,6.0,7.0,7.0,8.0,6.0,6.0,7.0
8.0,10.0,8.0,8.0,8.0,9.0,9.0,8.0,9.0,9.0,6.0,8.0,7.0,9.0,7.0,9.0,9.0,8.0,8.0,7.0,8.0,9.0,8.0,10.0,8.0,8.0,8.0,8.0,9.0,8.0,6.0,6.0,8.0
6.0,6.0,7.0,6.0,8.0,8.0,7.0,8.0,8.0,7.0,7.0,8.0,7.0,8.0,7.0,8.0,7.0,6.0,6.0,7.0,8.0,8.0,7.0,9.0,6.0,6.0,6.0,8.0,7.0,8.0,6.0,6.0,8.0
6.0,6.0,7.0,6.0,6.0,6.0,7.0,8.0,5.0,7.0,5.0,6.0,6.0,8.0,5.0,8.0,8.0,6.0,6.0,7.0,7.0,5.0,7.0,8.0,6.0,6.0,6.0,6.0,7.0,8.0,6.0,6.0,7.0
8.0,9.0,10.0,7.0,8.0,9.0,7.0,9.0,9.0,9.0,7.0,8.0,8.0,6.0,6.0,6.0,7.0,7.0,8.0,8.0,8.0,9.0,9.0,9.0,8.0,8.0,8.0,8.0,8.0,7.0,7.0,7.0,8.0
5.0,6.0,7.0,6.0,6.0,6.0,6.0,8.0,7.0,6.0,6.0,6.0,6.0,6.0,5.0,6.0,6.0,6.0,7.0,7.0,7.0,7.0,7.0,7.0,6.0,7.0,6.0,6.0,8.0,7.0,6.0,6.0,7.0
6.0,6.0,7.0,6.0,6.0,6.0,7.0,8.0,6.0,7.0,5.0,6.0,6.0,7.0,5.0,7.0,7.0,6.0,6.0,7.0,6.0,6.0,7.0,8.0,6.0,6.0,6.0,6.0,7.0,6.0,6.0,6.0,7.0
6.0,6.0,7.0,6.0,6.0,6.0,6.0,8.0,7.0,7.0,5.0,6.0,6.0,7.0,5.0,7.0,6.0,6.0,6.0,7.0,7.0,7.0,7.0,8.0,6.0,6.0,6.0,6.0,7.0,7.0,6.0,6.0,7.0
6.0,6.0,7.0,6.0,6.0,6.0,7.0,8.0,6.0,7.0,5.0,6.0,6.0,7.0,5.0,7.0,8.0,6.0,6.0,7.0,7.0,6.0,7.0,8.0,6.0,6.0,6.0,5.0,7.0,6.0,6.0,6.0,7.0
7.0,8.0,8.0,8.0,8.0,8.0,8.0,8.0,10.0,8.0,7.0,8.0,7.0,7.0,7.0,7.0,7.0,8.0,8.0,8.0,10.0,10.0,8.0,9.0,8.0,8.0,8.0,8.0,8.0,9.0,7.0,7.0,8.0
6.0,6.0,7.0,6.0,8.0,8.0,8.0,8.0,10.0,7.0,7.0,8.0,7.0,7.0,7.0,7.0,6.0,6.0,6.0,7.0,8.0,10.0,7.0,9.0,6.0,6.0,6.0,8.0,7.0,7.0,6.0,6.0,8.0
6.0,7.0,7.0,8.0,8.0,7.0,6.0,8.0,8.0,7.0,7.0,8.0,7.0,7.0,7.0,7.0,6.0,6.0,6.0,8.0,8.0,8.0,7.0,8.0,6.0,9.0,6.0,7.0,9.0,9.0,8.0,8.0,8.0
6.0,8.0,7.0,8.0,8.0,8.0,6.0,8.0,8.0,8.0,7.0,8.0,7.0,6.0,7.0,6.0,6.0,6.0,6.0,7.0,8.0,8.0,7.0,7.0,6.0,7.0,6.0,7.0,8.0,8.0,7.0,7.0,8.0
6.0,6.0,7.0,6.0,8.0,7.0,7.0,8.0,10.0,7.0,7.0,8.0,7.0,6.0,7.0,6.0,5.0,6.0,6.0,7.0,9.0,10.0,7.0,9.0,6.0,6.0,6.0,7.0,7.0,8.0,6.0,6.0,8.0
6.0,7.0,6.0,7.0,6.0,6.0,6.0,6.0,6.0,6.0,6.0,5.0,4.0,7.0,6.0,7.0,8.0,7.0,6.0,7.0,6.0,6.0,6.0,8.0,6.0,5.0,6.0,6.0,7.0,6.0,6.0,6.0,8.0
7.0,7.0,8.0,7.0,8.0,8.0,7.0,8.0,8.0,6.0,7.0,8.0,6.0,8.0,7.0,8.0,7.0,8.0,8.0,7.0,8.0,8.0,8.0,9.0,8.0,7.0,8.0,8.0,9.0,9.0,7.0,7.0,8.0
8.0,8.0,8.0,8.0,8.0,9.0,9.0,8.0,8.0,9.0,6.0,8.0,8.0,10.0,7.0,10.0,9.0,8.0,8.0,8.0,8.0,8.0,8.0,10.0,8.0,9.0,8.0,8.0,8.0,8.0,7.0,7.0,8.0
6.0,6.0,7.0,6.0,8.0,6.0,6.0,8.0,8.0,7.0,7.0,8.0,7.0,7.0,7.0,7.0,7.0,6.0,6.0,7.0,9.0,8.0,7.0,9.0,6.0,6.0,6.0,8.0,7.0,8.0,6.0,6.0,8.0
5.0,6.0,5.0,7.0,6.0,7.0,6.0,5.0,7.0,6.0,6.0,6.0,5.0,6.0,6.0,6.0,6.0,6.0,6.0,7.0,7.0,7.0,7.0,7.0,6.0,6.0,5.0,6.0,7.0,7.0,6.0,6.0,6.0
4.0,6.0,7.0,7.0,6.0,6.0,7.0,8.0,7.0,6.0,6.0,6.0,6.0,7.0,5.0,7.0,7.0,6.0,6.0,6.0,7.0,7.0,7.0,7.0,6.0,7.0,6.0,6.0,8.0,8.0,6.0,6.0,7.0
7.0,9.0,7.0,8.0,8.0,8.0,7.0,8.0,8.0,9.0,6.0,8.0,7.0,8.0,7.0,8.0,7.0,6.0,6.0,8.0,7.0,8.0,7.0,9.0,6.0,9.0,6.0,8.0,7.0,7.0,7.0,7.0,8.0
7.0,8.0,8.0,8.0,8.0,8.0,8.0,8.0,9.0,8.0,7.0,8.0,7.0,8.0,7.0,8.0,8.0,8.0,8.0,8.0,10.0,9.0,8.0,9.0,8.0,8.0,8.0,8.0,8.0,8.0,7.0,7.0,8.0
6.0,7.0,8.0,7.0,9.0,7.0,6.0,9.0,7.0,6.0,6.0,7.0,7.0,8.0,7.0,8.0,7.0,7.0,6.0,7.0,9.0,7.0,7.0,8.0,7.0,7.0,8.0,6.0,8.0,8.0,7.0,7.0,8.0
8.0,7.0,7.0,7.0,8.0,7.0,6.0,8.0,8.0,8.0,6.0,8.0,6.0,7.0,7.0,7.0,7.0,6.0,6.0,8.0,9.0,8.0,7.0,10.0,6.0,7.0,6.0,8.0,7.0,7.0,7.0,7.0,8.0
6.0,7.0,7.0,6.0,6.0,8.0,6.0,8.0,7.0,7.0,6.0,6.0,6.0,4.0,5.0,4.0,6.0,6.0,7.0,6.0,6.0,7.0,9.0,8.0,6.0,7.0,6.0,7.0,7.0,6.0,6.0,6.0,6.0
7.0,8.0,8.0,8.0,8.0,7.0,7.0,8.0,8.0,8.0,7.0,8.0,7.0,9.0,7.0,9.0,7.0,8.0,8.0,8.0,9.0,8.0,8.0,9.0,8.0,8.0,8.0,7.0,8.0,9.0,7.0,7.0,8.0
6.0,6.0,7.0,6.0,8.0,8.0,7.0,8.0,9.0,7.0,7.0,8.0,7.0,7.0,7.0,7.0,6.0,6.0,6.0,7.0,9.0,9.0,7.0,9.0,6.0,6.0,6.0,8.0,7.0,9.0,6.0,6.0,8.0
7.0,7.0,7.0,6.0,8.0,7.0,6.0,8.0,8.0,7.0,7.0,8.0,5.0,7.0,7.0,7.0,6.0,6.0,6.0,8.0,9.0,8.0,7.0,8.0,6.0,8.0,6.0,7.0,7.0,8.0,7.0,7.0,8.0
6.0,6.0,7.0,6.0,8.0,8.0,9.0,8.0,7.0,7.0,7.0,8.0,7.0,8.0,7.0,8.0,8.0,6.0,6.0,7.0,7.0,7.0,7.0,9.0,6.0,6.0,6.0,7.0,7.0,7.0,6.0,6.0,8.0
5.0,6.0,7.0,7.0,6.0,6.0,6.0,8.0,7.0,6.0,5.0,6.0,7.0,8.0,5.0,8.0,7.0,6.0,6.0,7.0,7.0,7.0,7.0,7.0,6.0,7.0,6.0,7.0,8.0,7.0,6.0,6.0,7.0
7.0,6.0,7.0,7.0,7.0,7.0,7.0,9.0,6.0,7.0,6.0,7.0,6.0,7.0,5.0,7.0,7.0,7.0,6.0,8.0,7.0,6.0,6.0,9.0,7.0,6.0,6.0,6.0,6.0,6.0,6.0,6.0,7.0
6.0,6.0,7.0,6.0,8.0,7.0,7.0,8.0,9.0,7.0,7.0,8.0,7.0,6.0,7.0,6.0,6.0,6.0,6.0,7.0,7.0,9.0,7.0,9.0,6.0,6.0,6.0,6.0,7.0,7.0,6.0,6.0,8.0
6.0,6.0,7.0,6.0,6.0,6.0,5.0,8.0,7.0,7.0,5.0,6.0,6.0,6.0,5.0,6.0,4.0,6.0,6.0,7.0,8.0,7.0,7.0,8.0,6.0,6.0,6.0,7.0,7.0,6.0,6.0,6.0,7.0
7.0,9.0,7.0,8.0,8.0,9.0,9.0,9.0,7.0,7.0,7.0,7.0,7.0,7.0,7.0,7.0,9.0,8.0,8.0,8.0,8.0,7.0,9.0,9.0,8.0,8.0,7.0,7.0,9.0,8.0,8.0,8.0,8.0
6.0,6.0,7.0,6.0,8.0,8.0,8.0,8.0,8.0,7.0,7.0,8.0,7.0,9.0,7.0,9.0,8.0,6.0,6.0,7.0,7.0,8.0,7.0,9.0,6.0,6.0,6.0,6.0,7.0,9.0,6.0,6.0,8.0
7.0,8.0,8.0,8.0,8.0,9.0,8.0,8.0,9.0,8.0,7.0,8.0,7.0,8.0,7.0,8.0,9.0,8.0,8.0,8.0,8.0,9.0,8.0,9.0,8.0,8.0,8.0,8.0,8.0,8.0,7.0,7.0,8.0
6.0,6.0,7.0,6.0,6.0,6.0,5.0,8.0,7.0,7.0,5.0,6.0,6.0,5.0,5.0,5.0,6.0,6.0,6.0,7.0,7.0,7.0,7.0,8.0,6.0,6.0,6.0,5.0,7.0,7.0,6.0,6.0,7.0
7.0,6.0,7.0,8.0,8.0,7.0,6.0,8.0,8.0,6.0,6.0,8.0,6.0,7.0,7.0,7.0,7.0,6.0,6.0,6.0,7.0,8.0,7.0,8.0,6.0,6.0,6.0,6.0,8.0,8.0,7.0,7.0,8.0
7.0,8.0,8.0,6.0,6.0,6.0,6.0,8.0,7.0,6.0,6.0,5.0,6.0,6.0,4.0,6.0,6.0,6.0,6.0,6.0,7.0,7.0,6.0,9.0,6.0,6.0,7.0,6.0,6.0,6.0,6.0,6.0,6.0
7.0,6.0,7.0,7.0,6.0,6.0,7.0,8.0,7.0,7.0,5.0,6.0,4.0,8.0,5.0,8.0,8.0,6.0,6.0,5.0,6.0,7.0,7.0,9.0,6.0,4.0,6.0,6.0,6.0,7.0,4.0,4.0,7.0
7.0,8.0,7.0,7.0,6.0,7.0,7.0,8.0,8.0,9.0,5.0,6.0,7.0,6.0,5.0,6.0,6.0,6.0,6.0,9.0,7.0,8.0,7.0,9.0,6.0,7.0,6.0,7.0,7.0,6.0,5.0,5.0,7.0
9.0,8.0,8.0,9.0,8.0,9.0,10.0,8.0,9.0,8.0,5.0,8.0,7.0,10.0,7.0,10.0,9.0,8.0,8.0,8.0,9.0,9.0,8.0,9.0,8.0,8.0,8.0,8.0,9.0,8.0,8.0,8.0,8.0
6.0,6.0,7.0,6.0,8.0,8.0,8.0,8.0,7.0,7.0,7.0,8.0,7.0,7.0,7.0,7.0,8.0,6.0,6.0,7.0,6.0,7.0,7.0,9.0,6.0,6.0,6.0,7.0,7.0,7.0,6.0,6.0,8.0
8.0,8.0,9.0,8.0,10.0,8.0,7.0,10.0,9.0,9.0,7.0,9.0,8.0,8.0,7.0,8.0,7.0,8.0,9.0,9.0,10.0,9.0,9.0,10.0,8.0,8.0,9.0,9.0,8.0,9.0,8.0,8.0,7.0
8.0,9.0,9.0,9.0,8.0,8.0,10.0,10.0,8.0,8.0,7.0,8.0,7.0,9.0,9.0,9.0,10.0,9.0,8.0,9.0,8.0,8.0,8.0,10.0,9.0,8.0,9.0,8.0,9.0,9.0,8.0,8.0,10.0
7.0,8.0,8.0,8.0,8.0,9.0,9.0,8.0,9.0,8.0,7.0,8.0,7.0,8.0,7.0,8.0,9.0,8.0,8.0,8.0,9.0,9.0,8.0,9.0,8.0,8.0,8.0,9.0,8.0,9.0,7.0,7.0,8.0
8.0,9.0,7.0,8.0,8.0,9.0,9.0,8.0,8.0,9.0,8.0,9.0,7.0,7.0,7.0,7.0,9.0,7.0,8.0,9.0,9.0,8.0,10.0,9.0,8.0,10.0,7.0,7.0,9.0,9.0,8.0,8.0,8.0
7.0,8.0,8.0,8.0,8.0,8.0,8.0,8.0,8.0,8.0,7.0,8.0,7.0,8.0,7.0,8.0,8.0,8.0,8.0,8.0,8.0,8.0,8.0,9.0,8.0,8.0,8.0,8.0,8.0,9.0,7.0,7.0,8.0
7.0,7.0,8.0,7.0,8.0,9.0,8.0,8.0,9.0,7.0,6.0,8.0,6.0,8.0,7.0,8.0,8.0,8.0,8.0,7.0,9.0,9.0,8.0,9.0,8.0,7.0,8.0,7.0,9.0,8.0,9.0,9.0,8.0
5.0,6.0,7.0,7.0,6.0,7.0,7.0,8.0,7.0,6.0,5.0,6.0,5.0,6.0,5.0,6.0,6.0,6.0,6.0,6.0,6.0,7.0,7.0,7.0,6.0,7.0,6.0,6.0,7.0,6.0,6.0,6.0,7.0
6.0,6.0,6.0,7.0,7.0,7.0,6.0,7.0,7.0,7.0,5.0,5.0,5.0,6.0,6.0,6.0,7.0,6.0,7.0,7.0,6.0,7.0,6.0,8.0,6.0,7.0,5.0,6.0,7.0,6.0,6.0,6.0,7.0
9.0,8.0,8.0,7.0,8.0,8.0,9.0,8.0,9.0,9.0,7.0,8.0,7.0,9.0,7.0,9.0,7.0,8.0,8.0,8.0,10.0,9.0,8.0,10.0,8.0,8.0,8.0,8.0,8.0,9.0,8.0,8.0,8.0
9.0,9.0,8.0,8.0,7.0,9.0,8.0,9.0,8.0,9.0,7.0,8.0,7.0,7.0,6.0,7.0,7.0,8.0,8.0,8.0,9.0,8.0,8.0,10.0,8.0,7.0,8.0,8.0,8.0,7.0,6.0,6.0,8.0
8.0,9.0,8.0,9.0,9.0,9.0,7.0,9.0,9.0,10.0,8.0,9.0,9.0,6.0,6.0,6.0,7.0,7.0,8.0,9.0,9.0,9.0,9.0,10.0,8.0,10.0,8.0,8.0,8.0,9.0,9.0,9.0,8.0
6.0,8.0,8.0,8.0,8.0,9.0,7.0,7.0,9.0,8.0,7.0,9.0,8.0,8.0,7.0,8.0,9.0,7.0,10.0,8.0,9.0,9.0,8.0,8.0,7.0,8.0,7.0,7.0,10.0,8.0,9.0,9.0,8.0
7.0,8.0,8.0,8.0,8.0,9.0,9.0,8.0,7.0,8.0,7.0,8.0,7.0,9.0,7.0,9.0,9.0,8.0,8.0,8.0,7.0,7.0,8.0,9.0,8.0,8.0,8.0,8.0,8.0,8.0,7.0,7.0,8.0
6.0,6.0,7.0,6.0,6.0,7.0,6.0,8.0,6.0,7.0,5.0,6.0,6.0,7.0,5.0,7.0,7.0,6.0,6.0,7.0,7.0,6.0,7.0,8.0,6.0,6.0,6.0,5.0,7.0,7.0,6.0,6.0,7.0
8.0,8.0,8.0,8.0,8.0,8.0,8.0,8.0,8.0,9.0,7.0,8.0,8.0,9.0,7.0,9.0,8.0,8.0,8.0,9.0,9.0,8.0,8.0,10.0,8.0,8.0,8.0,8.0,9.0,9.0,7.0,7.0,8.0
6.0,7.0,7.0,6.0,6.0,7.0,6.0,8.0,7.0,7.0,6.0,6.0,6.0,6.0,5.0,6.0,6.0,6.0,6.0,7.0,6.0,7.0,7.0,9.0,6.0,7.0,6.0,6.0,7.0,6.0,5.0,5.0,7.0
7.0,9.0,8.0,8.0,8.0,9.0,8.0,8.0,8.0,10.0,7.0,8.0,7.0,9.0,7.0,9.0,9.0,8.0,8.0,9.0,8.0,8.0,8.0,10.0,8.0,7.0,8.0,7.0,9.0,7.0,9.0,9.0,8.0
6.0,6.0,7.0,6.0,8.0,8.0,7.0,8.0,8.0,7.0,7.0,8.0,7.0,7.0,7.0,7.0,7.0,6.0,6.0,7.0,8.0,8.0,7.0,9.0,6.0,6.0,6.0,8.0,7.0,9.0,6.0,6.0,8.0
6.0,6.0,7.0,6.0,6.0,7.0,6.0,8.0,6.0,7.0,5.0,6.0,6.0,7.0,5.0,7.0,6.0,6.0,6.0,7.0,7.0,6.0,7.0,8.0,6.0,6.0,6.0,6.0,7.0,7.0,6.0,6.0,7.0
7.0,8.0,8.0,8.0,8.0,9.0,7.0,8.0,10.0,9.0,8.0,8.0,8.0,7.0,7.0,7.0,7.0,8.0,8.0,8.0,9.0,10.0,8.0,9.0,8.0,10.0,8.0,8.0,9.0,9.0,8.0,8.0,8.0
7.0,7.0,7.0,6.0,8.0,7.0,8.0,8.0,7.0,7.0,5.0,8.0,5.0,7.0,7.0,7.0,8.0,6.0,6.0,6.0,7.0,7.0,7.0,9.0,6.0,5.0,6.0,6.0,8.0,7.0,5.0,5.0,8.0
6.0,5.0,7.0,6.0,6.0,6.0,6.0,8.0,6.0,6.0,6.0,6.0,5.0,7.0,5.0,7.0,7.0,6.0,6.0,6.0,7.0,6.0,7.0,8.0,6.0,6.0,6.0,6.0,7.0,7.0,6.0,6.0,8.0
6.0,8.0,7.0,8.0,7.0,7.0,8.0,8.0,7.0,8.0,6.0,8.0,6.0,7.0,6.0,7.0,8.0,9.0,7.0,8.0,7.0,7.0,8.0,9.0,7.0,6.0,6.0,8.0,8.0,7.0,7.0,7.0,8.0
9.0,8.0,8.0,8.0,8.0,9.0,8.0,8.0,10.0,8.0,7.0,8.0,9.0,8.0,7.0,8.0,6.0,8.0,8.0,10.0,10.0,10.0,8.0,9.0,8.0,8.0,8.0,9.0,9.0,9.0,8.0,8.0,8.0
6.0,6.0,7.0,6.0,8.0,7.0,7.0,8.0,7.0,7.0,7.0,8.0,7.0,6.0,7.0,6.0,8.0,6.0,6.0,7.0,8.0,7.0,7.0,9.0,6.0,6.0,6.0,6.0,7.0,7.0,6.0,6.0,8.0
6.0,6.0,7.0,6.0,8.0,8.0,8.0,8.0,7.0,7.0,7.0,8.0,7.0,8.0,7.0,8.0,8.0,6.0,6.0,7.0,7.0,7.0,7.0,9.0,6.0,6.0,6.0,6.0,7.0,7.0,6.0,6.0,8.0
5.0,7.0,7.0,7.0,6.0,7.0,7.0,8.0,7.0,7.0,6.0,6.0,7.0,6.0,5.0,6.0,6.0,6.0,6.0,8.0,6.0,7.0,7.0,8.0,6.0,7.0,6.0,7.0,7.0,8.0,6.0,6.0,7.0
7.0,8.0,8.0,8.0,8.0,9.0,9.0,8.0,9.0,8.0,7.0,8.0,7.0,8.0,7.0,8.0,9.0,8.0,8.0,8.0,7.0,9.0,8.0,9.0,8.0,8.0,8.0,8.0,8.0,7.0,7.0,7.0,8.0
6.0,6.0,7.0,6.0,8.0,8.0,7.0,8.0,7.0,7.0,7.0,8.0,7.0,7.0,7.0,7.0,8.0,6.0,6.0,7.0,7.0,7.0,7.0,9.0,6.0,6.0,6.0,7.0,7.0,6.0,6.0,6.0,8.0
6.0,6.0,7.0,6.0,6.0,6.0,4.0,8.0,7.0,7.0,5.0,6.0,6.0,5.0,5.0,5.0,6.0,6.0,6.0,7.0,7.0,7.0,7.0,8.0,6.0,6.0,6.0,7.0,7.0,7.0,6.0,6.0,7.0
7.0,7.0,8.0,8.0,8.0,9.0,8.0,8.0,9.0,8.0,6.0,8.0,7.0,8.0,7.0,8.0,8.0,8.0,8.0,9.0,9.0,9.0,8.0,9.0,8.0,8.0,8.0,8.0,10.0,9.0,7.0,7.0,8.0
7.0,8.0,8.0,8.0,8.0,8.0,8.0,8.0,9.0,8.0,7.0,8.0,7.0,8.0,7.0,8.0,8.0,8.0,8.0,8.0,10.0,9.0,8.0,9.0,8.0,8.0,8.0,9.0,8.0,9.0,7.0,7.0,8.0
6.0,7.0,7.0,7.0,6.0,7.0,6.0,8.0,7.0,8.0,4.0,6.0,5.0,6.0,5.0,6.0,7.0,6.0,6.0,7.0,6.0,7.0,7.0,9.0,6.0,7.0,6.0,6.0,6.0,6.0,6.0,6.0,7.0
8.0,8.0,9.0,9.0,10.0,8.0,9.0,10.0,10.0,8.0,7.0,9.0,8.0,9.0,9.0,9.0,7.0,9.0,6.0,9.0,9.0,10.0,9.0,10.0,9.0,8.0,10.0,9.0,8.0,9.0,7.0,7.0,10.0
6.0,6.0,7.0,6.0,6.0,6.0,6.0,8.0,9.0,7.0,5.0,6.0,6.0,6.0,5.0,6.0,5.0,6.0,6.0,7.0,9.0,9.0,7.0,8.0,6.0,6.0,6.0,7.0,7.0,8.0,6.0,6.0,7.0
9.0,9.0,8.0,8.0,8.0,9.0,9.0,8.0,9.0,8.0,7.0,7.0,6.0,9.0,8.0,9.0,9.0,8.0,8.0,8.0,8.0,9.0,8.0,10.0,7.0,6.0,7.0,7.0,9.0,7.0,7.0,7.0,9.0
8.0,7.0,10.0,8.0,9.0,8.0,7.0,10.0,9.0,9.0,8.0,10.0,8.0,8.0,7.0,8.0,7.0,8.0,7.0,10.0,9.0,9.0,10.0,9.0,8.0,10.0,9.0,8.0,9.0,10.0,8.0,8.0,8.0
6.0,6.0,7.0,6.0,8.0,7.0,7.0,8.0,6.0,7.0,7.0,8.0,7.0,8.0,7.0,8.0,9.0,6.0,6.0,7.0,7.0,6.0,7.0,9.0,6.0,6.0,6.0,5.0,7.0,7.0,6.0,6.0,8.0
6.0,7.0,7.0,5.0,6.0,6.0,7.0,8.0,8.0,8.0,5.0,6.0,6.0,6.0,5.0,6.0,6.0,6.0,6.0,8.0,6.0,8.0,7.0,8.0,6.0,7.0,6.0,7.0,6.0,7.0,5.0,5.0,7.0
5.0,6.0,7.0,5.0,6.0,7.0,5.0,8.0,7.0,6.0,5.0,6.0,5.0,5.0,5.0,5.0,6.0,6.0,6.0,6.0,6.0,7.0,7.0,8.0,6.0,6.0,6.0,6.0,6.0,6.0,6.0,6.0,7.0
8.0,10.0,8.0,8.0,8.0,7.0,7.0,8.0,9.0,9.0,7.0,8.0,7.0,7.0,7.0,7.0,8.0,8.0,8.0,8.0,9.0,9.0,8.0,10.0,8.0,7.0,8.0,8.0,8.0,8.0,8.0,8.0,8.0
6.0,6.0,7.0,6.0,8.0,7.0,6.0,8.0,8.0,7.0,7.0,8.0,7.0,8.0,7.0,8.0,6.0,6.0,6.0,7.0,8.0,8.0,7.0,9.0,6.0,6.0,6.0,7.0,7.0,9.0,6.0,6.0,8.0
6.0,6.0,7.0,8.0,8.0,7.0,7.0,8.0,7.0,7.0,6.0,8.0,6.0,8.0,7.0,8.0,8.0,6.0,6.0,7.0,8.0,7.0,7.0,9.0,6.0,7.0,6.0,7.0,7.0,7.0,6.0,6.0,8.0
6.0,6.0,7.0,6.0,6.0,7.0,7.0,8.0,6.0,7.0,5.0,6.0,6.0,6.0,5.0,6.0,7.0,6.0,6.0,7.0,6.0,6.0,7.0,8.0,6.0,6.0,6.0,7.0,7.0,5.0,6.0,6.0,7.0
8.0,7.0,7.0,8.0,8.0,8.0,8.0,8.0,7.0,7.0,7.0,8.0,6.0,9.0,7.0,9.0,9.0,6.0,6.0,8.0,8.0,7.0,7.0,9.0,6.0,6.0,6.0,7.0,8.0,8.0,6.0,6.0,8.0
6.0,6.0,7.0,6.0,6.0,6.0,6.0,8.0,8.0,7.0,5.0,6.0,6.0,6.0,5.0,6.0,6.0,6.0,6.0,7.0,7.0,8.0,7.0,8.0,6.0,6.0,6.0,6.0,7.0,8.0,6.0,6.0,7.0
6.0,6.0,7.0,6.0,6.0,7.0,6.0,8.0,5.0,7.0,5.0,6.0,6.0,6.0,5.0,6.0,8.0,6.0,6.0,7.0,5.0,5.0,7.0,8.0,6.0,6.0,6.0,5.0,7.0,6.0,6.0,6.0,7.0
7.0,8.0,8.0,8.0,8.0,8.0,8.0,8.0,9.0,8.0,7.0,8.0,7.0,8.0,7.0,8.0,8.0,8.0,8.0,8.0,10.0,9.0,8.0,9.0,8.0,8.0,8.0,7.0,8.0,8.0,7.0,7.0,8.0
5.0,6.0,7.0,7.0,6.0,7.0,6.0,8.0,7.0,4.0,5.0,6.0,6.0,6.0,5.0,6.0,6.0,6.0,6.0,7.0,6.0,7.0,7.0,6.0,6.0,7.0,6.0,5.0,8.0,7.0,6.0,6.0,7.0
7.0,8.0,8.0,8.0,8.0,9.0,10.0,8.0,8.0,8.0,7.0,8.0,7.0,8.0,7.0,8.0,8.0,8.0,8.0,8.0,8.0,8.0,8.0,9.0,8.0,8.0,8.0,9.0,8.0,7.0,7.0,7.0,8.0
6.0,6.0,7.0,6.0,6.0,7.0,7.0,8.0,6.0,7.0,5.0,6.0,6.0,6.0,5.0,6.0,7.0,6.0,6.0,7.0,6.0,6.0,7.0,8.0,6.0,6.0,6.0,5.0,7.0,7.0,6.0,6.0,7.0
6.0,6.0,7.0,6.0,6.0,7.0,7.0,8.0,7.0,7.0,5.0,6.0,6.0,7.0,5.0,7.0,7.0,6.0,6.0,7.0,5.0,7.0,7.0,8.0,6.0,6.0,6.0,6.0,7.0,5.0,6.0,6.0,7.0
7.0,8.0,8.0,8.0,8.0,9.0,8.0,8.0,10.0,8.0,7.0,8.0,7.0,7.0,7.0,7.0,7.0,8.0,8.0,8.0,9.0,10.0,8.0,9.0,8.0,8.0,8.0,9.0,8.0,8.0,7.0,7.0,8.0
7.0,8.0,8.0,7.0,8.0,8.0,8.0,8.0,9.0,8.0,8.0,8.0,8.0,7.0,7.0,7.0,7.0,8.0,8.0,9.0,8.0,9.0,8.0,9.0,8.0,9.0,8.0,9.0,9.0,9.0,9.0,9.0,8.0
6.0,8.0,7.0,7.0,8.0,7.0,7.0,8.0,7.0,7.0,5.0,8.0,6.0,8.0,7.0,8.0,9.0,6.0,6.0,7.0,7.0,7.0,7.0,9.0,6.0,7.0,6.0,7.0,8.0,7.0,6.0,6.0,8.0
6.0,6.0,7.0,6.0,8.0,7.0,6.0,8.0,10.0,7.0,7.0,8.0,7.0,7.0,7.0,7.0,6.0,6.0,6.0,7.0,9.0,10.0,7.0,9.0,6.0,6.0,6.0,8.0,7.0,9.0,6.0,6.0,8.0
7.0,7.0,7.0,7.0,8.0,7.0,7.0,8.0,9.0,8.0,7.0,8.0,8.0,7.0,7.0,7.0,6.0,6.0,6.0,8.0,9.0,9.0,7.0,8.0,6.0,8.0,6.0,8.0,8.0,7.0,7.0,7.0,8.0
6.0,6.0,7.0,6.0,6.0,6.0,6.0,8.0,7.0,6.0,6.0,6.0,5.0,6.0,5.0,6.0,6.0,6.0,6.0,6.0,7.0,7.0,7.0,7.0,6.0,5.0,6.0,6.0,7.0,7.0,6.0,6.0,7.0
6.0,6.0,7.0,6.0,8.0,9.0,7.0,8.0,8.0,7.0,7.0,8.0,7.0,7.0,7.0,7.0,7.0,6.0,6.0,7.0,8.0,8.0,7.0,9.0,6.0,6.0,6.0,7.0,7.0,8.0,6.0,6.0,8.0
6.0,6.0,7.0,6.0,8.0,8.0,7.0,8.0,9.0,7.0,7.0,8.0,7.0,8.0,7.0,8.0,7.0,6.0,6.0,7.0,8.0,9.0,7.0,9.0,6.0,6.0,6.0,7.0,7.0,7.0,6.0,6.0,8.0
5.0,6.0,7.0,6.0,6.0,7.0,5.0,8.0,9.0,6.0,6.0,6.0,7.0,6.0,5.0,6.0,6.0,6.0,6.0,7.0,7.0,9.0,7.0,6.0,6.0,7.0,6.0,7.0,8.0,7.0,6.0,6.0,7.0
7.0,8.0,8.0,7.0,8.0,8.0,7.0,10.0,9.0,8.0,6.0,8.0,6.0,8.0,7.0,8.0,6.0,8.0,7.0,8.0,9.0,9.0,8.0,10.0,8.0,7.0,9.0,8.0,8.0,8.0,7.0,7.0,8.0
6.0,6.0,7.0,6.0,8.0,6.0,7.0,8.0,8.0,7.0,7.0,8.0,7.0,7.0,7.0,7.0,6.0,6.0,6.0,7.0,8.0,8.0,7.0,9.0,6.0,6.0,6.0,7.0,7.0,7.0,6.0,6.0,8.0
6.0,7.0,7.0,6.0,8.0,8.0,6.0,8.0,9.0,8.0,7.0,8.0,7.0,6.0,7.0,6.0,6.0,6.0,6.0,8.0,8.0,9.0,7.0,8.0,6.0,9.0,6.0,6.0,7.0,7.0,7.0,7.0,8.0
6.0,6.0,7.0,6.0,8.0,7.0,8.0,8.0,7.0,7.0,7.0,8.0,7.0,6.0,7.0,6.0,8.0,6.0,6.0,7.0,7.0,7.0,7.0,9.0,6.0,6.0,6.0,7.0,7.0,6.0,6.0,6.0,8.0
6.0,6.0,7.0,6.0,8.0,8.0,6.0,8.0,8.0,7.0,7.0,8.0,7.0,7.0,7.0,7.0,7.0,6.0,6.0,7.0,9.0,8.0,7.0,9.0,6.0,6.0,6.0,9.0,7.0,7.0,6.0,6.0,8.0
6.0,6.0,8.0,5.0,6.0,6.0,6.0,7.0,7.0,7.0,4.0,6.0,6.0,6.0,3.0,6.0,6.0,6.0,6.0,7.0,7.0,7.0,7.0,8.0,6.0,6.0,5.0,6.0,6.0,6.0,6.0,6.0,7.0
7.0,7.0,7.0,7.0,8.0,8.0,7.0,8.0,7.0,7.0,4.0,8.0,5.0,8.0,7.0,8.0,8.0,6.0,6.0,6.0,7.0,7.0,7.0,9.0,6.0,6.0,6.0,6.0,7.0,8.0,6.0,6.0,8.0
7.0,8.0,8.0,8.0,8.0,9.0,8.0,8.0,9.0,8.0,7.0,8.0,7.0,7.0,7.0,7.0,8.0,8.0,8.0,8.0,9.0,9.0,8.0,9.0,8.0,8.0,8.0,9.0,8.0,7.0,7.0,7.0,8.0
6.0,6.0,7.0,6.0,6.0,7.0,7.0,8.0,7.0,7.0,5.0,6.0,6.0,7.0,5.0,7.0,6.0,6.0,6.0,7.0,6.0,7.0,7.0,8.0,6.0,6.0,6.0,7.0,7.0,7.0,6.0,6.0,7.0
6.0,9.0,8.0,9.0,8.0,9.0,9.0,8.0,7.0,9.0,6.0,8.0,8.0,9.0,7.0,9.0,10.0,8.0,8.0,9.0,7.0,7.0,8.0,10.0,8.0,8.0,8.0,8.0,10.0,9.0,8.0,8.0,8.0
7.0,9.0,8.0,8.0,6.0,9.0,8.0,9.0,8.0,9.0,6.0,8.0,6.0,7.0,5.0,7.0,8.0,6.0,7.0,8.0,7.0,8.0,9.0,10.0,8.0,8.0,7.0,8.0,8.0,6.0,6.0,6.0,7.0
6.0,6.0,7.0,6.0,6.0,6.0,5.0,8.0,7.0,7.0,5.0,6.0,6.0,5.0,5.0,5.0,6.0,6.0,6.0,7.0,6.0,7.0,7.0,8.0,6.0,6.0,6.0,6.0,7.0,6.0,6.0,6.0,7.0
7.0,6.0,7.0,7.0,6.0,7.0,6.0,8.0,7.0,8.0,4.0,6.0,6.0,7.0,5.0,7.0,6.0,6.0,6.0,8.0,8.0,7.0,7.0,8.0,6.0,6.0,6.0,7.0,6.0,7.0,6.0,6.0,7.0
7.0,8.0,8.0,8.0,8.0,8.0,8.0,8.0,9.0,8.0,7.0,8.0,7.0,9.0,7.0,9.0,8.0,8.0,8.0,8.0,10.0,9.0,8.0,9.0,8.0,8.0,8.0,9.0,8.0,10.0,7.0,7.0,8.0
8.0,8.0,8.0,8.0,8.0,8.0,9.0,8.0,8.0,8.0,7.0,8.0,5.0,9.0,7.0,9.0,9.0,8.0,8.0,7.0,9.0,8.0,8.0,10.0,8.0,6.0,8.0,8.0,9.0,8.0,7.0,7.0,8.0
6.0,6.0,7.0,8.0,8.0,6.0,7.0,8.0,7.0,6.0,7.0,8.0,6.0,7.0,7.0,7.0,8.0,6.0,6.0,8.0,7.0,7.0,7.0,8.0,6.0,8.0,6.0,6.0,8.0,8.0,8.0,8.0,8.0
6.0,6.0,7.0,6.0,8.0,8.0,6.0,8.0,8.0,7.0,7.0,8.0,7.0,7.0,7.0,7.0,7.0,6.0,6.0,7.0,8.0,8.0,7.0,9.0,6.0,6.0,6.0,6.0,7.0,8.0,6.0,6.0,8.0
7.0,6.0,7.0,5.0,7.0,6.0,6.0,8.0,7.0,6.0,5.0,5.0,5.0,7.0,6.0,7.0,6.0,6.0,6.0,6.0,8.0,7.0,6.0,8.0,6.0,5.0,7.0,6.0,6.0,7.0,6.0,6.0,7.0
7.0,6.0,8.0,6.0,9.0,8.0,6.0,10.0,9.0,7.0,7.0,7.0,8.0,7.0,7.0,7.0,6.0,7.0,7.0,7.0,10.0,9.0,7.0,9.0,8.0,7.0,8.0,7.0,8.0,8.0,7.0,7.0,7.0
8.0,9.0,8.0,8.0,8.0,8.0,9.0,9.0,8.0,10.0,7.0,9.0,8.0,7.0,5.0,7.0,9.0,8.0,9.0,9.0,8.0,8.0,10.0,10.0,9.0,10.0,8.0,9.0,9.0,6.0,8.0,8.0,8.0
6.0,6.0,7.0,7.0,6.0,6.0,6.0,8.0,7.0,6.0,6.0,6.0,7.0,6.0,5.0,6.0,6.0,6.0,6.0,8.0,7.0,7.0,7.0,8.0,6.0,7.0,6.0,7.0,7.0,6.0,5.0,5.0,7.0
6.0,6.0,7.0,6.0,8.0,8.0,7.0,8.0,7.0,7.0,7.0,8.0,7.0,7.0,7.0,7.0,8.0,6.0,6.0,7.0,7.0,7.0,7.0,9.0,6.0,6.0,6.0,6.0,7.0,8.0,6.0,6.0,8.0
7.0,8.0,8.0,8.0,8.0,9.0,9.0,8.0,9.0,8.0,7.0,8.0,7.0,9.0,7.0,9.0,7.0,8.0,8.0,8.0,10.0,9.0,8.0,9.0,8.0,8.0,8.0,9.0,8.0,9.0,7.0,7.0,8.0
6.0,7.0,5.0,8.0,6.0,8.0,8.0,6.0,6.0,7.0,6.0,6.0,6.0,7.0,7.0,7.0,8.0,7.0,8.0,6.0,6.0,6.0,7.0,8.0,7.0,7.0,6.0,6.0,9.0,7.0,6.0,6.0,9.0
6.0,6.0,7.0,6.0,8.0,8.0,9.0,8.0,9.0,7.0,7.0,8.0,7.0,8.0,7.0,8.0,8.0,6.0,6.0,7.0,6.0,9.0,7.0,9.0,6.0,6.0,6.0,9.0,7.0,6.0,6.0,6.0,8.0
6.0,6.0,7.0,7.0,7.0,8.0,8.0,8.0,6.0,8.0,6.0,8.0,6.0,7.0,6.0,7.0,7.0,7.0,7.0,8.0,7.0,6.0,8.0,9.0,7.0,8.0,7.0,6.0,7.0,7.0,7.0,7.0,8.0
6.0,6.0,7.0,6.0,8.0,7.0,6.0,8.0,8.0,7.0,7.0,8.0,7.0,7.0,7.0,7.0,6.0,6.0,6.0,7.0,9.0,8.0,7.0,9.0,6.0,6.0,6.0,8.0,7.0,8.0,6.0,6.0,8.0
7.0,7.0,7.0,7.0,6.0,6.0,6.0,8.0,6.0,7.0,4.0,6.0,5.0,6.0,5.0,6.0,6.0,6.0,6.0,7.0,7.0,6.0,7.0,8.0,6.0,6.0,6.0,6.0,7.0,6.0,5.0,5.0,7.0
8.0,8.0,8.0,7.0,8.0,9.0,8.0,8.0,10.0,9.0,8.0,8.0,9.0,8.0,7.0,8.0,7.0,8.0,8.0,10.0,9.0,10.0,8.0,10.0,8.0,9.0,8.0,9.0,9.0,9.0,8.0,8.0,8.0
4.0,6.0,7.0,7.0,6.0,6.0,6.0,8.0,6.0,6.0,6.0,6.0,7.0,6.0,5.0,6.0,6.0,6.0,8.0,6.0,6.0,6.0,7.0,7.0,6.0,8.0,6.0,6.0,8.0,7.0,6.0,6.0,7.0
6.0,6.0,7.0,6.0,8.0,8.0,7.0,8.0,9.0,7.0,7.0,8.0,7.0,7.0,7.0,7.0,6.0,6.0,6.0,7.0,9.0,9.0,7.0,9.0,6.0,6.0,6.0,8.0,7.0,7.0,6.0,6.0,8.0
6.0,6.0,7.0,6.0,6.0,7.0,6.0,8.0,5.0,7.0,5.0,6.0,6.0,6.0,5.0,6.0,7.0,6.0,6.0,7.0,6.0,5.0,7.0,8.0,6.0,6.0,6.0,6.0,7.0,7.0,6.0,6.0,7.0
6.0,6.0,7.0,6.0,6.0,6.0,6.0,8.0,6.0,5.0,5.0,6.0,5.0,6.0,5.0,6.0,7.0,6.0,6.0,5.0,7.0,6.0,7.0,7.0,6.0,6.0,6.0,6.0,7.0,6.0,6.0,6.0,7.0
6.0,6.0,7.0,6.0,6.0,7.0,5.0,8.0,8.0,7.0,5.0,6.0,6.0,6.0,5.0,6.0,4.0,6.0,6.0,7.0,8.0,8.0,7.0,8.0,6.0,6.0,6.0,6.0,7.0,7.0,6.0,6.0,7.0
6.0,6.0,7.0,6.0,8.0,7.0,7.0,8.0,7.0,7.0,7.0,8.0,7.0,9.0,7.0,9.0,7.0,6.0,6.0,7.0,8.0,7.0,7.0,9.0,6.0,6.0,6.0,7.0,7.0,10.0,6.0,6.0,8.0
8.0,7.0,9.0,7.0,10.0,7.0,6.0,10.0,9.0,8.0,6.0,10.0,8.0,8.0,8.0,8.0,6.0,7.0,7.0,9.0,10.0,9.0,9.0,8.0,7.0,8.0,10.0,8.0,7.0,9.0,8.0,8.0,8.0
7.0,8.0,8.0,8.0,8.0,9.0,8.0,8.0,9.0,8.0,7.0,8.0,7.0,7.0,7.0,7.0,7.0,8.0,8.0,8.0,8.0,9.0,8.0,9.0,8.0,8.0,8.0,8.0,8.0,8.0,7.0,7.0,8.0
5.0,6.0,7.0,6.0,6.0,6.0,7.0,8.0,7.0,7.0,5.0,6.0,5.0,6.0,5.0,6.0,7.0,6.0,6.0,6.0,6.0,7.0,7.0,8.0,6.0,7.0,6.0,6.0,7.0,8.0,5.0,5.0,7.0
6.0,6.0,7.0,6.0,8.0,7.0,7.0,8.0,8.0,6.0,6.0,8.0,6.0,7.0,7.0,7.0,6.0,6.0,6.0,7.0,9.0,8.0,7.0,8.0,6.0,7.0,6.0,7.0,8.0,9.0,6.0,6.0,8.0
8.0,9.0,8.0,8.0,8.0,9.0,8.0,8.0,9.0,10.0,7.0,8.0,8.0,7.0,7.0,7.0,8.0,8.0,8.0,9.0,9.0,9.0,8.0,10.0,8.0,10.0,8.0,8.0,9.0,8.0,7.0,7.0,8.0
9.0,8.0,10.0,8.0,10.0,8.0,7.0,10.0,10.0,10.0,8.0,10.0,9.0,8.0,8.0,8.0,7.0,7.0,8.0,9.0,10.0,10.0,9.0,10.0,9.0,9.0,10.0,9.0,10.0,10.0,8.0,8.0,8.0
7.0,8.0,8.0,8.0,8.0,8.0,8.0,8.0,9.0,8.0,7.0,8.0,7.0,9.0,7.0,9.0,8.0,8.0,8.0,8.0,8.0,9.0,8.0,9.0,8.0,8.0,8.0,7.0,8.0,10.0,7.0,7.0,8.0
7.0,7.0,8.0,8.0,9.0,9.0,8.0,8.0,9.0,7.0,7.0,9.0,8.0,8.0,9.0,8.0,8.0,7.0,8.0,9.0,9.0,9.0,10.0,9.0,8.0,10.0,7.0,7.0,10.0,9.0,9.0,9.0,9.0
7.0,7.0,8.0,6.0,8.0,7.0,7.0,8.0,8.0,7.0,6.0,8.0,7.0,6.0,6.0,6.0,7.0,7.0,7.0,8.0,8.0,8.0,8.0,9.0,6.0,7.0,7.0,7.0,7.0,8.0,8.0,8.0,7.0
5.0,5.0,7.0,6.0,6.0,7.0,6.0,8.0,8.0,6.0,5.0,6.0,5.0,6.0,5.0,6.0,6.0,6.0,6.0,8.0,7.0,8.0,7.0,7.0,6.0,7.0,6.0,6.0,8.0,7.0,6.0,6.0,7.0
7.0,9.0,8.0,8.0,8.0,9.0,9.0,8.0,8.0,8.0,7.0,8.0,7.0,9.0,7.0,9.0,8.0,8.0,8.0,8.0,9.0,8.0,8.0,10.0,8.0,8.0,8.0,8.0,9.0,8.0,8.0,8.0,8.0
6.0,6.0,7.0,6.0,8.0,8.0,7.0,8.0,7.0,7.0,7.0,8.0,7.0,8.0,7.0,8.0,9.0,6.0,6.0,7.0,7.0,7.0,7.0,9.0,6.0,6.0,6.0,6.0,7.0,8.0,6.0,6.0,8.0
6.0,6.0,7.0,6.0,6.0,6.0,6.0,8.0,6.0,6.0,6.0,6.0,5.0,7.0,5.0,7.0,6.0,6.0,6.0,7.0,6.0,6.0,7.0,7.0,6.0,5.0,6.0,5.0,7.0,8.0,6.0,6.0,7.0
7.0,8.0,7.0,7.0,8.0,7.0,9.0,8.0,6.0,8.0,5.0,8.0,5.0,9.0,7.0,9.0,8.0,6.0,6.0,7.0,9.0,6.0,7.0,8.0,6.0,6.0,6.0,7.0,8.0,8.0,6.0,6.0,8.0
7.0,9.0,8.0,9.0,8.0,8.0,8.0,8.0,10.0,9.0,8.0,8.0,9.0,7.0,7.0,7.0,8.0,8.0,8.0,10.0,8.0,10.0,8.0,9.0,8.0,10.0,8.0,10.0,9.0,9.0,9.0,9.0,8.0
6.0,6.0,7.0,6.0,6.0,8.0,5.0,8.0,7.0,7.0,5.0,6.0,6.0,6.0,5.0,6.0,6.0,6.0,6.0,7.0,7.0,7.0,7.0,8.0,6.0,6.0,6.0,7.0,7.0,6.0,6.0,6.0,7.0
6.0,6.0,7.0,6.0,8.0,8.0,8.0,8.0,9.0,7.0,7.0,8.0,7.0,6.0,7.0,6.0,7.0,6.0,6.0,7.0,8.0,9.0,7.0,9.0,6.0,6.0,6.0,8.0,7.0,8.0,6.0,6.0,8.0
7.0,7.0,7.0,5.0,6.0,7.0,6.0,8.0,7.0,7.0,5.0,6.0,7.0,6.0,5.0,6.0,6.0,6.0,6.0,7.0,7.0,7.0,7.0,9.0,6.0,7.0,6.0,6.0,6.0,6.0,6.0,6.0,7.0
7.0,8.0,8.0,8.0,8.0,8.0,8.0,8.0,10.0,8.0,7.0,8.0,7.0,9.0,7.0,9.0,7.0,8.0,8.0,8.0,9.0,10.0,8.0,9.0,8.0,8.0,8.0,8.0,8.0,9.0,7.0,7.0,8.0
6.0,6.0,7.0,6.0,8.0,7.0,7.0,8.0,7.0,7.0,7.0,8.0,7.0,8.0,7.0,8.0,8.0,6.0,6.0,7.0,6.0,7.0,7.0,9.0,6.0,6.0,6.0,7.0,7.0,7.0,6.0,6.0,8.0
6.0,6.0,7.0,6.0,6.0,6.0,6.0,8.0,7.0,7.0,5.0,6.0,6.0,6.0,5.0,6.0,5.0,6.0,6.0,7.0,7.0,7.0,7.0,8.0,6.0,6.0,6.0,6.0,7.0,6.0,6.0,6.0,7.0
6.0,6.0,7.0,6.0,6.0,6.0,5.0,8.0,7.0,7.0,5.0,6.0,6.0,6.0,5.0,6.0,5.0,6.0,6.0,7.0,7.0,7.0,7.0,8.0,6.0,6.0,6.0,5.0,7.0,7.0,6.0,6.0,7.0
6.0,7.0,7.0,7.0,6.0,7.0,7.0,8.0,7.0,8.0,6.0,6.0,7.0,7.0,5.0,7.0,9.0,6.0,6.0,7.0,6.0,7.0,7.0,8.0,6.0,6.0,6.0,6.0,7.0,6.0,5.0,5.0,7.0
6.0,6.0,7.0,7.0,8.0,7.0,7.0,8.0,7.0,6.0,6.0,8.0,4.0,8.0,7.0,8.0,7.0,6.0,6.0,5.0,8.0,7.0,7.0,8.0,6.0,6.0,6.0,6.0,8.0,9.0,7.0,7.0,8.0
6.0,7.0,7.0,7.0,8.0,7.0,6.0,8.0,7.0,7.0,6.0,8.0,6.0,7.0,7.0,7.0,8.0,6.0,6.0,6.0,8.0,7.0,7.0,8.0,6.0,7.0,6.0,7.0,7.0,7.0,7.0,7.0,8.0
7.0,8.0,8.0,8.0,8.0,8.0,7.0,8.0,9.0,8.0,7.0,8.0,7.0,9.0,7.0,9.0,8.0,8.0,8.0,8.0,9.0,9.0,8.0,9.0,8.0,8.0,8.0,8.0,8.0,9.0,7.0,7.0,8.0
6.0,6.0,7.0,6.0,8.0,8.0,7.0,8.0,8.0,7.0,7.0,8.0,7.0,7.0,7.0,7.0,7.0,6.0,6.0,7.0,8.0,8.0,7.0,9.0,6.0,6.0,6.0,8.0,7.0,8.0,6.0,6.0,8.0
6.0,6.0,7.0,6.0,8.0,8.0,8.0,8.0,8.0,7.0,7.0,8.0,7.0,6.0,7.0,6.0,7.0,6.0,6.0,7.0,7.0,8.0,7.0,9.0,6.0,6.0,6.0,6.0,7.0,7.0,6.0,6.0,8.0
7.0,8.0,7.0,6.0,7.0,7.0,8.0,8.0,8.0,9.0,6.0,7.0,7.0,8.0,6.0,8.0,8.0,8.0,7.0,8.0,8.0,8.0,9.0,10.0,8.0,7.0,7.0,8.0,7.0,8.0,6.0,6.0,8.0
6.0,6.0,6.0,7.0,7.0,7.0,6.0,6.0,6.0,6.0,6.0,6.0,6.0,7.0,7.0,7.0,8.0,7.0,7.0,6.0,8.0,6.0,7.0,8.0,5.0,7.0,5.0,6.0,8.0,6.0,8.0,8.0,7.0
6.0,6.0,7.0,6.0,8.0,7.0,7.0,8.0,7.0,6.0,5.0,8.0,5.0,7.0,7.0,7.0,8.0,6.0,6.0,6.0,8.0,7.0,7.0,8.0,6.0,4.0,6.0,6.0,8.0,7.0,7.0,7.0,8.0
6.0,6.0,7.0,6.0,8.0,8.0,6.0,8.0,7.0,7.0,7.0,8.0,7.0,7.0,7.0,7.0,8.0,6.0,6.0,7.0,8.0,7.0,7.0,9.0,6.0,6.0,6.0,7.0,7.0,7.0,6.0,6.0,8.0
6.0,6.0,6.0,6.0,6.0,7.0,6.0,7.0,6.0,7.0,5.0,7.0,6.0,6.0,5.0,6.0,7.0,7.0,6.0,6.0,6.0,6.0,8.0,8.0,6.0,7.0,6.0,6.0,6.0,6.0,6.0,6.0,7.0
9.0,9.0,9.0,8.0,8.0,9.0,8.0,10.0,9.0,10.0,8.0,9.0,7.0,9.0,7.0,9.0,9.0,9.0,8.0,9.0,8.0,9.0,9.0,10.0,10.0,8.0,8.0,8.0,9.0,8.0,8.0,8.0,9.0
7.0,8.0,8.0,8.0,8.0,9.0,7.0,8.0,9.0,8.0,7.0,8.0,7.0,8.0,7.0,8.0,6.0,8.0,8.0,8.0,8.0,9.0,8.0,9.0,8.0,8.0,8.0,9.0,8.0,8.0,7.0,7.0,8.0
6.0,6.0,7.0,6.0,8.0,7.0,7.0,8.0,9.0,7.0,7.0,8.0,7.0,7.0,7.0,7.0,7.0,6.0,6.0,7.0,8.0,9.0,7.0,9.0,6.0,6.0,6.0,7.0,7.0,8.0,6.0,6.0,8.0
6.0,6.0,7.0,6.0,8.0,7.0,8.0,8.0,7.0,7.0,7.0,8.0,7.0,8.0,7.0,8.0,8.0,6.0,6.0,7.0,7.0,7.0,7.0,9.0,6.0,6.0,6.0,8.0,7.0,6.0,6.0,6.0,8.0
7.0,7.0,7.0,6.0,6.0,7.0,6.0,8.0,7.0,7.0,6.0,6.0,5.0,6.0,5.0,6.0,6.0,6.0,6.0,6.0,6.0,7.0,7.0,9.0,6.0,6.0,6.0,7.0,6.0,5.0,5.0,5.0,7.0
6.0,6.0,7.0,7.0,6.0,7.0,8.0,8.0,8.0,6.0,5.0,6.0,6.0,6.0,5.0,6.0,8.0,6.0,6.0,7.0,7.0,8.0,7.0,7.0,6.0,8.0,6.0,7.0,7.0,6.0,6.0,6.0,7.0
7.0,8.0,8.0,8.0,8.0,8.0,6.0,8.0,8.0,8.0,7.0,8.0,7.0,9.0,7.0,9.0,7.0,8.0,8.0,8.0,10.0,8.0,8.0,9.0,8.0,8.0,8.0,7.0,8.0,7.0,7.0,7.0,8.0
10.0,9.0,10.0,8.0,9.0,8.0,9.0,10.0,9.0,10.0,7.0,9.0,8.0,9.0,8.0,9.0,8.0,10.0,8.0,7.0,9.0,9.0,8.0,10.0,8.0,7.0,8.0,9.0,8.0,8.0,8.0,8.0,9.0
6.0,6.0,7.0,6.0,6.0,6.0,6.0,8.0,8.0,8.0,5.0,6.0,7.0,6.0,5.0,6.0,6.0,6.0,6.0,8.0,8.0,8.0,7.0,7.0,6.0,7.0,6.0,6.0,8.0,7.0,7.0,7.0,7.0
7.0,8.0,8.0,8.0,8.0,8.0,6.0,8.0,9.0,8.0,7.0,8.0,7.0,8.0,7.0,8.0,8.0,8.0,8.0,8.0,9.0,9.0,8.0,9.0,8.0,8.0,8.0,8.0,8.0,9.0,7.0,7.0,8.0
6.0,7.0,8.0,7.0,8.0,7.0,7.0,7.0,7.0,6.0,6.0,6.0,6.0,7.0,8.0,7.0,7.0,6.0,8.0,6.0,8.0,7.0,6.0,8.0,5.0,6.0,6.0,6.0,8.0,8.0,6.0,6.0,8.0
6.0,6.0,7.0,6.0,8.0,7.0,6.0,8.0,8.0,7.0,5.0,6.0,6.0,7.0,8.0,7.0,6.0,7.0,7.0,7.0,8.0,8.0,6.0,7.0,7.0,6.0,8.0,7.0,7.0,7.0,6.0,6.0,7.0
8.0,8.0,8.0,8.0,8.0,9.0,7.0,8.0,10.0,10.0,8.0,8.0,8.0,7.0,7.0,7.0,7.0,8.0,8.0,10.0,9.0,10.0,8.0,9.0,8.0,9.0,8.0,9.0,8.0,8.0,7.0,7.0,8.0
7.0,8.0,8.0,8.0,8.0,8.0,8.0,8.0,8.0,8.0,7.0,8.0,7.0,8.0,7.0,8.0,8.0,8.0,8.0,8.0,8.0,8.0,8.0,9.0,8.0,8.0,8.0,8.0,8.0,8.0,7.0,7.0,8.0
9.0,9.0,9.0,9.0,8.0,10.0,10.0,10.0,9.0,10.0,7.0,10.0,8.0,8.0,6.0,8.0,8.0,9.0,7.0,9.0,9.0,9.0,10.0,10.0,10.0,9.0,9.0,9.0,9.0,7.0,7.0,7.0,10.0
7.0,8.0,8.0,6.0,7.0,7.0,7.0,9.0,8.0,7.0,6.0,9.0,8.0,7.0,6.0,7.0,6.0,7.0,7.0,8.0,8.0,8.0,9.0,9.0,8.0,8.0,7.0,7.0,8.0,7.0,7.0,7.0,6.0
8.0,8.0,8.0,8.0,8.0,8.0,8.0,9.0,8.0,7.0,6.0,7.0,6.0,9.0,8.0,9.0,10.0,8.0,8.0,6.0,7.0,8.0,8.0,10.0,8.0,6.0,8.0,7.0,9.0,8.0,6.0,6.0,9.0
6.0,6.0,7.0,6.0,8.0,7.0,7.0,8.0,7.0,7.0,7.0,8.0,7.0,7.0,7.0,7.0,7.0,6.0,6.0,7.0,8.0,7.0,7.0,9.0,6.0,6.0,6.0,7.0,7.0,8.0,6.0,6.0,8.0
9.0,8.0,10.0,8.0,8.0,8.0,8.0,10.0,9.0,9.0,8.0,8.0,7.0,9.0,8.0,9.0,7.0,9.0,7.0,9.0,9.0,9.0,9.0,10.0,10.0,8.0,10.0,9.0,8.0,8.0,7.0,7.0,8.0
6.0,6.0,7.0,6.0,6.0,6.0,6.0,8.0,7.0,7.0,5.0,6.0,6.0,6.0,5.0,6.0,6.0,6.0,6.0,7.0,6.0,7.0,7.0,8.0,6.0,6.0,6.0,6.0,7.0,7.0,6.0,6.0,7.0
6.0,6.0,7.0,6.0,8.0,9.0,8.0,8.0,8.0,7.0,7.0,8.0,7.0,9.0,7.0,9.0,7.0,6.0,6.0,7.0,7.0,8.0,7.0,9.0,6.0,6.0,6.0,7.0,7.0,7.0,6.0,6.0,8.0
6.0,6.0,7.0,6.0,8.0,8.0,7.0,8.0,7.0,7.0,7.0,8.0,7.0,8.0,7.0,8.0,9.0,6.0,6.0,7.0,6.0,7.0,7.0,9.0,6.0,6.0,6.0,6.0,7.0,8.0,6.0,6.0,8.0
6.0,6.0,7.0,6.0,7.0,6.0,6.0,7.0,7.0,7.0,6.0,6.0,6.0,6.0,5.0,6.0,6.0,6.0,6.0,6.0,8.0,7.0,7.0,8.0,5.0,6.0,6.0,6.0,6.0,7.0,7.0,7.0,6.0
6.0,6.0,7.0,6.0,8.0,7.0,8.0,8.0,7.0,7.0,7.0,8.0,7.0,8.0,7.0,8.0,8.0,6.0,6.0,7.0,8.0,7.0,7.0,9.0,6.0,6.0,6.0,6.0,7.0,6.0,6.0,6.0,8.0
6.0,7.0,7.0,7.0,6.0,7.0,6.0,8.0,8.0,8.0,5.0,6.0,8.0,6.0,5.0,6.0,6.0,6.0,6.0,9.0,7.0,8.0,7.0,8.0,6.0,8.0,6.0,8.0,7.0,6.0,6.0,6.0,7.0
7.0,6.0,7.0,6.0,8.0,7.0,7.0,8.0,9.0,9.0,7.0,8.0,9.0,7.0,7.0,7.0,6.0,6.0,6.0,10.0,9.0,9.0,7.0,8.0,6.0,8.0,6.0,9.0,7.0,9.0,8.0,8.0,8.0
8.0,7.0,8.0,8.0,8.0,8.0,8.0,8.0,8.0,9.0,6.0,8.0,5.0,8.0,7.0,8.0,9.0,8.0,8.0,9.0,8.0,8.0,8.0,10.0,8.0,7.0,8.0,8.0,8.0,7.0,8.0,8.0,8.0
7.0,7.0,7.0,7.0,8.0,9.0,9.0,8.0,7.0,8.0,6.0,8.0,7.0,8.0,7.0,8.0,7.0,6.0,6.0,8.0,8.0,7.0,7.0,10.0,6.0,9.0,6.0,8.0,7.0,7.0,7.0,7.0,8.0
6.0,6.0,7.0,6.0,6.0,8.0,7.0,8.0,5.0,7.0,5.0,6.0,6.0,6.0,5.0,6.0,8.0,6.0,6.0,7.0,4.0,5.0,7.0,8.0,6.0,6.0,6.0,4.0,7.0,5.0,6.0,6.0,7.0
6.0,7.0,7.0,6.0,6.0,6.0,7.0,8.0,8.0,7.0,5.0,6.0,6.0,7.0,5.0,7.0,6.0,6.0,6.0,7.0,8.0,8.0,7.0,9.0,6.0,7.0,6.0,6.0,6.0,8.0,5.0,5.0,7.0
6.0,6.0,7.0,6.0,6.0,8.0,6.0,8.0,6.0,7.0,5.0,6.0,6.0,6.0,5.0,6.0,6.0,6.0,6.0,7.0,7.0,6.0,7.0,8.0,6.0,6.0,6.0,5.0,7.0,7.0,6.0,6.0,7.0
7.0,9.0,6.0,7.0,7.0,8.0,8.0,7.0,6.0,8.0,6.0,7.0,6.0,8.0,6.0,8.0,9.0,8.0,7.0,6.0,6.0,6.0,7.0,9.0,8.0,6.0,6.0,6.0,8.0,6.0,6.0,6.0,8.0
6.0,6.0,7.0,6.0,8.0,7.0,9.0,8.0,7.0,7.0,7.0,8.0,7.0,8.0,7.0,8.0,8.0,6.0,6.0,7.0,6.0,7.0,7.0,9.0,6.0,6.0,6.0,7.0,7.0,7.0,6.0,6.0,8.0
6.0,6.0,8.0,7.0,9.0,7.0,7.0,8.0,9.0,8.0,6.0,9.0,9.0,7.0,7.0,7.0,7.0,6.0,8.0,9.0,9.0,9.0,9.0,9.0,7.0,9.0,9.0,8.0,9.0,9.0,7.0,7.0,8.0
4.0,6.0,7.0,6.0,6.0,7.0,8.0,8.0,6.0,7.0,5.0,6.0,7.0,6.0,5.0,6.0,6.0,6.0,6.0,7.0,6.0,6.0,7.0,8.0,6.0,7.0,6.0,6.0,8.0,6.0,5.0,5.0,7.0
6.0,6.0,7.0,6.0,8.0,8.0,9.0,8.0,8.0,7.0,7.0,8.0,7.0,9.0,7.0,9.0,8.0,6.0,6.0,7.0,6.0,8.0,7.0,9.0,6.0,6.0,6.0,7.0,7.0,8.0,6.0,6.0,8.0
7.0,8.0,8.0,8.0,8.0,9.0,10.0,8.0,8.0,8.0,7.0,8.0,7.0,9.0,7.0,9.0,9.0,8.0,8.0,8.0,9.0,8.0,8.0,9.0,8.0,8.0,8.0,8.0,8.0,9.0,7.0,7.0,8.0
8.0,10.0,7.0,8.0,7.0,8.0,8.0,8.0,7.0,9.0,6.0,8.0,6.0,9.0,7.0,9.0,10.0,9.0,8.0,7.0,8.0,7.0,8.0,10.0,9.0,8.0,7.0,8.0,9.0,8.0,7.0,7.0,9.0
6.0,6.0,7.0,6.0,6.0,6.0,6.0,8.0,7.0,7.0,5.0,6.0,6.0,7.0,5.0,7.0,5.0,6.0,6.0,7.0,8.0,7.0,7.0,8.0,6.0,6.0,6.0,6.0,7.0,8.0,6.0,6.0,7.0
5.0,5.0,7.0,7.0,6.0,6.0,6.0,8.0,6.0,6.0,5.0,6.0,5.0,8.0,5.0,8.0,6.0,6.0,6.0,7.0,7.0,6.0,7.0,8.0,6.0,6.0,6.0,5.0,8.0,9.0,6.0,6.0,7.0
6.0,6.0,7.0,6.0,8.0,8.0,8.0,8.0,8.0,7.0,7.0,8.0,7.0,7.0,7.0,7.0,7.0,6.0,6.0,7.0,7.0,8.0,7.0,9.0,6.0,6.0,6.0,7.0,7.0,7.0,6.0,6.0,8.0
6.0,6.0,7.0,6.0,6.0,7.0,5.0,8.0,8.0,7.0,5.0,6.0,6.0,6.0,5.0,6.0,4.0,6.0,6.0,7.0,7.0,8.0,7.0,8.0,6.0,6.0,6.0,7.0,7.0,7.0,6.0,6.0,7.0
6.0,6.0,7.0,6.0,8.0,8.0,6.0,8.0,9.0,7.0,7.0,8.0,7.0,7.0,7.0,7.0,5.0,6.0,6.0,7.0,8.0,9.0,7.0,9.0,6.0,6.0,6.0,7.0,7.0,8.0,6.0,6.0,8.0
6.0,7.0,7.0,7.0,6.0,8.0,7.0,8.0,7.0,8.0,6.0,7.0,6.0,6.0,4.0,6.0,6.0,6.0,6.0,7.0,7.0,7.0,8.0,8.0,7.0,7.0,7.0,7.0,7.0,6.0,6.0,6.0,6.0
5.0,6.0,7.0,6.0,6.0,7.0,7.0,8.0,6.0,6.0,5.0,6.0,4.0,7.0,5.0,7.0,8.0,6.0,6.0,6.0,6.0,6.0,7.0,9.0,6.0,6.0,6.0,6.0,7.0,6.0,5.0,5.0,7.0
8.0,10.0,8.0,8.0,10.0,10.0,9.0,10.0,8.0,10.0,7.0,10.0,8.0,9.0,7.0,9.0,8.0,9.0,8.0,10.0,8.0,8.0,10.0,10.0,10.0,8.0,10.0,8.0,9.0,8.0,8.0,8.0,9.0
8.0,8.0,8.0,8.0,8.0,9.0,9.0,8.0,10.0,10.0,7.0,8.0,9.0,9.0,7.0,9.0,8.0,8.0,8.0,10.0,9.0,10.0,8.0,10.0,8.0,9.0,8.0,9.0,8.0,8.0,8.0,8.0,8.0
7.0,8.0,8.0,8.0,8.0,9.0,8.0,8.0,9.0,8.0,7.0,8.0,7.0,8.0,7.0,8.0,8.0,8.0,8.0,8.0,9.0,9.0,8.0,9.0,8.0,8.0,8.0,8.0,8.0,9.0,7.0,7.0,8.0
7.0,7.0,9.0,7.0,9.0,7.0,8.0,10.0,9.0,8.0,7.0,8.0,8.0,8.0,7.0,8.0,6.0,8.0,7.0,8.0,10.0,9.0,8.0,9.0,8.0,7.0,9.0,8.0,7.0,9.0,7.0,7.0,8.0
4.0,6.0,7.0,6.0,6.0,6.0,7.0,8.0,7.0,8.0,6.0,6.0,6.0,6.0,5.0,6.0,6.0,6.0,6.0,7.0,6.0,7.0,7.0,7.0,6.0,8.0,6.0,6.0,8.0,7.0,6.0,6.0,7.0
6.0,6.0,7.0,6.0,6.0,7.0,7.0,8.0,7.0,7.0,5.0,6.0,6.0,6.0,5.0,6.0,7.0,6.0,6.0,7.0,7.0,7.0,7.0,8.0,6.0,6.0,6.0,6.0,7.0,6.0,6.0,6.0,7.0
6.0,6.0,7.0,7.0,8.0,6.0,7.0,8.0,8.0,7.0,6.0,8.0,6.0,6.0,7.0,6.0,6.0,6.0,6.0,7.0,8.0,8.0,7.0,9.0,6.0,7.0,6.0,7.0,8.0,9.0,7.0,7.0,8.0
7.0,6.0,8.0,9.0,8.0,8.0,7.0,8.0,9.0,7.0,8.0,8.0,8.0,10.0,7.0,10.0,7.0,8.0,8.0,8.0,9.0,9.0,8.0,9.0,8.0,8.0,8.0,7.0,9.0,10.0,8.0,8.0,8.0
6.0,6.0,7.0,6.0,6.0,7.0,6.0,8.0,8.0,7.0,5.0,6.0,6.0,5.0,5.0,5.0,4.0,6.0,6.0,7.0,8.0,8.0,7.0,8.0,6.0,6.0,6.0,7.0,7.0,8.0,6.0,6.0,7.0
6.0,6.0,7.0,6.0,6.0,7.0,4.0,8.0,8.0,7.0,5.0,6.0,6.0,5.0,5.0,5.0,6.0,6.0,6.0,7.0,7.0,8.0,7.0,8.0,6.0,6.0,6.0,6.0,7.0,6.0,6.0,6.0,7.0
6.0,6.0,8.0,6.0,8.0,7.0,6.0,8.0,8.0,6.0,6.0,7.0,6.0,7.0,6.0,7.0,6.0,5.0,8.0,7.0,9.0,8.0,8.0,7.0,6.0,7.0,7.0,6.0,7.0,7.0,9.0,9.0,7.0
7.0,8.0,8.0,9.0,8.0,8.0,8.0,7.0,8.0,6.0,7.0,6.0,6.0,8.0,8.0,8.0,8.0,7.0,8.0,8.0,9.0,8.0,7.0,9.0,7.0,7.0,7.0,8.0,9.0,9.0,7.0,7.0,8.0
7.0,8.0,8.0,8.0,8.0,7.0,8.0,8.0,10.0,8.0,7.0,8.0,7.0,9.0,7.0,9.0,8.0,8.0,8.0,8.0,10.0,10.0,8.0,9.0,8.0,8.0,8.0,7.0,8.0,10.0,7.0,7.0,8.0
7.0,7.0,7.0,6.0,7.0,6.0,7.0,8.0,7.0,6.0,5.0,7.0,6.0,8.0,6.0,8.0,6.0,7.0,6.0,7.0,6.0,7.0,6.0,8.0,7.0,6.0,7.0,6.0,7.0,8.0,6.0,6.0,7.0
6.0,6.0,7.0,6.0,8.0,8.0,7.0,8.0,8.0,7.0,7.0,8.0,7.0,7.0,7.0,7.0,6.0,6.0,6.0,7.0,7.0,8.0,7.0,9.0,6.0,6.0,6.0,7.0,7.0,7.0,6.0,6.0,8.0
6.0,8.0,8.0,8.0,8.0,9.0,7.0,8.0,10.0,8.0,7.0,8.0,8.0,7.0,7.0,7.0,7.0,8.0,8.0,8.0,8.0,10.0,8.0,10.0,8.0,9.0,8.0,8.0,9.0,8.0,8.0,8.0,8.0
7.0,7.0,8.0,8.0,8.0,8.0,6.0,8.0,9.0,8.0,8.0,8.0,8.0,7.0,7.0,7.0,7.0,8.0,8.0,8.0,10.0,9.0,8.0,9.0,8.0,9.0,8.0,8.0,9.0,9.0,9.0,9.0,8.0
6.0,6.0,7.0,6.0,6.0,7.0,6.0,8.0,7.0,7.0,5.0,6.0,6.0,6.0,5.0,6.0,4.0,6.0,6.0,7.0,7.0,7.0,7.0,8.0,6.0,6.0,6.0,7.0,7.0,6.0,6.0,6.0,7.0
7.0,8.0,7.0,6.0,8.0,6.0,7.0,8.0,8.0,8.0,6.0,8.0,6.0,8.0,7.0,8.0,8.0,6.0,6.0,8.0,8.0,8.0,7.0,9.0,6.0,5.0,6.0,8.0,7.0,7.0,6.0,6.0,8.0
6.0,6.0,7.0,6.0,8.0,8.0,7.0,8.0,8.0,7.0,7.0,8.0,7.0,6.0,7.0,6.0,6.0,6.0,6.0,7.0,8.0,8.0,7.0,9.0,6.0,6.0,6.0,8.0,7.0,7.0,6.0,6.0,8.0
7.0,7.0,7.0,7.0,7.0,8.0,6.0,9.0,7.0,8.0,6.0,7.0,6.0,8.0,6.0,8.0,6.0,7.0,6.0,8.0,7.0,7.0,8.0,9.0,6.0,6.0,7.0,7.0,7.0,6.0,6.0,6.0,6.0
7.0,8.0,8.0,8.0,8.0,8.0,8.0,8.0,8.0,8.0,7.0,8.0,7.0,9.0,7.0,9.0,8.0,8.0,8.0,8.0,8.0,8.0,8.0,9.0,8.0,8.0,8.0,7.0,8.0,9.0,7.0,7.0,8.0
7.0,8.0,8.0,8.0,8.0,8.0,7.0,8.0,10.0,10.0,7.0,8.0,9.0,8.0,7.0,8.0,8.0,8.0,8.0,9.0,9.0,10.0,8.0,9.0,8.0,10.0,8.0,9.0,10.0,9.0,7.0,7.0,8.0
8.0,8.0,9.0,8.0,10.0,8.0,8.0,10.0,10.0,9.0,7.0,9.0,6.0,9.0,8.0,9.0,7.0,9.0,7.0,8.0,10.0,10.0,9.0,10.0,8.0,8.0,10.0,8.0,8.0,9.0,8.0,8.0,9.0
7.0,7.0,7.0,7.0,6.0,7.0,7.0,8.0,6.0,8.0,5.0,6.0,5.0,6.0,5.0,6.0,7.0,6.0,6.0,7.0,6.0,6.0,7.0,10.0,6.0,6.0,6.0,6.0,6.0,7.0,5.0,5.0,7.0
6.0,6.0,7.0,6.0,8.0,7.0,8.0,8.0,8.0,7.0,7.0,8.0,7.0,8.0,7.0,8.0,7.0,6.0,6.0,7.0,8.0,8.0,7.0,9.0,6.0,6.0,6.0,6.0,7.0,8.0,6.0,6.0,8.0
6.0,6.0,7.0,6.0,6.0,6.0,7.0,8.0,6.0,7.0,5.0,6.0,6.0,6.0,5.0,6.0,6.0,6.0,6.0,7.0,6.0,6.0,7.0,8.0,6.0,6.0,6.0,6.0,7.0,6.0,6.0,6.0,7.0
5.0,6.0,7.0,6.0,6.0,6.0,6.0,8.0,8.0,6.0,6.0,6.0,6.0,7.0,5.0,7.0,6.0,6.0,7.0,7.0,8.0,8.0,7.0,8.0,6.0,6.0,6.0,7.0,7.0,8.0,7.0,7.0,7.0
6.0,6.0,7.0,6.0,6.0,6.0,6.0,8.0,9.0,7.0,6.0,6.0,7.0,6.0,5.0,6.0,3.0,6.0,7.0,8.0,9.0,9.0,8.0,8.0,6.0,7.0,6.0,7.0,6.0,8.0,6.0,6.0,6.0
6.0,8.0,7.0,9.0,7.0,8.0,8.0,6.0,9.0,8.0,8.0,9.0,7.0,6.0,6.0,6.0,8.0,7.0,9.0,9.0,7.0,9.0,9.0,9.0,7.0,8.0,7.0,7.0,10.0,8.0,8.0,8.0,8.0
6.0,6.0,7.0,6.0,6.0,6.0,6.0,8.0,5.0,7.0,5.0,6.0,6.0,6.0,5.0,6.0,8.0,6.0,6.0,7.0,7.0,5.0,7.0,8.0,6.0,6.0,6.0,5.0,7.0,6.0,6.0,6.0,7.0
6.0,6.0,7.0,6.0,6.0,7.0,5.0,8.0,7.0,7.0,5.0,6.0,6.0,5.0,5.0,5.0,5.0,6.0,6.0,7.0,7.0,7.0,7.0,8.0,6.0,6.0,6.0,6.0,7.0,6.0,6.0,6.0,7.0
6.0,6.0,7.0,6.0,6.0,7.0,6.0,8.0,6.0,7.0,5.0,6.0,6.0,6.0,5.0,6.0,6.0,6.0,6.0,7.0,6.0,6.0,7.0,8.0,6.0,6.0,6.0,6.0,7.0,7.0,6.0,6.0,7.0
6.0,6.0,7.0,6.0,6.0,7.0,6.0,8.0,8.0,7.0,5.0,6.0,6.0,5.0,5.0,5.0,6.0,6.0,6.0,7.0,6.0,8.0,7.0,8.0,6.0,6.0,6.0,7.0,7.0,7.0,6.0,6.0,7.0
7.0,8.0,8.0,8.0,8.0,8.0,9.0,8.0,9.0,8.0,7.0,8.0,7.0,9.0,7.0,9.0,9.0,8.0,8.0,8.0,8.0,9.0,8.0,9.0,8.0,8.0,8.0,8.0,8.0,9.0,7.0,7.0,8.0
7.0,7.0,8.0,7.0,9.0,8.0,8.0,9.0,8.0,9.0,6.0,7.0,7.0,8.0,8.0,8.0,8.0,8.0,6.0,8.0,8.0,8.0,8.0,9.0,9.0,7.0,9.0,6.0,7.0,8.0,7.0,7.0,8.0
6.0,6.0,7.0,6.0,8.0,8.0,7.0,8.0,8.0,7.0,7.0,8.0,7.0,7.0,7.0,7.0,8.0,6.0,6.0,7.0,7.0,8.0,7.0,9.0,6.0,6.0,6.0,7.0,7.0,7.0,6.0,6.0,8.0
6.0,7.0,7.0,7.0,5.0,7.0,6.0,8.0,7.0,6.0,5.0,6.0,6.0,6.0,6.0,6.0,6.0,6.0,6.0,6.0,6.0,7.0,7.0,7.0,7.0,6.0,6.0,6.0,7.0,6.0,6.0,6.0,7.0
7.0,8.0,8.0,8.0,8.0,8.0,7.0,8.0,9.0,8.0,7.0,8.0,7.0,7.0,7.0,7.0,6.0,8.0,8.0,8.0,10.0,9.0,8.0,9.0,8.0,8.0,8.0,10.0,8.0,10.0,7.0,7.0,8.0
7.0,7.0,7.0,8.0,8.0,8.0,8.0,8.0,7.0,8.0,6.0,8.0,6.0,8.0,7.0,8.0,9.0,6.0,6.0,8.0,7.0,7.0,7.0,10.0,6.0,6.0,6.0,7.0,9.0,7.0,6.0,6.0,8.0
6.0,6.0,7.0,6.0,8.0,8.0,7.0,8.0,9.0,7.0,7.0,8.0,7.0,7.0,7.0,7.0,8.0,6.0,6.0,7.0,6.0,9.0,7.0,9.0,6.0,6.0,6.0,7.0,7.0,7.0,6.0,6.0,8.0
7.0,8.0,8.0,8.0,8.0,8.0,8.0,8.0,9.0,8.0,7.0,8.0,7.0,9.0,7.0,9.0,7.0,8.0,8.0,8.0,10.0,9.0,8.0,9.0,8.0,8.0,8.0,7.0,8.0,9.0,7.0,7.0,8.0
7.0,8.0,8.0,8.0,8.0,9.0,7.0,8.0,10.0,8.0,7.0,8.0,7.0,7.0,7.0,7.0,7.0,8.0,8.0,8.0,8.0,10.0,8.0,9.0,8.0,8.0,8.0,9.0,8.0,8.0,7.0,7.0,8.0
7.0,7.0,7.0,9.0,7.0,9.0,9.0,7.0,8.0,8.0,7.0,7.0,7.0,8.0,7.0,8.0,9.0,8.0,8.0,7.0,8.0,8.0,7.0,10.0,8.0,9.0,7.0,7.0,10.0,8.0,7.0,7.0,10.0
8.0,7.0,7.0,8.0,7.0,9.0,9.0,8.0,7.0,8.0,6.0,8.0,6.0,9.0,6.0,9.0,10.0,7.0,7.0,8.0,6.0,7.0,7.0,9.0,8.0,6.0,6.0,7.0,8.0,6.0,6.0,6.0,8.0
5.0,7.0,7.0,5.0,6.0,6.0,6.0,8.0,7.0,8.0,6.0,6.0,6.0,6.0,5.0,6.0,6.0,6.0,6.0,8.0,7.0,7.0,7.0,7.0,6.0,8.0,6.0,6.0,7.0,6.0,6.0,6.0,7.0
6.0,6.0,7.0,6.0,8.0,7.0,8.0,8.0,9.0,7.0,7.0,8.0,7.0,7.0,7.0,7.0,7.0,6.0,6.0,7.0,8.0,9.0,7.0,9.0,6.0,6.0,6.0,7.0,7.0,8.0,6.0,6.0,8.0
6.0,8.0,7.0,7.0,6.0,7.0,6.0,8.0,8.0,9.0,6.0,6.0,6.0,6.0,5.0,6.0,6.0,6.0,6.0,8.0,7.0,8.0,7.0,8.0,6.0,7.0,6.0,7.0,7.0,6.0,6.0,6.0,7.0
7.0,7.0,8.0,8.0,8.0,8.0,7.0,8.0,8.0,7.0,8.0,8.0,6.0,7.0,7.0,7.0,7.0,8.0,8.0,7.0,9.0,8.0,8.0,9.0,8.0,7.0,8.0,8.0,9.0,8.0,8.0,8.0,8.0
7.0,6.0,7.0,5.0,6.0,7.0,5.0,8.0,7.0,6.0,6.0,6.0,5.0,6.0,5.0,6.0,3.0,6.0,6.0,7.0,9.0,7.0,7.0,7.0,6.0,6.0,6.0,7.0,7.0,7.0,6.0,6.0,7.0
6.0,6.0,7.0,6.0,6.0,7.0,6.0,8.0,8.0,7.0,5.0,6.0,6.0,7.0,5.0,7.0,5.0,6.0,6.0,7.0,8.0,8.0,7.0,8.0,6.0,6.0,6.0,7.0,7.0,7.0,6.0,6.0,7.0
6.0,7.0,7.0,7.0,6.0,7.0,6.0,8.0,7.0,7.0,6.0,6.0,7.0,6.0,5.0,6.0,6.0,6.0,6.0,8.0,7.0,7.0,7.0,7.0,6.0,7.0,6.0,6.0,6.0,7.0,6.0,6.0,7.0
8.0,8.0,8.0,8.0,8.0,9.0,6.0,8.0,9.0,9.0,7.0,8.0,8.0,8.0,7.0,8.0,6.0,8.0,8.0,9.0,10.0,9.0,8.0,9.0,8.0,8.0,8.0,7.0,8.0,9.0,8.0,8.0,8.0
9.0,9.0,9.0,7.0,9.0,9.0,8.0,10.0,9.0,9.0,7.0,9.0,8.0,8.0,7.0,8.0,8.0,9.0,7.0,9.0,9.0,9.0,9.0,10.0,9.0,8.0,9.0,9.0,9.0,9.0,8.0,8.0,9.0
7.0,6.0,7.0,7.0,6.0,8.0,8.0,8.0,6.0,7.0,5.0,6.0,5.0,7.0,5.0,7.0,7.0,6.0,6.0,6.0,7.0,6.0,7.0,9.0,6.0,5.0,6.0,6.0,7.0,6.0,5.0,5.0,7.0
6.0,6.0,7.0,6.0,6.0,6.0,5.0,8.0,6.0,7.0,5.0,6.0,6.0,7.0,5.0,7.0,5.0,6.0,6.0,7.0,8.0,6.0,7.0,8.0,6.0,6.0,6.0,8.0,7.0,6.0,6.0,6.0,7.0
6.0,6.0,7.0,6.0,8.0,8.0,8.0,8.0,7.0,7.0,7.0,8.0,7.0,8.0,7.0,8.0,8.0,6.0,6.0,7.0,8.0,7.0,7.0,9.0,6.0,6.0,6.0,6.0,7.0,8.0,6.0,6.0,8.0
7.0,7.0,7.0,6.0,6.0,7.0,6.0,8.0,6.0,7.0,5.0,6.0,5.0,6.0,5.0,6.0,7.0,6.0,6.0,6.0,6.0,6.0,7.0,8.0,6.0,6.0,6.0,6.0,6.0,6.0,5.0,5.0,7.0
6.0,6.0,7.0,6.0,8.0,8.0,8.0,8.0,8.0,7.0,7.0,8.0,7.0,8.0,7.0,8.0,9.0,6.0,6.0,7.0,6.0,8.0,7.0,9.0,6.0,6.0,6.0,6.0,7.0,7.0,6.0,6.0,8.0
5.0,6.0,7.0,6.0,6.0,6.0,6.0,8.0,8.0,6.0,5.0,6.0,6.0,6.0,5.0,6.0,5.0,6.0,6.0,7.0,8.0,8.0,7.0,7.0,6.0,6.0,6.0,6.0,6.0,8.0,6.0,6.0,7.0
5.0,6.0,7.0,7.0,6.0,7.0,6.0,8.0,6.0,7.0,6.0,6.0,6.0,6.0,5.0,6.0,7.0,6.0,7.0,6.0,6.0,6.0,6.0,6.0,6.0,6.0,6.0,6.0,8.0,7.0,6.0,6.0,7.0
7.0,7.0,7.0,7.0,8.0,7.0,6.0,8.0,9.0,8.0,6.0,8.0,6.0,7.0,7.0,7.0,6.0,6.0,6.0,8.0,10.0,9.0,7.0,9.0,6.0,6.0,6.0,9.0,7.0,7.0,7.0,7.0,8.0
8.0,7.0,8.0,8.0,8.0,8.0,8.0,8.0,9.0,7.0,7.0,8.0,6.0,9.0,7.0,9.0,8.0,8.0,8.0,8.0,9.0,9.0,8.0,9.0,8.0,7.0,8.0,7.0,8.0,9.0,8.0,8.0,8.0
7.0,6.0,9.0,8.0,10.0,7.0,8.0,9.0,9.0,7.0,7.0,9.0,7.0,9.0,10.0,9.0,8.0,8.0,8.0,9.0,9.0,9.0,8.0,9.0,8.0,8.0,9.0,7.0,10.0,10.0,7.0,7.0,10.0
7.0,6.0,7.0,7.0,8.0,7.0,6.0,8.0,8.0,7.0,7.0,8.0,7.0,8.0,7.0,8.0,7.0,6.0,6.0,8.0,9.0,8.0,7.0,8.0,6.0,7.0,6.0,7.0,8.0,10.0,7.0,7.0,8.0
8.0,9.0,7.0,7.0,8.0,9.0,8.0,8.0,8.0,9.0,6.0,8.0,7.0,8.0,7.0,8.0,7.0,6.0,6.0,7.0,7.0,8.0,7.0,10.0,6.0,9.0,6.0,8.0,7.0,7.0,6.0,6.0,8.0
7.0,6.0,7.0,7.0,8.0,8.0,7.0,8.0,8.0,7.0,6.0,8.0,8.0,7.0,7.0,7.0,6.0,6.0,6.0,8.0,9.0,8.0,7.0,8.0,6.0,7.0,6.0,7.0,7.0,7.0,7.0,7.0,8.0
7.0,8.0,8.0,8.0,8.0,9.0,9.0,8.0,9.0,8.0,7.0,8.0,7.0,8.0,7.0,8.0,7.0,8.0,8.0,8.0,9.0,9.0,8.0,9.0,8.0,8.0,8.0,8.0,8.0,10.0,7.0,7.0,8.0
7.0,8.0,8.0,8.0,8.0,9.0,9.0,8.0,9.0,8.0,7.0,8.0,7.0,10.0,7.0,10.0,9.0,8.0,8.0,8.0,9.0,9.0,8.0,9.0,8.0,8.0,8.0,7.0,8.0,9.0,7.0,7.0,8.0
6.0,7.0,6.0,7.0,6.0,7.0,7.0,8.0,7.0,6.0,6.0,7.0,6.0,6.0,5.0,6.0,7.0,7.0,6.0,7.0,7.0,7.0,6.0,8.0,6.0,7.0,6.0,6.0,8.0,6.0,5.0,5.0,6.0
6.0,6.0,7.0,6.0,8.0,8.0,8.0,8.0,8.0,7.0,7.0,8.0,7.0,8.0,7.0,8.0,7.0,6.0,6.0,7.0,7.0,8.0,7.0,9.0,6.0,6.0,6.0,8.0,7.0,6.0,6.0,6.0,8.0
6.0,6.0,7.0,6.0,8.0,8.0,7.0,8.0,8.0,7.0,7.0,8.0,7.0,8.0,7.0,8.0,7.0,6.0,6.0,7.0,8.0,8.0,7.0,9.0,6.0,6.0,6.0,7.0,7.0,8.0,6.0,6.0,8.0
7.0,8.0,8.0,8.0,8.0,7.0,7.0,8.0,10.0,8.0,7.0,8.0,7.0,8.0,7.0,8.0,7.0,8.0,8.0,8.0,9.0,10.0,8.0,9.0,8.0,8.0,8.0,9.0,8.0,10.0,7.0,7.0,8.0
5.0,6.0,7.0,7.0,6.0,6.0,7.0,8.0,8.0,7.0,5.0,6.0,6.0,6.0,5.0,6.0,5.0,6.0,6.0,7.0,7.0,8.0,7.0,6.0,6.0,7.0,6.0,7.0,7.0,7.0,6.0,6.0,7.0
6.0,6.0,7.0,6.0,6.0,7.0,6.0,8.0,7.0,7.0,5.0,6.0,6.0,5.0,5.0,5.0,6.0,6.0,6.0,7.0,6.0,7.0,7.0,8.0,6.0,6.0,6.0,6.0,7.0,6.0,6.0,6.0,7.0
7.0,7.0,8.0,8.0,8.0,9.0,8.0,8.0,7.0,7.0,6.0,8.0,6.0,9.0,7.0,9.0,9.0,8.0,8.0,7.0,8.0,7.0,8.0,9.0,8.0,6.0,8.0,8.0,10.0,7.0,7.0,7.0,8.0
6.0,8.0,7.0,8.0,8.0,7.0,7.0,8.0,8.0,7.0,7.0,8.0,6.0,6.0,7.0,6.0,9.0,6.0,6.0,8.0,7.0,8.0,7.0,9.0,6.0,7.0,6.0,6.0,9.0,7.0,6.0,6.0,8.0
6.0,6.0,7.0,6.0,6.0,6.0,7.0,8.0,8.0,7.0,5.0,6.0,6.0,6.0,5.0,6.0,5.0,6.0,6.0,7.0,7.0,8.0,7.0,8.0,6.0,6.0,6.0,6.0,7.0,6.0,6.0,6.0,7.0
5.0,5.0,7.0,6.0,6.0,6.0,6.0,8.0,7.0,6.0,5.0,6.0,5.0,7.0,5.0,7.0,6.0,6.0,6.0,5.0,6.0,7.0,7.0,7.0,6.0,7.0,6.0,6.0,7.0,6.0,5.0,5.0,7.0
7.0,7.0,7.0,7.0,8.0,7.0,6.0,8.0,8.0,6.0,7.0,8.0,5.0,6.0,7.0,6.0,6.0,6.0,6.0,7.0,8.0,8.0,7.0,8.0,6.0,7.0,6.0,6.0,8.0,7.0,6.0,6.0,8.0
7.0,8.0,8.0,8.0,8.0,8.0,9.0,8.0,9.0,8.0,7.0,8.0,7.0,7.0,7.0,7.0,9.0,8.0,8.0,8.0,8.0,9.0,8.0,9.0,8.0,8.0,8.0,8.0,8.0,8.0,7.0,7.0,8.0
7.0,8.0,8.0,9.0,8.0,8.0,9.0,8.0,8.0,9.0,6.0,8.0,7.0,10.0,7.0,10.0,9.0,8.0,8.0,9.0,8.0,8.0,8.0,10.0,8.0,8.0,8.0,9.0,9.0,9.0,7.0,7.0,8.0
4.0,4.0,7.0,7.0,6.0,7.0,6.0,8.0,6.0,5.0,6.0,6.0,6.0,7.0,5.0,7.0,6.0,6.0,7.0,6.0,7.0,6.0,7.0,7.0,6.0,7.0,6.0,6.0,8.0,7.0,6.0,6.0,8.0
6.0,6.0,7.0,6.0,6.0,7.0,7.0,8.0,6.0,7.0,6.0,6.0,5.0,9.0,5.0,9.0,7.0,6.0,6.0,7.0,7.0,6.0,7.0,9.0,6.0,6.0,6.0,7.0,7.0,8.0,5.0,5.0,7.0
7.0,6.0,8.0,8.0,8.0,8.0,8.0,8.0,10.0,7.0,8.0,8.0,8.0,9.0,7.0,9.0,8.0,8.0,8.0,8.0,10.0,10.0,8.0,10.0,8.0,8.0,8.0,6.0,9.0,10.0,8.0,8.0,8.0
7.0,7.0,7.0,7.0,8.0,8.0,7.0,8.0,7.0,8.0,6.0,8.0,7.0,7.0,7.0,7.0,7.0,6.0,6.0,7.0,7.0,7.0,7.0,8.0,6.0,8.0,6.0,6.0,8.0,7.0,7.0,7.0,8.0
6.0,6.0,7.0,6.0,6.0,7.0,6.0,8.0,5.0,7.0,5.0,6.0,6.0,8.0,5.0,8.0,9.0,6.0,6.0,7.0,7.0,5.0,7.0,8.0,6.0,6.0,6.0,6.0,7.0,6.0,6.0,6.0,7.0
6.0,6.0,7.0,6.0,6.0,5.0,7.0,8.0,7.0,7.0,5.0,6.0,6.0,7.0,5.0,7.0,7.0,6.0,6.0,7.0,7.0,7.0,7.0,8.0,6.0,6.0,6.0,6.0,7.0,7.0,6.0,6.0,7.0
6.0,6.0,7.0,7.0,6.0,7.0,7.0,8.0,7.0,8.0,5.0,6.0,6.0,6.0,5.0,6.0,7.0,6.0,6.0,7.0,6.0,7.0,7.0,8.0,6.0,7.0,6.0,6.0,7.0,6.0,6.0,6.0,7.0
6.0,6.0,7.0,6.0,6.0,7.0,6.0,8.0,7.0,7.0,5.0,6.0,6.0,5.0,5.0,5.0,6.0,6.0,6.0,7.0,6.0,7.0,7.0,8.0,6.0,6.0,6.0,6.0,7.0,6.0,6.0,6.0,7.0
6.0,6.0,7.0,7.0,8.0,7.0,7.0,8.0,8.0,6.0,6.0,8.0,7.0,7.0,7.0,7.0,7.0,6.0,6.0,9.0,8.0,8.0,7.0,8.0,6.0,8.0,6.0,7.0,8.0,9.0,7.0,7.0,8.0
7.0,8.0,8.0,8.0,8.0,8.0,8.0,8.0,8.0,8.0,7.0,8.0,7.0,9.0,7.0,9.0,9.0,8.0,8.0,8.0,8.0,8.0,8.0,9.0,8.0,8.0,8.0,8.0,8.0,9.0,7.0,7.0,8.0
6.0,6.0,7.0,6.0,6.0,7.0,7.0,8.0,7.0,7.0,5.0,6.0,6.0,6.0,5.0,6.0,7.0,6.0,6.0,7.0,5.0,7.0,7.0,8.0,6.0,6.0,6.0,7.0,7.0,7.0,6.0,6.0,7.0
6.0,6.0,7.0,6.0,8.0,7.0,6.0,8.0,9.0,7.0,7.0,8.0,7.0,8.0,7.0,8.0,5.0,6.0,6.0,7.0,9.0,9.0,7.0,9.0,6.0,6.0,6.0,8.0,7.0,8.0,6.0,6.0,8.0
7.0,7.0,7.0,6.0,7.0,7.0,6.0,7.0,7.0,8.0,6.0,7.0,6.0,6.0,4.0,6.0,6.0,6.0,5.0,8.0,8.0,7.0,8.0,8.0,6.0,7.0,7.0,7.0,8.0,6.0,6.0,6.0,5.0
6.0,7.0,7.0,6.0,7.0,8.0,6.0,8.0,8.0,8.0,7.0,7.0,7.0,6.0,4.0,6.0,6.0,6.0,8.0,9.0,7.0,8.0,9.0,9.0,7.0,8.0,7.0,8.0,8.0,7.0,8.0,8.0,6.0
7.0,7.0,8.0,7.0,8.0,7.0,6.0,8.0,8.0,7.0,6.0,8.0,8.0,6.0,7.0,6.0,7.0,7.0,7.0,8.0,9.0,8.0,8.0,8.0,7.0,7.0,7.0,7.0,8.0,8.0,8.0,8.0,7.0
6.0,6.0,7.0,6.0,8.0,7.0,7.0,8.0,9.0,7.0,7.0,8.0,7.0,5.0,7.0,5.0,6.0,6.0,6.0,7.0,9.0,9.0,7.0,9.0,6.0,6.0,6.0,8.0,7.0,7.0,6.0,6.0,8.0
5.0,6.0,7.0,7.0,6.0,6.0,6.0,8.0,6.0,4.0,5.0,6.0,3.0,6.0,5.0,6.0,6.0,6.0,6.0,7.0,7.0,6.0,7.0,8.0,6.0,5.0,6.0,5.0,7.0,7.0,6.0,6.0,7.0
10.0,10.0,8.0,8.0,8.0,9.0,8.0,8.0,9.0,10.0,7.0,8.0,8.0,9.0,7.0,9.0,7.0,8.0,8.0,8.0,9.0,9.0,8.0,10.0,8.0,8.0,8.0,9.0,8.0,9.0,8.0,8.0,8.0
7.0,7.0,8.0,6.0,8.0,7.0,7.0,10.0,8.0,8.0,6.0,8.0,7.0,8.0,6.0,8.0,7.0,8.0,7.0,8.0,9.0,8.0,7.0,9.0,7.0,7.0,8.0,7.0,7.0,8.0,7.0,7.0,7.0
7.0,8.0,8.0,8.0,8.0,9.0,9.0,8.0,9.0,8.0,7.0,8.0,7.0,10.0,7.0,10.0,8.0,8.0,8.0,8.0,9.0,9.0,8.0,9.0,8.0,8.0,8.0,9.0,8.0,9.0,7.0,7.0,8.0
7.0,8.0,7.0,7.0,8.0,8.0,9.0,8.0,8.0,8.0,5.0,8.0,5.0,8.0,7.0,8.0,8.0,6.0,6.0,6.0,7.0,8.0,7.0,9.0,6.0,7.0,6.0,7.0,8.0,7.0,6.0,6.0,8.0
6.0,7.0,5.0,6.0,4.0,7.0,6.0,6.0,6.0,6.0,4.0,5.0,4.0,6.0,4.0,6.0,6.0,7.0,7.0,6.0,6.0,6.0,7.0,8.0,6.0,6.0,5.0,6.0,8.0,6.0,5.0,5.0,7.0
7.0,8.0,7.0,8.0,7.0,10.0,8.0,8.0,8.0,8.0,6.0,7.0,8.0,8.0,7.0,8.0,9.0,7.0,9.0,8.0,8.0,8.0,9.0,10.0,7.0,7.0,7.0,8.0,10.0,9.0,8.0,8.0,9.0
6.0,8.0,7.0,7.0,8.0,9.0,8.0,8.0,7.0,8.0,6.0,8.0,5.0,6.0,7.0,6.0,8.0,6.0,6.0,6.0,8.0,7.0,7.0,8.0,6.0,7.0,6.0,6.0,8.0,6.0,6.0,6.0,8.0
7.0,8.0,8.0,8.0,8.0,9.0,9.0,8.0,6.0,8.0,7.0,8.0,7.0,8.0,7.0,8.0,10.0,8.0,8.0,8.0,8.0,6.0,8.0,9.0,8.0,8.0,8.0,8.0,8.0,7.0,7.0,7.0,8.0
6.0,6.0,7.0,6.0,6.0,6.0,6.0,8.0,6.0,7.0,5.0,6.0,5.0,6.0,5.0,6.0,6.0,6.0,6.0,5.0,6.0,6.0,7.0,7.0,6.0,5.0,6.0,6.0,7.0,5.0,4.0,4.0,7.0
6.0,6.0,8.0,8.0,7.0,9.0,7.0,7.0,9.0,7.0,7.0,8.0,8.0,8.0,8.0,8.0,7.0,7.0,8.0,8.0,9.0,9.0,7.0,9.0,7.0,8.0,7.0,7.0,9.0,9.0,8.0,8.0,8.0
6.0,5.0,7.0,6.0,6.0,6.0,6.0,8.0,8.0,6.0,6.0,6.0,6.0,7.0,5.0,7.0,6.0,6.0,6.0,7.0,8.0,8.0,7.0,8.0,6.0,7.0,6.0,6.0,7.0,7.0,6.0,6.0,6.0
6.0,6.0,7.0,6.0,6.0,6.0,5.0,8.0,7.0,7.0,5.0,6.0,6.0,7.0,5.0,7.0,7.0,6.0,6.0,7.0,7.0,7.0,7.0,8.0,6.0,6.0,6.0,6.0,7.0,6.0,6.0,6.0,7.0
7.0,8.0,8.0,8.0,8.0,8.0,9.0,8.0,10.0,8.0,7.0,8.0,7.0,8.0,7.0,8.0,8.0,8.0,8.0,8.0,9.0,10.0,8.0,9.0,8.0,8.0,8.0,9.0,8.0,9.0,7.0,7.0,8.0
7.0,8.0,8.0,8.0,8.0,8.0,8.0,8.0,8.0,8.0,7.0,8.0,7.0,8.0,7.0,8.0,10.0,8.0,8.0,8.0,8.0,8.0,8.0,9.0,8.0,8.0,8.0,7.0,8.0,8.0,7.0,7.0,8.0
7.0,8.0,8.0,8.0,8.0,10.0,10.0,8.0,8.0,8.0,7.0,8.0,7.0,9.0,7.0,9.0,10.0,8.0,8.0,8.0,7.0,8.0,8.0,9.0,8.0,8.0,8.0,8.0,8.0,8.0,7.0,7.0,8.0
6.0,6.0,7.0,6.0,8.0,9.0,8.0,8.0,8.0,7.0,7.0,8.0,7.0,7.0,7.0,7.0,8.0,6.0,6.0,7.0,7.0,8.0,7.0,9.0,6.0,6.0,6.0,6.0,7.0,7.0,6.0,6.0,8.0
7.0,6.0,8.0,6.0,8.0,6.0,6.0,8.0,8.0,6.0,6.0,7.0,6.0,7.0,7.0,7.0,7.0,7.0,7.0,6.0,9.0,8.0,6.0,9.0,6.0,6.0,7.0,8.0,8.0,7.0,6.0,6.0,7.0
7.0,8.0,8.0,8.0,8.0,9.0,8.0,8.0,8.0,8.0,7.0,8.0,7.0,8.0,7.0,8.0,9.0,8.0,8.0,8.0,7.0,8.0,8.0,9.0,8.0,8.0,8.0,7.0,8.0,7.0,7.0,7.0,8.0
7.0,8.0,7.0,7.0,8.0,8.0,8.0,8.0,8.0,9.0,6.0,8.0,7.0,7.0,7.0,7.0,6.0,6.0,6.0,9.0,9.0,8.0,7.0,10.0,6.0,8.0,6.0,8.0,7.0,7.0,6.0,6.0,8.0
6.0,6.0,7.0,6.0,6.0,6.0,7.0,8.0,6.0,5.0,4.0,6.0,3.0,6.0,5.0,6.0,7.0,6.0,6.0,6.0,7.0,6.0,7.0,8.0,6.0,4.0,6.0,7.0,6.0,6.0,6.0,6.0,7.0
8.0,9.0,8.0,8.0,8.0,8.0,7.0,8.0,9.0,10.0,8.0,8.0,8.0,7.0,7.0,7.0,8.0,8.0,8.0,10.0,9.0,9.0,8.0,9.0,8.0,8.0,8.0,9.0,9.0,7.0,8.0,8.0,8.0
7.0,8.0,8.0,8.0,8.0,9.0,8.0,8.0,8.0,8.0,7.0,8.0,7.0,8.0,7.0,8.0,9.0,8.0,8.0,8.0,8.0,8.0,8.0,9.0,8.0,8.0,8.0,7.0,8.0,8.0,7.0,7.0,8.0
7.0,7.0,8.0,8.0,8.0,8.0,10.0,9.0,8.0,9.0,7.0,8.0,6.0,9.0,7.0,9.0,9.0,9.0,7.0,8.0,9.0,8.0,8.0,10.0,8.0,7.0,8.0,8.0,9.0,8.0,6.0,6.0,9.0
6.0,6.0,7.0,7.0,8.0,7.0,7.0,8.0,7.0,5.0,6.0,8.0,5.0,7.0,7.0,7.0,7.0,6.0,6.0,6.0,7.0,7.0,7.0,8.0,6.0,6.0,6.0,6.0,8.0,8.0,8.0,8.0,8.0
6.0,6.0,8.0,7.0,7.0,7.0,6.0,7.0,9.0,6.0,7.0,7.0,7.0,6.0,5.0,6.0,6.0,5.0,7.0,7.0,8.0,9.0,8.0,8.0,6.0,8.0,6.0,8.0,8.0,7.0,7.0,7.0,7.0
9.0,9.0,8.0,9.0,8.0,8.0,9.0,8.0,9.0,8.0,7.0,8.0,8.0,9.0,7.0,9.0,7.0,8.0,8.0,9.0,9.0,9.0,8.0,10.0,8.0,9.0,8.0,8.0,8.0,8.0,7.0,7.0,8.0
6.0,6.0,7.0,6.0,8.0,6.0,7.0,8.0,7.0,7.0,7.0,8.0,7.0,7.0,7.0,7.0,7.0,6.0,6.0,7.0,8.0,7.0,7.0,9.0,6.0,6.0,6.0,6.0,7.0,8.0,6.0,6.0,8.0
7.0,8.0,8.0,8.0,8.0,9.0,8.0,8.0,8.0,8.0,7.0,8.0,7.0,9.0,7.0,9.0,10.0,8.0,8.0,8.0,7.0,8.0,8.0,9.0,8.0,8.0,8.0,7.0,8.0,8.0,7.0,7.0,8.0
6.0,5.0,7.0,7.0,6.0,7.0,7.0,8.0,6.0,6.0,5.0,6.0,6.0,8.0,5.0,8.0,6.0,6.0,6.0,7.0,6.0,6.0,7.0,7.0,6.0,6.0,6.0,5.0,7.0,7.0,6.0,6.0,7.0
7.0,7.0,8.0,9.0,9.0,7.0,8.0,8.0,9.0,7.0,6.0,8.0,7.0,9.0,8.0,9.0,9.0,8.0,8.0,9.0,9.0,9.0,8.0,9.0,8.0,8.0,8.0,8.0,10.0,9.0,8.0,8.0,9.0
5.0,4.0,7.0,5.0,6.0,7.0,5.0,8.0,6.0,5.0,6.0,6.0,5.0,7.0,5.0,7.0,6.0,6.0,6.0,7.0,7.0,6.0,7.0,6.0,6.0,5.0,6.0,6.0,7.0,7.0,7.0,7.0,7.0
7.0,8.0,8.0,8.0,8.0,8.0,7.0,8.0,10.0,8.0,7.0,8.0,7.0,7.0,7.0,7.0,6.0,8.0,8.0,8.0,10.0,10.0,8.0,9.0,8.0,8.0,8.0,9.0,8.0,9.0,7.0,7.0,8.0
6.0,7.0,8.0,8.0,8.0,7.0,7.0,8.0,8.0,8.0,8.0,8.0,7.0,8.0,7.0,8.0,8.0,8.0,8.0,8.0,8.0,8.0,8.0,10.0,8.0,8.0,8.0,7.0,9.0,9.0,8.0,8.0,8.0
6.0,6.0,7.0,6.0,8.0,6.0,5.0,8.0,9.0,7.0,7.0,8.0,7.0,7.0,7.0,7.0,7.0,6.0,6.0,7.0,9.0,9.0,7.0,9.0,6.0,6.0,6.0,9.0,7.0,8.0,6.0,6.0,8.0
5.0,7.0,7.0,7.0,8.0,8.0,7.0,8.0,7.0,7.0,7.0,8.0,7.0,8.0,7.0,8.0,7.0,6.0,6.0,8.0,8.0,7.0,7.0,8.0,6.0,8.0,6.0,6.0,9.0,8.0,8.0,8.0,8.0
7.0,8.0,8.0,8.0,8.0,9.0,7.0,8.0,10.0,8.0,7.0,8.0,7.0,7.0,7.0,7.0,6.0,8.0,8.0,8.0,10.0,10.0,8.0,9.0,8.0,8.0,8.0,8.0,8.0,9.0,7.0,7.0,8.0
6.0,6.0,7.0,6.0,6.0,7.0,7.0,8.0,6.0,7.0,5.0,6.0,6.0,6.0,5.0,6.0,6.0,6.0,6.0,7.0,6.0,6.0,7.0,8.0,6.0,6.0,6.0,6.0,7.0,7.0,6.0,6.0,7.0
7.0,7.0,7.0,6.0,7.0,6.0,6.0,9.0,8.0,7.0,6.0,7.0,6.0,7.0,5.0,7.0,7.0,6.0,6.0,8.0,7.0,8.0,9.0,9.0,7.0,8.0,7.0,7.0,7.0,7.0,6.0,6.0,6.0
6.0,6.0,7.0,6.0,8.0,8.0,8.0,8.0,7.0,7.0,7.0,8.0,7.0,9.0,7.0,9.0,8.0,6.0,6.0,7.0,8.0,7.0,7.0,9.0,6.0,6.0,6.0,7.0,7.0,7.0,6.0,6.0,8.0
8.0,8.0,8.0,8.0,8.0,9.0,7.0,8.0,9.0,8.0,7.0,8.0,7.0,7.0,7.0,7.0,7.0,8.0,8.0,9.0,9.0,9.0,8.0,9.0,8.0,7.0,8.0,8.0,8.0,8.0,9.0,9.0,8.0
6.0,6.0,7.0,6.0,6.0,7.0,6.0,8.0,7.0,6.0,5.0,6.0,6.0,6.0,5.0,6.0,6.0,6.0,6.0,7.0,7.0,7.0,7.0,7.0,6.0,5.0,6.0,6.0,7.0,8.0,6.0,6.0,7.0
7.0,6.0,7.0,7.0,8.0,8.0,7.0,8.0,8.0,8.0,6.0,8.0,6.0,8.0,7.0,8.0,8.0,6.0,6.0,7.0,8.0,8.0,7.0,9.0,6.0,5.0,6.0,7.0,8.0,9.0,6.0,6.0,8.0
6.0,8.0,8.0,8.0,8.0,9.0,8.0,7.0,8.0,7.0,8.0,7.0,7.0,8.0,8.0,8.0,7.0,7.0,8.0,8.0,10.0,8.0,8.0,9.0,6.0,8.0,7.0,8.0,9.0,9.0,8.0,8.0,7.0
7.0,7.0,7.0,7.0,8.0,8.0,7.0,8.0,9.0,9.0,8.0,9.0,8.0,7.0,6.0,7.0,6.0,7.0,9.0,10.0,10.0,9.0,10.0,8.0,7.0,9.0,8.0,9.0,8.0,7.0,8.0,8.0,7.0
7.0,8.0,8.0,8.0,8.0,9.0,9.0,8.0,10.0,8.0,7.0,8.0,7.0,6.0,7.0,6.0,7.0,8.0,8.0,8.0,9.0,10.0,8.0,9.0,8.0,8.0,8.0,8.0,8.0,9.0,7.0,7.0,8.0
7.0,6.0,7.0,7.0,8.0,7.0,6.0,8.0,8.0,7.0,7.0,8.0,7.0,7.0,7.0,7.0,6.0,6.0,6.0,8.0,9.0,8.0,7.0,9.0,6.0,7.0,6.0,7.0,8.0,8.0,8.0,8.0,8.0
7.0,8.0,8.0,8.0,8.0,9.0,8.0,8.0,9.0,8.0,7.0,8.0,7.0,7.0,7.0,7.0,9.0,8.0,8.0,8.0,10.0,9.0,8.0,9.0,8.0,8.0,8.0,8.0,8.0,7.0,7.0,7.0,8.0
6.0,6.0,7.0,6.0,6.0,7.0,7.0,8.0,6.0,7.0,5.0,6.0,6.0,7.0,5.0,7.0,7.0,6.0,6.0,7.0,6.0,6.0,7.0,8.0,6.0,6.0,6.0,7.0,7.0,7.0,6.0,6.0,7.0
6.0,6.0,7.0,6.0,6.0,6.0,6.0,8.0,7.0,7.0,5.0,6.0,6.0,7.0,5.0,7.0,6.0,6.0,6.0,7.0,8.0,7.0,7.0,8.0,6.0,6.0,6.0,6.0,7.0,8.0,6.0,6.0,7.0
6.0,7.0,7.0,6.0,6.0,7.0,6.0,8.0,7.0,7.0,5.0,6.0,6.0,7.0,5.0,7.0,8.0,6.0,6.0,7.0,6.0,7.0,7.0,9.0,6.0,6.0,6.0,6.0,6.0,6.0,5.0,5.0,7.0
6.0,7.0,8.0,7.0,8.0,8.0,7.0,7.0,8.0,8.0,6.0,8.0,7.0,7.0,7.0,7.0,8.0,7.0,8.0,9.0,8.0,8.0,8.0,9.0,7.0,8.0,7.0,7.0,8.0,8.0,7.0,7.0,8.0
8.0,9.0,8.0,7.0,9.0,9.0,8.0,9.0,9.0,9.0,7.0,9.0,10.0,8.0,8.0,8.0,7.0,9.0,8.0,10.0,9.0,9.0,10.0,10.0,9.0,9.0,9.0,9.0,9.0,9.0,8.0,8.0,8.0
7.0,7.0,9.0,8.0,8.0,8.0,8.0,8.0,8.0,7.0,7.0,6.0,6.0,8.0,8.0,8.0,8.0,7.0,8.0,7.0,10.0,8.0,8.0,10.0,8.0,7.0,7.0,6.0,9.0,9.0,8.0,8.0,9.0
6.0,6.0,7.0,6.0,8.0,8.0,7.0,8.0,9.0,7.0,7.0,8.0,7.0,7.0,7.0,7.0,7.0,6.0,6.0,7.0,8.0,9.0,7.0,9.0,6.0,6.0,6.0,8.0,7.0,7.0,6.0,6.0,8.0
5.0,6.0,7.0,7.0,6.0,7.0,7.0,8.0,6.0,6.0,4.0,6.0,4.0,6.0,5.0,6.0,9.0,6.0,7.0,6.0,6.0,6.0,7.0,8.0,6.0,5.0,6.0,6.0,7.0,6.0,6.0,6.0,7.0
6.0,6.0,7.0,6.0,8.0,9.0,7.0,8.0,8.0,7.0,7.0,8.0,7.0,6.0,7.0,6.0,7.0,6.0,6.0,7.0,8.0,8.0,7.0,9.0,6.0,6.0,6.0,6.0,7.0,8.0,6.0,6.0,8.0
7.0,9.0,7.0,7.0,8.0,8.0,7.0,8.0,9.0,9.0,5.0,8.0,7.0,8.0,7.0,8.0,8.0,6.0,6.0,8.0,8.0,9.0,7.0,10.0,6.0,5.0,6.0,8.0,7.0,8.0,7.0,7.0,8.0
9.0,7.0,9.0,9.0,9.0,8.0,9.0,10.0,8.0,8.0,7.0,7.0,6.0,10.0,8.0,10.0,9.0,8.0,7.0,6.0,9.0,8.0,7.0,9.0,8.0,6.0,8.0,7.0,9.0,8.0,7.0,7.0,9.0
8.0,9.0,8.0,9.0,8.0,9.0,10.0,8.0,8.0,8.0,7.0,8.0,8.0,9.0,7.0,9.0,9.0,8.0,8.0,9.0,8.0,8.0,8.0,10.0,8.0,7.0,8.0,8.0,9.0,8.0,7.0,7.0,8.0
7.0,8.0,7.0,8.0,8.0,7.0,6.0,8.0,8.0,8.0,7.0,8.0,8.0,7.0,7.0,7.0,7.0,6.0,6.0,9.0,8.0,8.0,7.0,9.0,6.0,8.0,6.0,8.0,8.0,7.0,6.0,6.0,8.0
6.0,6.0,7.0,5.0,6.0,6.0,7.0,8.0,7.0,6.0,4.0,6.0,5.0,7.0,5.0,7.0,8.0,6.0,6.0,7.0,7.0,7.0,7.0,10.0,6.0,6.0,6.0,6.0,7.0,6.0,6.0,6.0,7.0
6.0,6.0,7.0,6.0,6.0,6.0,7.0,8.0,7.0,7.0,5.0,6.0,6.0,6.0,5.0,6.0,6.0,6.0,6.0,7.0,7.0,7.0,7.0,8.0,6.0,6.0,6.0,6.0,7.0,7.0,6.0,6.0,7.0
6.0,6.0,7.0,6.0,8.0,8.0,7.0,8.0,9.0,7.0,7.0,8.0,7.0,6.0,7.0,6.0,6.0,6.0,6.0,7.0,8.0,9.0,7.0,9.0,6.0,6.0,6.0,7.0,7.0,8.0,6.0,6.0,8.0
6.0,6.0,5.0,7.0,6.0,7.0,7.0,5.0,6.0,6.0,5.0,5.0,6.0,6.0,6.0,6.0,7.0,5.0,7.0,6.0,8.0,6.0,6.0,7.0,5.0,6.0,4.0,6.0,7.0,7.0,6.0,6.0,7.0
6.0,6.0,7.0,6.0,6.0,8.0,7.0,8.0,8.0,7.0,5.0,6.0,6.0,6.0,5.0,6.0,7.0,6.0,6.0,7.0,6.0,8.0,7.0,8.0,6.0,6.0,6.0,5.0,7.0,6.0,6.0,6.0,7.0
6.0,6.0,7.0,7.0,8.0,7.0,7.0,8.0,7.0,6.0,6.0,8.0,6.0,7.0,7.0,7.0,8.0,6.0,6.0,6.0,7.0,7.0,7.0,8.0,6.0,6.0,6.0,6.0,9.0,7.0,7.0,7.0,8.0
6.0,6.0,7.0,6.0,6.0,7.0,6.0,8.0,8.0,7.0,5.0,6.0,6.0,5.0,5.0,5.0,6.0,6.0,6.0,7.0,6.0,8.0,7.0,8.0,6.0,6.0,6.0,6.0,7.0,6.0,6.0,6.0,7.0
8.0,7.0,8.0,9.0,8.0,9.0,9.0,8.0,9.0,10.0,7.0,8.0,8.0,9.0,7.0,9.0,9.0,8.0,8.0,8.0,9.0,9.0,8.0,10.0,8.0,9.0,8.0,7.0,10.0,10.0,7.0,7.0,8.0
6.0,6.0,7.0,6.0,8.0,7.0,7.0,8.0,7.0,7.0,7.0,8.0,7.0,7.0,7.0,7.0,7.0,6.0,6.0,7.0,8.0,7.0,7.0,9.0,6.0,6.0,6.0,7.0,7.0,7.0,6.0,6.0,8.0
6.0,5.0,7.0,6.0,6.0,6.0,5.0,8.0,8.0,5.0,6.0,6.0,6.0,6.0,5.0,6.0,5.0,6.0,6.0,6.0,8.0,8.0,7.0,7.0,6.0,6.0,6.0,6.0,6.0,8.0,6.0,6.0,7.0
6.0,6.0,6.0,7.0,6.0,6.0,8.0,7.0,7.0,6.0,4.0,6.0,5.0,8.0,6.0,8.0,7.0,8.0,6.0,6.0,6.0,7.0,6.0,8.0,7.0,6.0,7.0,6.0,7.0,7.0,5.0,5.0,7.0
6.0,7.0,7.0,6.0,6.0,7.0,6.0,8.0,8.0,7.0,6.0,6.0,6.0,6.0,5.0,6.0,5.0,6.0,6.0,8.0,7.0,8.0,7.0,8.0,6.0,7.0,6.0,6.0,7.0,6.0,6.0,6.0,7.0
6.0,8.0,6.0,7.0,6.0,8.0,8.0,8.0,7.0,6.0,6.0,6.0,5.0,8.0,6.0,8.0,8.0,6.0,7.0,7.0,6.0,7.0,7.0,9.0,7.0,6.0,6.0,6.0,9.0,7.0,7.0,7.0,8.0
6.0,6.0,6.0,7.0,6.0,7.0,6.0,8.0,8.0,6.0,6.0,7.0,6.0,6.0,4.0,6.0,7.0,6.0,6.0,7.0,7.0,8.0,8.0,8.0,7.0,6.0,7.0,6.0,6.0,6.0,6.0,6.0,6.0
7.0,8.0,8.0,8.0,8.0,9.0,9.0,8.0,10.0,8.0,7.0,8.0,7.0,8.0,7.0,8.0,8.0,8.0,8.0,8.0,9.0,10.0,8.0,9.0,8.0,8.0,8.0,9.0,8.0,8.0,7.0,7.0,8.0
6.0,6.0,7.0,6.0,6.0,7.0,5.0,8.0,6.0,7.0,5.0,6.0,6.0,6.0,5.0,6.0,6.0,6.0,6.0,7.0,6.0,6.0,7.0,8.0,6.0,6.0,6.0,5.0,7.0,7.0,6.0,6.0,7.0
8.0,8.0,10.0,9.0,9.0,9.0,9.0,10.0,9.0,9.0,8.0,9.0,8.0,9.0,9.0,9.0,9.0,9.0,8.0,9.0,9.0,9.0,8.0,10.0,9.0,9.0,9.0,9.0,10.0,9.0,7.0,7.0,10.0
7.0,6.0,7.0,6.0,8.0,6.0,6.0,8.0,8.0,7.0,6.0,8.0,7.0,7.0,7.0,7.0,6.0,6.0,6.0,8.0,10.0,8.0,7.0,10.0,6.0,7.0,6.0,8.0,8.0,7.0,8.0,8.0,8.0
6.0,6.0,7.0,6.0,8.0,7.0,5.0,8.0,9.0,7.0,7.0,8.0,7.0,6.0,7.0,6.0,5.0,6.0,6.0,7.0,9.0,9.0,7.0,9.0,6.0,6.0,6.0,7.0,7.0,8.0,6.0,6.0,8.0
6.0,6.0,7.0,6.0,6.0,6.0,7.0,8.0,5.0,7.0,5.0,6.0,6.0,7.0,5.0,7.0,7.0,6.0,6.0,7.0,6.0,5.0,7.0,8.0,6.0,6.0,6.0,6.0,7.0,7.0,6.0,6.0,7.0
6.0,6.0,7.0,6.0,6.0,7.0,7.0,8.0,7.0,7.0,5.0,6.0,6.0,6.0,5.0,6.0,6.0,6.0,6.0,7.0,7.0,7.0,7.0,8.0,6.0,6.0,6.0,7.0,7.0,5.0,6.0,6.0,7.0
6.0,6.0,7.0,6.0,6.0,7.0,6.0,8.0,7.0,7.0,5.0,6.0,6.0,8.0,5.0,8.0,6.0,6.0,6.0,7.0,8.0,7.0,7.0,8.0,6.0,6.0,6.0,5.0,7.0,9.0,6.0,6.0,7.0
6.0,6.0,8.0,8.0,8.0,9.0,7.0,8.0,9.0,7.0,8.0,8.0,6.0,8.0,7.0,8.0,8.0,8.0,8.0,7.0,9.0,9.0,8.0,9.0,8.0,7.0,8.0,7.0,9.0,10.0,8.0,8.0,8.0
6.0,5.0,7.0,6.0,6.0,6.0,6.0,8.0,6.0,7.0,5.0,6.0,5.0,6.0,5.0,6.0,6.0,6.0,6.0,6.0,8.0,6.0,7.0,8.0,6.0,6.0,6.0,7.0,6.0,7.0,6.0,6.0,7.0
7.0,6.0,7.0,7.0,8.0,7.0,7.0,7.0,7.0,6.0,6.0,5.0,5.0,7.0,7.0,7.0,8.0,7.0,6.0,6.0,9.0,7.0,7.0,9.0,6.0,5.0,7.0,6.0,8.0,8.0,7.0,7.0,8.0
9.0,8.0,8.0,8.0,10.0,8.0,8.0,9.0,8.0,7.0,7.0,7.0,7.0,9.0,8.0,9.0,10.0,8.0,8.0,7.0,9.0,8.0,7.0,9.0,8.0,6.0,8.0,8.0,8.0,9.0,8.0,8.0,10.0
5.0,6.0,7.0,7.0,6.0,7.0,6.0,8.0,6.0,6.0,6.0,6.0,5.0,7.0,5.0,7.0,7.0,6.0,6.0,6.0,6.0,6.0,6.0,7.0,6.0,6.0,6.0,6.0,8.0,7.0,6.0,6.0,8.0
7.0,7.0,7.0,7.0,8.0,8.0,7.0,8.0,8.0,9.0,6.0,8.0,8.0,7.0,7.0,7.0,6.0,6.0,6.0,9.0,8.0,8.0,7.0,9.0,6.0,8.0,6.0,9.0,8.0,8.0,8.0,8.0,8.0
6.0,6.0,7.0,6.0,6.0,6.0,5.0,8.0,7.0,7.0,5.0,6.0,6.0,5.0,5.0,5.0,5.0,6.0,6.0,7.0,8.0,7.0,7.0,8.0,6.0,6.0,6.0,7.0,7.0,7.0,6.0,6.0,7.0
8.0,7.0,9.0,8.0,9.0,8.0,6.0,8.0,10.0,8.0,7.0,9.0,9.0,8.0,7.0,8.0,7.0,7.0,8.0,8.0,10.0,10.0,10.0,10.0,8.0,8.0,7.0,8.0,8.0,8.0,8.0,8.0,7.0
6.0,6.0,7.0,6.0,8.0,8.0,7.0,8.0,7.0,7.0,7.0,8.0,7.0,7.0,7.0,7.0,7.0,6.0,6.0,7.0,7.0,7.0,7.0,9.0,6.0,6.0,6.0,6.0,7.0,7.0,6.0,6.0,8.0
8.0,8.0,8.0,8.0,8.0,9.0,9.0,8.0,9.0,9.0,7.0,8.0,8.0,7.0,7.0,7.0,9.0,8.0,8.0,9.0,7.0,9.0,8.0,10.0,8.0,8.0,8.0,9.0,9.0,7.0,8.0,8.0,8.0
6.0,7.0,7.0,6.0,7.0,7.0,7.0,9.0,7.0,7.0,4.0,7.0,6.0,7.0,7.0,7.0,6.0,7.0,6.0,6.0,7.0,7.0,5.0,9.0,6.0,6.0,8.0,6.0,7.0,7.0,5.0,5.0,7.0
6.0,6.0,7.0,6.0,6.0,7.0,6.0,8.0,6.0,7.0,5.0,6.0,6.0,6.0,5.0,6.0,8.0,6.0,6.0,7.0,7.0,6.0,7.0,8.0,6.0,6.0,6.0,7.0,7.0,6.0,6.0,6.0,7.0
6.0,6.0,7.0,6.0,8.0,7.0,5.0,8.0,9.0,7.0,7.0,8.0,7.0,7.0,7.0,7.0,5.0,6.0,6.0,7.0,9.0,9.0,7.0,9.0,6.0,6.0,6.0,6.0,7.0,8.0,6.0,6.0,8.0
6.0,6.0,7.0,6.0,6.0,7.0,5.0,8.0,8.0,6.0,6.0,6.0,6.0,5.0,5.0,5.0,5.0,6.0,6.0,7.0,8.0,8.0,7.0,7.0,6.0,7.0,6.0,7.0,7.0,7.0,7.0,7.0,7.0
7.0,8.0,8.0,8.0,8.0,7.0,7.0,8.0,9.0,8.0,7.0,8.0,7.0,7.0,7.0,7.0,7.0,8.0,8.0,8.0,10.0,9.0,8.0,9.0,8.0,8.0,8.0,8.0,8.0,9.0,7.0,7.0,8.0
6.0,6.0,7.0,6.0,8.0,8.0,7.0,8.0,6.0,7.0,7.0,8.0,7.0,7.0,7.0,7.0,8.0,6.0,6.0,7.0,6.0,6.0,7.0,9.0,6.0,6.0,6.0,7.0,7.0,7.0,6.0,6.0,8.0
7.0,8.0,8.0,7.0,6.0,8.0,6.0,7.0,9.0,8.0,6.0,9.0,7.0,6.0,4.0,6.0,7.0,6.0,8.0,9.0,7.0,9.0,8.0,9.0,7.0,9.0,6.0,7.0,8.0,7.0,8.0,8.0,7.0
8.0,9.0,8.0,8.0,8.0,8.0,9.0,8.0,9.0,9.0,8.0,8.0,7.0,8.0,7.0,8.0,10.0,8.0,8.0,8.0,7.0,9.0,8.0,10.0,8.0,9.0,8.0,8.0,9.0,8.0,7.0,7.0,8.0
6.0,5.0,7.0,6.0,6.0,6.0,5.0,8.0,8.0,6.0,6.0,6.0,7.0,6.0,5.0,6.0,4.0,6.0,6.0,7.0,9.0,8.0,7.0,8.0,6.0,6.0,6.0,7.0,6.0,6.0,6.0,6.0,7.0
6.0,6.0,7.0,6.0,6.0,6.0,5.0,8.0,7.0,7.0,5.0,6.0,6.0,6.0,5.0,6.0,6.0,6.0,6.0,7.0,7.0,7.0,7.0,8.0,6.0,6.0,6.0,5.0,7.0,8.0,6.0,6.0,7.0
6.0,7.0,6.0,7.0,7.0,7.0,8.0,8.0,7.0,7.0,7.0,6.0,7.0,8.0,7.0,8.0,7.0,8.0,6.0,7.0,8.0,7.0,7.0,9.0,7.0,7.0,6.0,6.0,8.0,7.0,6.0,6.0,8.0
6.0,7.0,7.0,6.0,6.0,6.0,6.0,8.0,8.0,7.0,5.0,6.0,6.0,6.0,5.0,6.0,6.0,6.0,6.0,7.0,8.0,8.0,7.0,9.0,6.0,6.0,6.0,7.0,6.0,7.0,6.0,6.0,7.0
6.0,6.0,7.0,6.0,8.0,7.0,7.0,8.0,6.0,5.0,6.0,8.0,5.0,7.0,7.0,7.0,7.0,6.0,6.0,6.0,9.0,6.0,7.0,9.0,6.0,5.0,6.0,6.0,9.0,8.0,7.0,7.0,8.0
7.0,8.0,8.0,8.0,8.0,8.0,7.0,8.0,8.0,8.0,7.0,8.0,7.0,7.0,7.0,7.0,9.0,8.0,8.0,8.0,9.0,8.0,8.0,9.0,8.0,8.0,8.0,7.0,8.0,9.0,7.0,7.0,8.0
6.0,6.0,7.0,6.0,8.0,7.0,6.0,8.0,8.0,7.0,7.0,8.0,7.0,7.0,7.0,7.0,7.0,6.0,6.0,7.0,8.0,8.0,7.0,9.0,6.0,6.0,6.0,7.0,7.0,8.0,6.0,6.0,8.0
6.0,6.0,7.0,6.0,8.0,8.0,7.0,8.0,9.0,7.0,7.0,8.0,7.0,8.0,7.0,8.0,6.0,6.0,6.0,7.0,9.0,9.0,7.0,9.0,6.0,6.0,6.0,8.0,7.0,7.0,6.0,6.0,8.0
